address_id,address,gt_address_1,pred_address_1,gt_split_index,predicted_split_index,token_sequence_ratio,fuzzy_ratio,verdict,review_reason
5000,"Sector 51, Post Shivpur, Unit 116, 186, Nagpur","Sector 51, Post Shivpur, Unit 116, 186",Sector 51,4,1,0.4444444444444444,31.6,REVIEW,low_plausibility_and_reference_disagrees
2,"Shop 23, 75, 127, 75, 122003",Shop 23,"Shop 23, 75, 127, 75",1,4,0.5714285714285714,44.8,REVIEW,low_plausibility_and_reference_disagrees
4998,"Krishna Colony, Post Rampur, Unit 70, 112, 751499","Krishna Colony, Post Rampur",Krishna Colony,2,1,0.6666666666666666,71.3,REVIEW,low_plausibility_and_reference_disagrees
4,"Plot 77, 149, 153, 149, Jaipur","Plot 77, 149, 153","Plot 77, 149, 153, 149",3,4,0.8888888888888888,76.5,ACCEPT,
5,"Unit 116, 186, 166, 186, Uttar Pradesh",Unit 116,"Unit 116, 186, 166, 186",1,4,0.5714285714285714,53.1,ACCEPT,
4982,"Near, Shivpur, Unit 701, 519, 122483","Near, Shivpur",Near,2,1,0.6666666666666666,63.3,ACCEPT,
4981,"Business Park 2, Lakshmipur, Unit 678, 482, Delhi","Business Park 2, Lakshmipur",Business Park 2,2,1,0.8571428571428571,73.5,REVIEW,low_plausibility_and_reference_disagrees
4980,"Industrial Area 1, Rampur, Unit 655, 445, Nagpur","Industrial Area 1, Rampur, Unit 655",Industrial Area 1,3,1,0.6666666666666666,58.8,ACCEPT,
4979,"Campus 20, Madhopur, Unit 632, 408, District 30","Campus 20, Madhopur, Unit 632, 408",Campus 20,4,1,0.5,41.6,ACCEPT,
4978,"Wing C, Kalyanpur, Unit 609, 371, 751479","Wing C, Kalyanpur, Unit 609, 371",Wing C,4,1,0.5,29.3,ACCEPT,
4977,"Building 18, Rajapur, Unit 586, 334, Bihar","Building 18, Rajapur",Building 18,2,1,0.8,75.1,ACCEPT,
4976,"Near, Shivpur, Unit 563, 297, Kochi","Near, Shivpur, Unit 563",Near,3,1,0.4,39.4,ACCEPT,
4975,"452476, Lakshmipur, Unit 540, 260, District 26","452476, Lakshmipur, Unit 540, 260",452476,4,1,0.3333333333333333,35.4,ACCEPT,
4974,"Madhya Pradesh, Rampur, Unit 517, 223, 462475","Madhya Pradesh, Rampur, Unit 517",Madhya Pradesh,3,1,0.5714285714285714,56.4,REVIEW,low_plausibility_and_reference_disagrees
4973,"Chandigarh, Madhopur, Unit 494, 186, Chandigarh","Chandigarh, Madhopur, Unit 494, 186",Chandigarh,4,1,0.3333333333333333,41.7,REVIEW,low_plausibility_and_reference_disagrees
4972,"District 23, Kalyanpur, Unit 471, 149, Kolkata","District 23, Kalyanpur, Unit 471",District 23,3,1,0.5714285714285714,51.0,ACCEPT,
4970,"Post Shivpur, Shivpur, Unit 425, 75, 600471","Post Shivpur, Shivpur",Post Shivpur,2,1,0.8,76.0,REVIEW,low_plausibility_and_reference_disagrees
4969,"Main Bazaar, Lakshmipur, Unit 402, 38, Hyderabad","Main Bazaar, Lakshmipur, Unit 402, 38",Main Bazaar,4,1,0.5,40.7,ACCEPT,
4968,"Central Mall, Rampur, Unit 379, 1, District 19","Central Mall, Rampur, Unit 379",Central Mall,3,1,0.5714285714285714,57.3,ACCEPT,
4967,"Sector 18, Madhopur, Unit 356, 963, 400468","Sector 18, Madhopur, Unit 356",Sector 18,3,1,0.5714285714285714,48.6,REVIEW,low_plausibility_and_reference_disagrees
38,"Unit 875, Shop 419, 595, 408, Odisha",Unit 875,"Unit 875, Shop 419, 595, 408",1,4,0.5,37.7,ACCEPT,
35,"556, Shop 386, 556, 297, Madhya Pradesh","556, Shop 386, 556","556, Shop 386, 556, 297",3,4,0.8888888888888888,84.7,ACCEPT,
34,"260, Shop 375, 543, 260, Bhopal","260, Shop 375, 543","260, Shop 375, 543, 260",3,4,0.8888888888888888,76.8,ACCEPT,
32,"Near, 186, 517, 186, Kolkata","Near, 186, 517","Near, 186, 517, 186",3,4,0.8571428571428571,77.1,ACCEPT,
30,"Industrial Area 1, 112, 491, 112, 600031","Industrial Area 1, 112, 491","Industrial Area 1, 112, 491, 112",3,4,0.9090909090909091,78.6,REVIEW,low_plausibility_and_reference_disagrees
29,"Campus 10, 75, 478, 75, Telangana","Campus 10, 75","Campus 10, 75, 478, 75",2,4,0.75,66.9,ACCEPT,
28,"Wing E, 38, 465, 38, Bengaluru","Wing E, 38","Wing E, 38, 465, 38",2,4,0.75,64.4,ACCEPT,
26,"Behind, 963, 439, 963, 411027","Behind, 963","Behind, 963, 439, 963",2,4,0.6666666666666666,58.3,REVIEW,low_plausibility_and_reference_disagrees
25,"226026, 926, 426, 926, Uttar Pradesh","226026, 926, 426","226026, 926, 426, 926",3,4,0.8571428571428571,83.5,ACCEPT,
24,"Rajasthan, 889, 413, 889, Jaipur","Rajasthan, 889, 413","Rajasthan, 889, 413, 889",3,4,0.8571428571428571,77.1,ACCEPT,
54,"Tehsil 5, Shop 96, 803, 1, Madhya Pradesh","Tehsil 5, Shop 96, 803","Tehsil 5, Shop 96, 803, 1",3,4,0.9090909090909091,89.9,ACCEPT,
50,"Metro Station, Shop 52, 751, 852, Tamil Nadu",Metro Station,"Metro Station, Shop 52, 751, 852",1,4,0.5,50.9,ACCEPT,
49,"Sector 50, Shop 41, 738, 815, Hyderabad","Sector 50, Shop 41, 738","Sector 50, Shop 41, 738, 815",3,4,0.9090909090909091,82.1,ACCEPT,
47,"Saket Extension, Shop 19, 712, 741, 400048","Saket Extension, Shop 19","Saket Extension, Shop 19, 712, 741",2,4,0.8,65.3,REVIEW,low_plausibility_and_reference_disagrees
46,"Gali 17, Shop 8, 699, 704, Maharashtra",Gali 17,"Gali 17, Shop 8, 699, 704",1,4,0.5,45.6,ACCEPT,
45,"Park Road, Shop 496, 686, 667, Lucknow","Park Road, Shop 496, 686","Park Road, Shop 496, 686, 667",3,4,0.9090909090909091,79.8,ACCEPT,
43,"Royal Enclave, Shop 474, 660, 593, 201344","Royal Enclave, Shop 474, 660","Royal Enclave, Shop 474, 660, 593",3,4,0.9090909090909091,78.8,REVIEW,low_plausibility_and_reference_disagrees
70,"Plot 332, Office 392, 112, 593, 600071","Plot 332, Office 392, 112","Plot 332, Office 392, 112, 593",3,4,0.9090909090909091,78.3,REVIEW,low_plausibility_and_reference_disagrees
67,"482, Office 341, 972, 482, 400068","482, Office 341, 972","482, Office 341, 972, 482",3,4,0.8888888888888888,77.3,REVIEW,low_plausibility_and_reference_disagrees
66,"Opposite, Shop 228, 959, 445, Maharashtra","Opposite, Shop 228","Opposite, Shop 228, 959, 445",2,4,0.75,70.4,ACCEPT,
65,"Near, Shop 217, 946, 408, Lucknow","Near, Shop 217, 946","Near, Shop 217, 946, 408",3,4,0.8888888888888888,78.8,ACCEPT,
63,"Industrial Area 4, Shop 195, 920, 334, 201364",Industrial Area 4,"Industrial Area 4, Shop 195, 920, 334",1,4,0.6,47.0,REVIEW,low_plausibility_and_reference_disagrees
62,"Campus 3, Shop 184, 907, 297, Haryana","Campus 3, Shop 184","Campus 3, Shop 184, 907, 297",2,4,0.8,64.9,ACCEPT,
57,"Bihar, Shop 129, 842, 112, Patna",Bihar,"Bihar, Shop 129, 842, 112",1,4,0.3333333333333333,30.3,ACCEPT,
55,"District 56, Shop 107, 816, 38, 452056","District 56, Shop 107, 816","District 56, Shop 107, 816, 38",3,4,0.9090909090909091,81.2,REVIEW,low_plausibility_and_reference_disagrees
4966,"Ashok Vihar, Kalyanpur, Unit 333, 926, Maharashtra","Ashok Vihar, Kalyanpur, Unit 333",Ashok Vihar,3,1,0.5714285714285714,54.3,REVIEW,low_plausibility_and_reference_disagrees
4965,"Vijay Nagar, Rajapur, Unit 310, 889, Lucknow","Vijay Nagar, Rajapur, Unit 310",Vijay Nagar,3,1,0.5714285714285714,53.2,REVIEW,low_plausibility_and_reference_disagrees
4964,"Gali 15, Shivpur, Unit 287, 852, District 15","Gali 15, Shivpur, Unit 287",Gali 15,3,1,0.5714285714285714,50.9,ACCEPT,
4963,"Gandhi Marg, Lakshmipur, Unit 264, 815, 201764","Gandhi Marg, Lakshmipur, Unit 264",Gandhi Marg,3,1,0.5714285714285714,48.9,ACCEPT,
4962,"Nehru Street, Rampur, Unit 241, 778, Haryana","Nehru Street, Rampur, Unit 241",Nehru Street,3,1,0.5714285714285714,55.5,ACCEPT,
4960,"Phase 5, Kalyanpur, Unit 195, 704, District 11","Phase 5, Kalyanpur",Phase 5,2,1,0.8,68.1,ACCEPT,
4959,"Block H, Rajapur, Unit 172, 667, 248460","Block H, Rajapur, Unit 172",Block H,3,1,0.5714285714285714,46.7,ACCEPT,
4957,"18th Floor, Lakshmipur, Unit 126, 593, Patna","18th Floor, Lakshmipur",18th Floor,2,1,0.8,68.9,ACCEPT,
4956,"Unit 103, Rampur, Unit 103, 556, District 7","Unit 103, Rampur",Unit 103,2,1,0.8,74.9,ACCEPT,
4954,"Office 712, Kalyanpur, Unit 57, 482, Madhya Pradesh","Office 712, Kalyanpur, Unit 57",Office 712,3,1,0.5714285714285714,56.1,ACCEPT,
4953,"Shop 93, Rajapur, Unit 34, 445, Chandigarh","Shop 93, Rajapur, Unit 34",Shop 93,3,1,0.5714285714285714,51.4,ACCEPT,
4952,"648, Shivpur, Unit 11, 408, District 3","648, Shivpur, Unit 11",648,3,1,0.4,42.3,ACCEPT,
4951,"371, Lakshmipur, Unit 987, 371, 380452","371, Lakshmipur, Unit 987",371,3,1,0.4,35.0,ACCEPT,
86,"Post Shivpur, Office 664, 320, 186, 411087","Post Shivpur, Office 664","Post Shivpur, Office 664, 320, 186",2,4,0.8,65.3,REVIEW,low_plausibility_and_reference_disagrees
85,"Lakshmipur, Office 647, 307, 149, Uttar Pradesh","Lakshmipur, Office 647, 307","Lakshmipur, Office 647, 307, 149",3,4,0.8888888888888888,85.9,ACCEPT,
84,"Main Bazaar, Office 630, 294, 112, Jaipur",Main Bazaar,"Main Bazaar, Office 630, 294, 112",1,4,0.5,39.6,ACCEPT,
82,"Sector 83, Office 596, 268, 38, 122083","Sector 83, Office 596","Sector 83, Office 596, 268, 38",2,4,0.8,66.1,REVIEW,low_plausibility_and_reference_disagrees
80,"Shanti Nagar, Office 562, 242, 963, Nagpur","Shanti Nagar, Office 562, 242","Shanti Nagar, Office 562, 242, 963",3,4,0.9090909090909091,78.9,ACCEPT,
78,"Airport Road, Office 528, 216, 889, 751079","Airport Road, Office 528, 216","Airport Road, Office 528, 216, 889",3,4,0.9090909090909091,78.9,REVIEW,low_plausibility_and_reference_disagrees
76,"Sunrise Towers, Office 494, 190, 815, Kochi","Sunrise Towers, Office 494","Sunrise Towers, Office 494, 190, 815",2,4,0.8,63.6,ACCEPT,
74,"Block C, Office 460, 164, 741, 462075","Block C, Office 460, 164","Block C, Office 460, 164, 741",3,4,0.9090909090909091,78.2,REVIEW,low_plausibility_and_reference_disagrees
72,"13th Floor, Office 426, 138, 667, Kolkata",13th Floor,"13th Floor, Office 426, 138, 667",1,4,0.5,40.2,ACCEPT,
102,"Shop 125, Plot 940, 528, 778, 122103",Shop 125,"Shop 125, Plot 940, 528, 778",1,4,0.5,37.7,REVIEW,low_plausibility_and_reference_disagrees
100,"704, Plot 902, 502, 704, Nagpur",704,"704, Plot 902, 502, 704",1,4,0.3333333333333333,27.5,ACCEPT,
98,"Near, Office 868, 476, 630, 751099","Near, Office 868, 476","Near, Office 868, 476, 630",3,4,0.8888888888888888,77.6,REVIEW,low_plausibility_and_reference_disagrees
96,"Industrial Area 7, Office 834, 450, 556, Kochi","Industrial Area 7, Office 834","Industrial Area 7, Office 834, 450, 556",2,4,0.8333333333333334,64.4,ACCEPT,
94,"Wing G, Office 800, 424, 482, 462095","Wing G, Office 800, 424","Wing G, Office 800, 424, 482",3,4,0.9090909090909091,78.0,REVIEW,low_plausibility_and_reference_disagrees
92,"Near, Office 766, 398, 408, Kolkata",Near,"Near, Office 766, 398, 408",1,4,0.3333333333333333,30.1,ACCEPT,
89,"Hyderabad, Office 715, 359, 297, Telangana","Hyderabad, Office 715, 359","Hyderabad, Office 715, 359, 297",3,4,0.8888888888888888,82.7,ACCEPT,
88,"District 14, Office 698, 346, 260, Bengaluru","District 14, Office 698","District 14, Office 698, 346, 260",2,4,0.8,70.0,ACCEPT,
117,"New Market, Plot 226, 723, 334, 800118","New Market, Plot 226","New Market, Plot 226, 723, 334",2,4,0.8,63.9,REVIEW,low_plausibility_and_reference_disagrees
116,"District Court, Plot 207, 710, 297, Kerala",District Court,"District Court, Plot 207, 710, 297",1,4,0.5,44.6,ACCEPT,
115,"Sector 17, Plot 188, 697, 260, Indore","Sector 17, Plot 188","Sector 17, Plot 188, 697, 260",2,4,0.8,63.5,ACCEPT,
112,"Gali 23, Plot 131, 658, 149, West Bengal","Gali 23, Plot 131, 658","Gali 23, Plot 131, 658, 149",3,4,0.9090909090909091,83.7,ACCEPT,
111,"Station Road, Plot 112, 645, 112, Ahmedabad","Station Road, Plot 112, 645","Station Road, Plot 112, 645, 112",3,4,0.9090909090909091,82.8,ACCEPT,
109,"Lake View Homes, Plot 74, 619, 38, 500110","Lake View Homes, Plot 74","Lake View Homes, Plot 74, 619, 38",2,4,0.8333333333333334,67.1,REVIEW,low_plausibility_and_reference_disagrees
108,"Phase 1, Plot 55, 606, 1, Karnataka",Phase 1,"Phase 1, Plot 55, 606, 1",1,4,0.5,44.3,ACCEPT,
107,"Block D, Plot 36, 593, 963, Mumbai","Block D, Plot 36, 593","Block D, Plot 36, 593, 963",3,4,0.9090909090909091,77.6,ACCEPT,
105,"6th Floor, Plot 997, 567, 889, 226106","6th Floor, Plot 997","6th Floor, Plot 997, 567, 889",2,4,0.8,63.5,REVIEW,low_plausibility_and_reference_disagrees
104,"Unit 395, Plot 978, 554, 852, Rajasthan",Unit 395,"Unit 395, Plot 978, 554, 852",1,4,0.5,42.5,ACCEPT,
4950,"Opposite, Sadar Market, Unit 964, 334, Tamil Nadu","Opposite, Sadar Market","Opposite, Sadar Market, Unit 964, 334",2,4,0.6666666666666666,63.5,ACCEPT,
4949,"Near, Main Bazaar, Unit 941, 297, Hyderabad","Near, Main Bazaar","Near, Main Bazaar, Unit 941, 297",2,4,0.6666666666666666,59.7,ACCEPT,
4947,"Industrial Area 13, New Market, Unit 895, 223, 400448","Industrial Area 13, New Market","Industrial Area 13, New Market, Unit 895, 223",2,4,0.7692307692307693,59.9,REVIEW,low_plausibility_and_reference_disagrees
4946,"Campus 7, Gandhi Market, Unit 872, 186, Maharashtra","Campus 7, Gandhi Market, Unit 872","Campus 7, Gandhi Market, Unit 872, 186",3,4,0.9230769230769231,85.3,ACCEPT,
4945,"Wing B, Sadar Market, Unit 849, 149, Lucknow","Wing B, Sadar Market","Wing B, Sadar Market, Unit 849, 149",2,4,0.7272727272727273,58.2,ACCEPT,
4942,"122443, New Market, Unit 780, 38, Haryana","122443, New Market, Unit 780","122443, New Market, Unit 780, 38",3,4,0.9090909090909091,83.0,ACCEPT,
4938,"Tehsil 39, City Centre, Unit 688, 889, Odisha",Tehsil 39,"Tehsil 39, City Centre, Unit 688, 889",1,4,0.4444444444444444,32.3,ACCEPT,
4937,"Post Madhopur, New Market, Unit 665, 852, Patna",Post Madhopur,"Post Madhopur, New Market, Unit 665, 852",1,4,0.4444444444444444,35.7,ACCEPT,
4935,"City Library, Sadar Market, Unit 619, 778, Madhya Pradesh","City Library, Sadar Market, Unit 619","City Library, Sadar Market, Unit 619, 778",3,4,0.9230769230769231,87.5,ACCEPT,
132,"Opposite, Plot 511, 918, 889, West Bengal","Opposite, Plot 511, 918","Opposite, Plot 511, 918, 889",3,4,0.8888888888888888,83.9,ACCEPT,
129,"Industrial Area 10, Plot 454, 879, 778, 500130","Industrial Area 10, Plot 454","Industrial Area 10, Plot 454, 879, 778",2,4,0.8333333333333334,66.4,REVIEW,low_plausibility_and_reference_disagrees
128,"Campus 9, Plot 435, 866, 741, Karnataka","Campus 9, Plot 435, 866","Campus 9, Plot 435, 866, 741",3,4,0.9090909090909091,82.1,ACCEPT,
127,"Wing H, Plot 416, 853, 704, Mumbai","Wing H, Plot 416, 853","Wing H, Plot 416, 853, 704",3,4,0.9090909090909091,77.6,ACCEPT,
124,"302125, Plot 359, 814, 593, Rajasthan","302125, Plot 359, 814","302125, Plot 359, 814, 593",3,4,0.8888888888888888,81.7,ACCEPT,
123,"Uttar Pradesh, Plot 340, 801, 556, Noida","Uttar Pradesh, Plot 340, 801","Uttar Pradesh, Plot 340, 801, 556",3,4,0.9090909090909091,76.7,ACCEPT,
121,"District 47, Plot 302, 775, 482, 110122","District 47, Plot 302","District 47, Plot 302, 775, 482",2,4,0.8,64.3,REVIEW,low_plausibility_and_reference_disagrees
120,"Tehsil 21, Plot 283, 762, 445, Maharashtra","Tehsil 21, Plot 283","Tehsil 21, Plot 283, 762, 445",2,4,0.8,70.8,ACCEPT,
119,"Post Madhopur, Plot 264, 749, 408, Dehradun",Post Madhopur,"Post Madhopur, Plot 264, 749, 408",1,4,0.5,47.0,ACCEPT,
150,"Sadar Market, Unit 454, 253, 556, Chennai","Sadar Market, Unit 454","Sadar Market, Unit 454, 253, 556",2,4,0.8,66.6,ACCEPT,
148,"Sector 50, Unit 408, 227, 482, 560149","Sector 50, Unit 408","Sector 50, Unit 408, 227, 482",2,4,0.8,63.5,REVIEW,low_plausibility_and_reference_disagrees
147,"Saket Extension, Unit 385, 214, 445, Maharashtra","Saket Extension, Unit 385, 214","Saket Extension, Unit 385, 214, 445",3,4,0.9090909090909091,85.0,ACCEPT,
146,"Ashok Vihar, Unit 362, 201, 408, Pune","Ashok Vihar, Unit 362, 201","Ashok Vihar, Unit 362, 201, 408",3,4,0.9090909090909091,73.7,ACCEPT,
144,"Ring Road, Unit 316, 175, 334, 302145","Ring Road, Unit 316","Ring Road, Unit 316, 175, 334",2,4,0.8,63.5,REVIEW,low_plausibility_and_reference_disagrees
142,"Pearl Residency, Unit 270, 149, 260, Gurugram","Pearl Residency, Unit 270, 149","Pearl Residency, Unit 270, 149, 260",3,4,0.9090909090909091,82.1,ACCEPT,
140,"Block E, Unit 224, 123, 186, 440141","Block E, Unit 224, 123","Block E, Unit 224, 123, 186",3,4,0.9090909090909091,77.8,REVIEW,low_plausibility_and_reference_disagrees
139,"Tower D, Unit 201, 110, 149, Uttarakhand","Tower D, Unit 201, 110","Tower D, Unit 201, 110, 149",3,4,0.9090909090909091,83.7,ACCEPT,
138,"19th Floor, Unit 178, 996, 112, Bhubaneswar","19th Floor, Unit 178, 996","19th Floor, Unit 178, 996, 112",3,4,0.9090909090909091,84.3,ACCEPT,
137,"Plot 606, Unit 155, 983, 75, 800138","Plot 606, Unit 155, 983","Plot 606, Unit 155, 983, 75",3,4,0.9090909090909091,80.7,REVIEW,low_plausibility_and_reference_disagrees
136,"Office 615, Unit 132, 970, 38, Kerala","Office 615, Unit 132, 970","Office 615, Unit 132, 970, 38",3,4,0.9090909090909091,81.1,ACCEPT,
135,"Shop 488, Unit 109, 957, 1, Indore","Shop 488, Unit 109, 957","Shop 488, Unit 109, 957, 1",3,4,0.9090909090909091,83.8,ACCEPT,
166,"149, 7th Floor, 461, 149, Pune",149,"149, 7th Floor, 461, 149",1,4,0.3333333333333333,22.5,ACCEPT,
164,"Near, Unit 776, 435, 75, 302165","Near, Unit 776","Near, Unit 776, 435, 75",2,4,0.75,62.7,REVIEW,low_plausibility_and_reference_disagrees
163,"Business Park 14, Unit 753, 422, 38, Uttar Pradesh","Business Park 14, Unit 753, 422","Business Park 14, Unit 753, 422, 38",3,4,0.9230769230769231,88.4,ACCEPT,
162,"Industrial Area 13, Unit 730, 409, 1, Gurugram","Industrial Area 13, Unit 730, 409","Industrial Area 13, Unit 730, 409, 1",3,4,0.9230769230769231,87.3,ACCEPT,
160,"Wing A, Unit 684, 383, 926, 440161","Wing A, Unit 684, 383","Wing A, Unit 684, 383, 926",3,4,0.9090909090909091,77.6,REVIEW,low_plausibility_and_reference_disagrees
159,"Building 80, Unit 661, 370, 889, Uttarakhand","Building 80, Unit 661, 370","Building 80, Unit 661, 370, 889",3,4,0.9090909090909091,84.4,ACCEPT,
156,"Kerala, Unit 592, 331, 778, 682157","Kerala, Unit 592","Kerala, Unit 592, 331, 778",2,4,0.75,62.0,REVIEW,low_plausibility_and_reference_disagrees
155,"Indore, Unit 569, 318, 741, Madhya Pradesh",Indore,"Indore, Unit 569, 318, 741",1,4,0.3333333333333333,44.6,ACCEPT,
154,"District 5, Unit 546, 305, 704, Bhopal","District 5, Unit 546","District 5, Unit 546, 305, 704",2,4,0.8,63.9,ACCEPT,
152,"Post Shivpur, Unit 500, 279, 630, 700153",Post Shivpur,"Post Shivpur, Unit 500, 279, 630",1,4,0.5,42.7,REVIEW,low_plausibility_and_reference_disagrees
151,"Lakshmipur, Unit 477, 266, 593, Gujarat","Lakshmipur, Unit 477, 266","Lakshmipur, Unit 477, 266, 593",3,4,0.8888888888888888,80.0,ACCEPT,
4934,"Sector 84, Main Bazaar, Unit 596, 741, Bhopal","Sector 84, Main Bazaar","Sector 84, Main Bazaar, Unit 596, 741",2,4,0.7272727272727273,57.2,ACCEPT,
4932,"Green Park, New Market, Unit 550, 667, 700433","Green Park, New Market","Green Park, New Market, Unit 550, 667",2,4,0.7272727272727273,57.2,REVIEW,low_plausibility_and_reference_disagrees
4931,"Gali 12, Gandhi Market, Unit 527, 630, Gujarat","Gali 12, Gandhi Market, Unit 527","Gali 12, Gandhi Market, Unit 527, 630",3,4,0.9230769230769231,80.9,ACCEPT,
4930,"MG Road, Sadar Market, Unit 504, 593, Chennai","MG Road, Sadar Market","MG Road, Sadar Market, Unit 504, 593",2,4,0.7272727272727273,58.6,ACCEPT,
4928,"Green Residency, City Centre, Unit 458, 519, 560429","Green Residency, City Centre","Green Residency, City Centre, Unit 458, 519",2,4,0.7272727272727273,59.4,REVIEW,low_plausibility_and_reference_disagrees
4927,"Phase 2, New Market, Unit 435, 482, Maharashtra","Phase 2, New Market","Phase 2, New Market, Unit 435, 482",2,4,0.7272727272727273,63.3,ACCEPT,
4926,"Block G, Gandhi Market, Unit 412, 445, Pune","Block G, Gandhi Market","Block G, Gandhi Market, Unit 412, 445",2,4,0.7272727272727273,52.5,ACCEPT,
4924,"5th Floor, Main Bazaar, Unit 366, 371, 302425","5th Floor, Main Bazaar","5th Floor, Main Bazaar, Unit 366, 371",2,4,0.7272727272727273,57.2,REVIEW,low_plausibility_and_reference_disagrees
4923,"Unit 343, City Centre, Unit 343, 334, Uttar Pradesh","Unit 343, City Centre","Unit 343, City Centre, Unit 343, 334",2,4,0.7272727272727273,66.3,ACCEPT,
4922,"Plot 612, New Market, Unit 320, 297, Gurugram",Plot 612,"Plot 612, New Market, Unit 320, 297",1,4,0.4444444444444444,34.8,ACCEPT,
4920,"Shop 229, Sadar Market, Unit 274, 223, 440421","Shop 229, Sadar Market, Unit 274","Shop 229, Sadar Market, Unit 274, 223",3,4,0.9230769230769231,79.3,REVIEW,low_plausibility_and_reference_disagrees
4919,"219, Main Bazaar, Unit 251, 186, Uttarakhand","219, Main Bazaar, Unit 251","219, Main Bazaar, Unit 251, 186",3,4,0.9090909090909091,84.4,ACCEPT,
179,"Rosewood Layout, 20th Floor, 630, 630, 248180","Rosewood Layout, 20th Floor, 630","Rosewood Layout, 20th Floor, 630, 630",3,4,0.9090909090909091,79.3,REVIEW,low_plausibility_and_reference_disagrees
178,"Gali 29, 19th Floor, 617, 593, Odisha",Gali 29,"Gali 29, 19th Floor, 617, 593",1,4,0.5,34.2,ACCEPT,
177,"College Road, 18th Floor, 604, 556, Patna",College Road,"College Road, 18th Floor, 604, 556",1,4,0.5,38.8,ACCEPT,
175,"Maple Heights, 16th Floor, 578, 482, 452176","Maple Heights, 16th Floor, 578","Maple Heights, 16th Floor, 578, 482",3,4,0.9090909090909091,79.0,REVIEW,low_plausibility_and_reference_disagrees
174,"Phase 1, 15th Floor, 565, 445, Madhya Pradesh","Phase 1, 15th Floor","Phase 1, 15th Floor, 565, 445",2,4,0.8,73.5,ACCEPT,
170,"Plot 234, 11th Floor, 513, 297, Chennai",Plot 234,"Plot 234, 11th Floor, 513, 297",1,4,0.5,37.5,ACCEPT,
168,"Shop 352, 9th Floor, 487, 223, 560169","Shop 352, 9th Floor, 487","Shop 352, 9th Floor, 487, 223",3,4,0.9090909090909091,78.2,REVIEW,low_plausibility_and_reference_disagrees
195,"Industrial Area 1, 16th Floor, 838, 223, 452196",Industrial Area 1,"Industrial Area 1, 16th Floor, 838, 223",1,4,0.6,45.0,REVIEW,low_plausibility_and_reference_disagrees
194,"Campus 15, 15th Floor, 825, 186, Madhya Pradesh","Campus 15, 15th Floor, 825","Campus 15, 15th Floor, 825, 186",3,4,0.9090909090909091,86.3,ACCEPT,
191,"Beside, 12th Floor, 786, 75, 380192","Beside, 12th Floor","Beside, 12th Floor, 786, 75",2,4,0.75,64.9,REVIEW,low_plausibility_and_reference_disagrees
190,"600191, 11th Floor, 773, 38, Tamil Nadu","600191, 11th Floor","600191, 11th Floor, 773, 38",2,4,0.75,71.0,ACCEPT,
189,"Telangana, 10th Floor, 760, 1, Hyderabad","Telangana, 10th Floor, 760","Telangana, 10th Floor, 760, 1",3,4,0.8888888888888888,87.6,ACCEPT,
187,"District 38, 8th Floor, 734, 926, 400188","District 38, 8th Floor, 734","District 38, 8th Floor, 734, 926",3,4,0.9090909090909091,78.6,REVIEW,low_plausibility_and_reference_disagrees
186,"Tehsil 37, 7th Floor, 721, 889, Maharashtra",Tehsil 37,"Tehsil 37, 7th Floor, 721, 889",1,4,0.5,45.3,ACCEPT,
185,"Post Madhopur, 6th Floor, 708, 852, Lucknow","Post Madhopur, 6th Floor, 708","Post Madhopur, 6th Floor, 708, 852",3,4,0.9090909090909091,80.6,ACCEPT,
4918,"149, City Centre, Unit 228, 149, Bhubaneswar","149, City Centre, Unit 228","149, City Centre, Unit 228, 149",3,4,0.9090909090909091,84.4,ACCEPT,
4915,"Business Park 11, Clock Tower, Unit 159, 38, Madhya Pradesh","Business Park 11, Clock Tower, Unit 159","Business Park 11, Clock Tower, Unit 159, 38",3,4,0.9333333333333333,89.6,ACCEPT,
4914,"Industrial Area 10, Metro Station, Unit 136, 1, Bhopal",Industrial Area 10,"Industrial Area 10, Metro Station, Unit 136, 1",1,4,0.5454545454545454,40.8,ACCEPT,
4911,"Building 32, City Library, Unit 67, 889, Gujarat","Building 32, City Library, Unit 67","Building 32, City Library, Unit 67, 889",3,4,0.9230769230769231,81.2,ACCEPT,
4910,"Behind, Municipal Park, Unit 44, 852, Chennai","Behind, Municipal Park, Unit 44","Behind, Municipal Park, Unit 44, 852",3,4,0.9090909090909091,80.8,ACCEPT,
4907,"Mumbai, Clock Tower, Unit 974, 741, Maharashtra","Mumbai, Clock Tower, Unit 974","Mumbai, Clock Tower, Unit 974, 741",3,4,0.9090909090909091,84.9,ACCEPT,
4906,"District 32, Metro Station, Unit 951, 704, Pune",District 32,"District 32, Metro Station, Unit 951, 704",1,4,0.4444444444444444,29.8,ACCEPT,
4904,"Post Shivpur, Central Mall, Unit 905, 630, 302405","Post Shivpur, Central Mall, Unit 905","Post Shivpur, Central Mall, Unit 905, 630",3,4,0.9230769230769231,79.7,REVIEW,low_plausibility_and_reference_disagrees
4903,"Lakshmipur, City Library, Unit 882, 593, Uttar Pradesh","Lakshmipur, City Library","Lakshmipur, City Library, Unit 882, 593",2,4,0.6666666666666666,67.5,ACCEPT,
214,"Sector 17, Tower G, 186, 926, 462215","Sector 17, Tower G, 186","Sector 17, Tower G, 186, 926",3,4,0.9090909090909091,78.0,REVIEW,low_plausibility_and_reference_disagrees
212,"Green Park, Tower E, 160, 852, Kolkata","Green Park, Tower E","Green Park, Tower E, 160, 852",2,4,0.8,65.4,ACCEPT,
210,"MG Road, Tower C, 134, 778, 600211","MG Road, Tower C","MG Road, Tower C, 134, 778",2,4,0.8,62.0,REVIEW,low_plausibility_and_reference_disagrees
209,"Lake View Road, Tower B, 121, 741, Telangana","Lake View Road, Tower B, 121","Lake View Road, Tower B, 121, 741",3,4,0.9230769230769231,83.0,ACCEPT,
208,"Green Residency, Tower A, 108, 704, Bengaluru","Green Residency, Tower A, 108","Green Residency, Tower A, 108, 704",3,4,0.9090909090909091,83.1,ACCEPT,
206,"Block G, Tower G, 981, 630, 411207","Block G, Tower G, 981","Block G, Tower G, 981, 630",3,4,0.9090909090909091,77.6,REVIEW,low_plausibility_and_reference_disagrees
205,"6th Floor, Tower F, 968, 593, Lucknow","6th Floor, Tower F","6th Floor, Tower F, 968, 593",2,4,0.8,64.9,ACCEPT,
203,"Plot 861, Tower D, 942, 519, 201504","Plot 861, Tower D, 942","Plot 861, Tower D, 942, 519",3,4,0.9090909090909091,77.8,REVIEW,low_plausibility_and_reference_disagrees
202,"Office 838, Tower C, 929, 482, Haryana",Office 838,"Office 838, Tower C, 929, 482",1,4,0.5,43.3,ACCEPT,
199,"371, Tower H, 890, 371, 248200","371, Tower H, 890","371, Tower H, 890, 371",3,4,0.8888888888888888,76.5,REVIEW,low_plausibility_and_reference_disagrees
230,"Near, Tower G, 394, 519, 600231","Near, Tower G","Near, Tower G, 394, 519",2,4,0.75,60.0,REVIEW,low_plausibility_and_reference_disagrees
229,"Business Park 5, Tower F, 381, 482, Telangana","Business Park 5, Tower F, 381","Business Park 5, Tower F, 381, 482",3,4,0.9230769230769231,83.1,ACCEPT,
228,"Industrial Area 4, Tower E, 368, 445, Bengaluru","Industrial Area 4, Tower E, 368","Industrial Area 4, Tower E, 368, 445",3,4,0.9230769230769231,83.3,ACCEPT,
226,"Wing C, Tower C, 342, 371, 411227",Wing C,"Wing C, Tower C, 342, 371",1,4,0.5,35.3,REVIEW,low_plausibility_and_reference_disagrees
224,"Near, Tower A, 316, 297, Jaipur","Near, Tower A, 316","Near, Tower A, 316, 297",3,4,0.8888888888888888,76.8,ACCEPT,
222,"Haryana, Tower G, 290, 223, 122223","Haryana, Tower G, 290","Haryana, Tower G, 290, 223",3,4,0.8888888888888888,77.6,REVIEW,low_plausibility_and_reference_disagrees
220,"District 71, Tower E, 264, 149, Nagpur","District 71, Tower E, 264","District 71, Tower E, 264, 149",3,4,0.9090909090909091,78.3,ACCEPT,
218,"Post Shivpur, Tower C, 238, 75, 751219","Post Shivpur, Tower C","Post Shivpur, Tower C, 238, 75",2,4,0.8,66.1,REVIEW,low_plausibility_and_reference_disagrees
217,"Lakshmipur, Tower B, 225, 38, Bihar","Lakshmipur, Tower B, 225","Lakshmipur, Tower B, 225, 38",3,4,0.8888888888888888,78.9,ACCEPT,
4902,"New Market, Municipal Park, Unit 859, 556, Gurugram",New Market,"New Market, Municipal Park, Unit 859, 556",1,4,0.4444444444444444,34.5,ACCEPT,
4901,"Sector 51, Railway Station, Unit 836, 519, 110402","Sector 51, Railway Station, Unit 836","Sector 51, Railway Station, Unit 836, 519",3,4,0.9230769230769231,79.7,REVIEW,low_plausibility_and_reference_disagrees
4899,"Rosewood Layout, Clock Tower, Unit 790, 445, Dehradun","Rosewood Layout, Clock Tower","Rosewood Layout, Clock Tower, Unit 790, 445",2,4,0.7272727272727273,62.9,ACCEPT,
4897,"College Road, City Hospital, Unit 744, 371, 800398","College Road, City Hospital","College Road, City Hospital, Unit 744, 371",2,4,0.7272727272727273,59.0,REVIEW,low_plausibility_and_reference_disagrees
4896,"Main Bazaar, Central Mall, Unit 721, 334, Kerala","Main Bazaar, Central Mall, Unit 721","Main Bazaar, Central Mall, Unit 721, 334",3,4,0.9230769230769231,79.6,ACCEPT,
4895,"Maple Heights, City Library, Unit 698, 297, Indore",Maple Heights,"Maple Heights, City Library, Unit 698, 297",1,4,0.4444444444444444,36.1,ACCEPT,
4893,"Block F, Railway Station, Unit 652, 223, 160394","Block F, Railway Station","Block F, Railway Station, Unit 652, 223",2,4,0.7272727272727273,58.0,REVIEW,low_plausibility_and_reference_disagrees
4891,"12th Floor, Clock Tower, Unit 606, 149, Ahmedabad","12th Floor, Clock Tower","12th Floor, Clock Tower, Unit 606, 149",2,4,0.7272727272727273,62.6,ACCEPT,
4889,"Plot 984, City Hospital, Unit 560, 75, 500390","Plot 984, City Hospital, Unit 560","Plot 984, City Hospital, Unit 560, 75",3,4,0.9230769230769231,82.0,REVIEW,low_plausibility_and_reference_disagrees
4887,"Shop 365, City Library, Unit 514, 1, Mumbai","Shop 365, City Library","Shop 365, City Library, Unit 514, 1",2,4,0.7272727272727273,59.9,ACCEPT,
245,"Vijay Nagar, Block F, 589, 75, 226246","Vijay Nagar, Block F","Vijay Nagar, Block F, 589, 75",2,4,0.8,65.7,REVIEW,low_plausibility_and_reference_disagrees
240,"Phase 1, Block A, 524, 889, Maharashtra","Phase 1, Block A, 524","Phase 1, Block A, 524, 889",3,4,0.9090909090909091,83.5,ACCEPT,
238,"19th Floor, Block G, 498, 815, 751239","19th Floor, Block G, 498","19th Floor, Block G, 498, 815",3,4,0.9090909090909091,78.2,REVIEW,low_plausibility_and_reference_disagrees
236,"Plot 489, Block E, 472, 741, Kochi","Plot 489, Block E","Plot 489, Block E, 472, 741",2,4,0.8,60.2,ACCEPT,
234,"Shop 80, Block C, 446, 667, 462235","Shop 80, Block C, 446","Shop 80, Block C, 446, 667",3,4,0.9090909090909091,77.6,REVIEW,low_plausibility_and_reference_disagrees
232,"593, Block A, 420, 593, Kolkata","593, Block A, 420","593, Block A, 420, 593",3,4,0.8888888888888888,78.2,ACCEPT,
261,"Industrial Area 7, Block F, 797, 667, 110262",Industrial Area 7,"Industrial Area 7, Block F, 797, 667",1,4,0.6,48.0,REVIEW,low_plausibility_and_reference_disagrees
260,"Campus 1, Block E, 784, 630, Maharashtra","Campus 1, Block E, 784","Campus 1, Block E, 784, 630",3,4,0.9090909090909091,83.7,ACCEPT,
259,"Wing D, Block D, 771, 593, Dehradun","Wing D, Block D","Wing D, Block D, 771, 593",2,4,0.8,64.9,ACCEPT,
256,"682257, Block A, 732, 482, Kerala",682257,"682257, Block A, 732, 482",1,4,0.3333333333333333,35.3,ACCEPT,
255,"Madhya Pradesh, Block H, 719, 445, Indore","Madhya Pradesh, Block H","Madhya Pradesh, Block H, 719, 445",2,4,0.8,65.0,ACCEPT,
253,"District 29, Block F, 693, 371, 160254","District 29, Block F, 693","District 29, Block F, 693, 371",3,4,0.9090909090909091,78.3,REVIEW,low_plausibility_and_reference_disagrees
252,"Tehsil 3, Block E, 680, 334, West Bengal","Tehsil 3, Block E, 680","Tehsil 3, Block E, 680, 334",3,4,0.9090909090909091,83.7,ACCEPT,
251,"Post Madhopur, Block D, 667, 297, Ahmedabad","Post Madhopur, Block D","Post Madhopur, Block D, 667, 297",2,4,0.8,69.7,ACCEPT,
249,"Main Bazaar, Block B, 641, 223, 500250","Main Bazaar, Block B","Main Bazaar, Block B, 641, 223",2,4,0.8,63.9,REVIEW,low_plausibility_and_reference_disagrees
248,"Central Mall, Block A, 628, 186, Karnataka","Central Mall, Block A","Central Mall, Block A, 628, 186",2,4,0.8,69.3,ACCEPT,
247,"Sector 50, Block H, 615, 149, Mumbai","Sector 50, Block H, 615","Sector 50, Block H, 615, 149",3,4,0.9090909090909091,78.0,ACCEPT,
4885,"926, Railway Station, Unit 468, 926, 226386","926, Railway Station, Unit 468","926, Railway Station, Unit 468, 926",3,4,0.9090909090909091,79.0,REVIEW,low_plausibility_and_reference_disagrees
4884,"Opposite, Sector 34, Unit 445, 889, Rajasthan","Opposite, Sector 34, Unit 445, 889",Opposite,4,1,0.2857142857142857,36.9,ACCEPT,
4883,"Near, Sector 33, Unit 422, 852, Noida","Near, Sector 33, Unit 422, 852",Near,4,1,0.2857142857142857,23.6,ACCEPT,
4882,"Business Park 8, Sector 32, Unit 399, 815, District 8","Business Park 8, Sector 32",Business Park 8,2,1,0.75,76.6,REVIEW,low_plausibility_and_reference_disagrees
4881,"Industrial Area 7, Sector 31, Unit 376, 778, 110382","Industrial Area 7, Sector 31",Industrial Area 7,2,1,0.75,76.6,ACCEPT,
4880,"Campus 1, Sector 30, Unit 353, 741, Maharashtra","Campus 1, Sector 30",Campus 1,2,1,0.6666666666666666,69.7,ACCEPT,
4879,"Wing H, Sector 29, Unit 330, 704, Dehradun","Wing H, Sector 29",Wing H,2,1,0.6666666666666666,65.3,ACCEPT,
4878,"Building 79, Sector 28, Unit 307, 667, District 4","Building 79, Sector 28, Unit 307",Building 79,3,1,0.5,53.5,ACCEPT,
4876,"682377, Sector 26, Unit 261, 593, Kerala","682377, Sector 26",682377,2,1,0.5,64.7,ACCEPT,
4875,"Madhya Pradesh, Sector 25, Unit 238, 556, Indore","Madhya Pradesh, Sector 25, Unit 238",Madhya Pradesh,3,1,0.5,53.0,REVIEW,low_plausibility_and_reference_disagrees
4873,"District 74, Sector 23, Unit 192, 482, 160374","District 74, Sector 23, Unit 192, 482",District 74,4,1,0.4444444444444444,36.2,ACCEPT,
4872,"Tehsil 23, Sector 22, Unit 169, 445, West Bengal","Tehsil 23, Sector 22, Unit 169, 445",Tehsil 23,4,1,0.4444444444444444,40.7,ACCEPT,
278,"Krishna Colony, Phase 3, 119, 297, Bhubaneswar","Krishna Colony, Phase 3, 119","Krishna Colony, Phase 3, 119, 297",3,4,0.9090909090909091,84.7,ACCEPT,
276,"Main Bazaar, Phase 1, 992, 223, 682277","Main Bazaar, Phase 1, 992","Main Bazaar, Phase 1, 992, 223",3,4,0.9090909090909091,78.3,REVIEW,low_plausibility_and_reference_disagrees
275,"Park Road, Phase 6, 979, 186, Madhya Pradesh",Park Road,"Park Road, Phase 6, 979, 186",1,4,0.5,50.5,ACCEPT,
274,"Shivam Apartments, Phase 5, 966, 149, Bhopal","Shivam Apartments, Phase 5","Shivam Apartments, Phase 5, 966, 149",2,4,0.8,65.9,ACCEPT,
273,"Block B, Phase 4, 953, 112, 160274","Block B, Phase 4, 953","Block B, Phase 4, 953, 112",3,4,0.9090909090909091,77.6,REVIEW,low_plausibility_and_reference_disagrees
272,"Tower A, Phase 3, 940, 75, West Bengal",Tower A,"Tower A, Phase 3, 940, 75",1,4,0.5,45.6,ACCEPT,
271,"12th Floor, Phase 2, 927, 38, Ahmedabad","12th Floor, Phase 2","12th Floor, Phase 2, 927, 38",2,4,0.8,70.3,ACCEPT,
268,"Office 162, Phase 5, 888, 926, Karnataka","Office 162, Phase 5","Office 162, Phase 5, 888, 926",2,4,0.8,68.5,ACCEPT,
267,"Shop 443, Phase 4, 875, 889, Mumbai","Shop 443, Phase 4, 875","Shop 443, Phase 4, 875, 889",3,4,0.9090909090909091,77.8,ACCEPT,
265,"815, Phase 2, 849, 815, 226266","815, Phase 2","815, Phase 2, 849, 815",2,4,0.75,59.2,REVIEW,low_plausibility_and_reference_disagrees
264,"Opposite, Block A, 836, 778, Rajasthan","Opposite, Block A","Opposite, Block A, 836, 778",2,4,0.75,67.5,ACCEPT,
263,"Near, Block H, 823, 741, Noida",Near,"Near, Block H, 823, 741",1,4,0.3333333333333333,29.0,ACCEPT,
292,"Wing E, Phase 5, 301, 815, 700293","Wing E, Phase 5, 301","Wing E, Phase 5, 301, 815",3,4,0.9090909090909091,77.3,REVIEW,low_plausibility_and_reference_disagrees
291,"Building 52, Phase 4, 288, 778, Gujarat","Building 52, Phase 4, 288","Building 52, Phase 4, 288, 778",3,4,0.9090909090909091,80.0,ACCEPT,
290,"Behind, Phase 3, 275, 741, Chennai","Behind, Phase 3","Behind, Phase 3, 275, 741",2,4,0.75,63.3,ACCEPT,
288,"Karnataka, Phase 1, 249, 667, 560289","Karnataka, Phase 1","Karnataka, Phase 1, 249, 667",2,4,0.75,63.0,REVIEW,low_plausibility_and_reference_disagrees
287,"Mumbai, Phase 6, 236, 630, Maharashtra","Mumbai, Phase 6","Mumbai, Phase 6, 236, 630",2,4,0.75,68.7,ACCEPT,
284,"Post Shivpur, Phase 3, 197, 519, 302285","Post Shivpur, Phase 3, 197","Post Shivpur, Phase 3, 197, 519",3,4,0.9090909090909091,78.5,REVIEW,low_plausibility_and_reference_disagrees
283,"Lakshmipur, Phase 2, 184, 482, Uttar Pradesh","Lakshmipur, Phase 2, 184","Lakshmipur, Phase 2, 184, 482",3,4,0.8888888888888888,85.5,ACCEPT,
282,"New Market, Phase 1, 171, 445, Gurugram","New Market, Phase 1, 171","New Market, Phase 1, 171, 445",3,4,0.9090909090909091,81.2,ACCEPT,
280,"Sector 83, Phase 5, 145, 371, 440281",Sector 83,"Sector 83, Phase 5, 145, 371",1,4,0.5,40.1,REVIEW,low_plausibility_and_reference_disagrees
279,"Rosewood Layout, Phase 4, 132, 334, Uttarakhand","Rosewood Layout, Phase 4, 132","Rosewood Layout, Phase 4, 132, 334",3,4,0.9090909090909091,84.9,ACCEPT,
310,"Gali 11, Pearl Residency, 535, 482, Tamil Nadu","Gali 11, Pearl Residency, 535","Gali 11, Pearl Residency, 535, 482",3,4,0.9090909090909091,84.0,ACCEPT,
309,"Lake View Road, Lake View Homes, 522, 445, Hyderabad","Lake View Road, Lake View Homes, 522","Lake View Road, Lake View Homes, 522, 445",3,4,0.9333333333333333,83.8,ACCEPT,
307,"Phase 2, Royal Enclave, 496, 371, Maharashtra","Phase 2, Royal Enclave, 496","Phase 2, Royal Enclave, 496, 371",3,4,0.9090909090909091,84.6,ACCEPT,
306,"Block C, Shivam Apartments, 483, 334, Pune","Block C, Shivam Apartments","Block C, Shivam Apartments, 483, 334",2,4,0.8,60.9,ACCEPT,
304,"5th Floor, Green Residency, 457, 260, 302305","5th Floor, Green Residency","5th Floor, Green Residency, 457, 260",2,4,0.8,65.9,REVIEW,low_plausibility_and_reference_disagrees
303,"Unit 976, Maple Heights, 444, 223, Uttar Pradesh","Unit 976, Maple Heights, 444","Unit 976, Maple Heights, 444, 223",3,4,0.9090909090909091,86.1,ACCEPT,
302,"Plot 744, Pearl Residency, 431, 186, Gurugram","Plot 744, Pearl Residency, 431","Plot 744, Pearl Residency, 431, 186",3,4,0.9090909090909091,82.1,ACCEPT,
300,"Shop 307, Sunrise Towers, 405, 112, 440301","Shop 307, Sunrise Towers, 405","Shop 307, Sunrise Towers, 405, 112",3,4,0.9090909090909091,78.9,REVIEW,low_plausibility_and_reference_disagrees
298,"38, Shivam Apartments, 379, 38, Bhubaneswar","38, Shivam Apartments, 379","38, Shivam Apartments, 379, 38",3,4,0.8888888888888888,86.6,ACCEPT,
295,"Business Park 11, Phase 2, 340, 926, Madhya Pradesh",Business Park 11,"Business Park 11, Phase 2, 340, 926",1,4,0.6,57.6,ACCEPT,
325,"Wing F, Lake View Homes, 730, 38, Lucknow",Wing F,"Wing F, Lake View Homes, 730, 38",1,4,0.4444444444444444,30.9,ACCEPT,
323,"Beside, Royal Enclave, 704, 963, 201624",Beside,"Beside, Royal Enclave, 704, 963",1,4,0.3333333333333333,30.0,REVIEW,low_plausibility_and_reference_disagrees
319,"District 20, Maple Heights, 652, 815, 248320",District 20,"District 20, Maple Heights, 652, 815",1,4,0.5,37.0,REVIEW,low_plausibility_and_reference_disagrees
318,"Tehsil 19, Pearl Residency, 639, 778, Odisha","Tehsil 19, Pearl Residency","Tehsil 19, Pearl Residency, 639, 778",2,4,0.8,65.9,ACCEPT,
315,"Sadar Market, Royal Enclave, 600, 667, 452316",Sadar Market,"Sadar Market, Royal Enclave, 600, 667",1,4,0.5,38.1,REVIEW,low_plausibility_and_reference_disagrees
311,"Gandhi Nagar, Maple Heights, 548, 519, 380312","Gandhi Nagar, Maple Heights, 548","Gandhi Nagar, Maple Heights, 548, 519",3,4,0.9090909090909091,79.3,REVIEW,low_plausibility_and_reference_disagrees
4870,"Kalyanpur, Sector 20, Unit 123, 371, District 71","Kalyanpur, Sector 20",Kalyanpur,2,1,0.5,71.2,REVIEW,low_plausibility_and_reference_disagrees
4869,"Main Bazaar, Sector 19, Unit 100, 334, 500370","Main Bazaar, Sector 19, Unit 100, 334",Main Bazaar,4,1,0.4444444444444444,36.2,ACCEPT,
4868,"District Court, Sector 18, Unit 77, 297, Karnataka","District Court, Sector 18, Unit 77",District Court,3,1,0.5,56.8,ACCEPT,
4867,"Saket Extension, Sector 17, Unit 54, 260, District 68","Saket Extension, Sector 17",Saket Extension,2,1,0.6666666666666666,76.6,REVIEW,low_plausibility_and_reference_disagrees
4866,"Ashok Vihar, Sector 16, Unit 31, 223, 411367","Ashok Vihar, Sector 16",Ashok Vihar,2,1,0.6666666666666666,71.6,REVIEW,low_plausibility_and_reference_disagrees
4865,"Gali 6, Sector 15, Unit 8, 186, Uttar Pradesh","Gali 6, Sector 15, Unit 8, 186",Gali 6,4,1,0.4444444444444444,39.9,ACCEPT,
4864,"Ring Road, Sector 14, Unit 984, 149, Jaipur","Ring Road, Sector 14, Unit 984, 149",Ring Road,4,1,0.4444444444444444,33.8,ACCEPT,
4862,"Pearl Residency, Sector 12, Unit 938, 75, 122363","Pearl Residency, Sector 12, Unit 938",Pearl Residency,3,1,0.5,52.7,ACCEPT,
4861,"Phase 2, Sector 11, Unit 915, 38, Delhi","Phase 2, Sector 11",Phase 2,2,1,0.6666666666666666,65.8,ACCEPT,
4860,"Block E, Sector 10, Unit 892, 1, Nagpur","Block E, Sector 10, Unit 892, 1",Block E,4,1,0.4444444444444444,32.5,ACCEPT,
4859,"Tower D, Sector 9, Unit 869, 963, District 60","Tower D, Sector 9, Unit 869, 963",Tower D,4,1,0.4444444444444444,38.7,ACCEPT,
4858,"19th Floor, Sector 8, Unit 846, 926, 751359","19th Floor, Sector 8, Unit 846, 926",19th Floor,4,1,0.4444444444444444,35.8,ACCEPT,
4857,"Unit 823, Sector 7, Unit 823, 889, Bihar","Unit 823, Sector 7, Unit 823",Unit 823,3,1,0.5,46.1,ACCEPT,
4856,"Plot 357, Sector 6, Unit 800, 852, Kochi","Plot 357, Sector 6",Plot 357,2,1,0.6666666666666666,69.6,ACCEPT,
4855,"Office 827, Sector 5, Unit 777, 815, District 56","Office 827, Sector 5",Office 827,2,1,0.6666666666666666,74.0,ACCEPT,
342,"Nehru Street, Nehru Street, 951, 667, 122343","Nehru Street, Nehru Street","Nehru Street, Nehru Street, 951, 667",2,4,0.8,65.9,REVIEW,low_plausibility_and_reference_disagrees
339,"Block D, Lake View Road, 912, 556, 248340","Block D, Lake View Road","Block D, Lake View Road, 912, 556",2,4,0.8333333333333334,65.0,REVIEW,low_plausibility_and_reference_disagrees
338,"Tower C, Airport Road, 899, 519, Odisha","Tower C, Airport Road, 899","Tower C, Airport Road, 899, 519",3,4,0.9090909090909091,78.5,ACCEPT,
337,"18th Floor, College Road, 886, 482, Patna","18th Floor, College Road","18th Floor, College Road, 886, 482",2,4,0.8,63.0,ACCEPT,
335,"Plot 372, Park Road, 860, 408, 452336","Plot 372, Park Road","Plot 372, Park Road, 860, 408",2,4,0.8,63.5,REVIEW,low_plausibility_and_reference_disagrees
334,"Office 385, Ring Road, 847, 371, Madhya Pradesh","Office 385, Ring Road, 847","Office 385, Ring Road, 847, 371",3,4,0.9090909090909091,86.3,ACCEPT,
330,"Opposite, Shivam Apartments, 795, 223, Tamil Nadu",Opposite,"Opposite, Shivam Apartments, 795, 223",1,4,0.3333333333333333,35.9,ACCEPT,
329,"Near, Lotus Heights, 782, 186, Hyderabad","Near, Lotus Heights","Near, Lotus Heights, 782, 186",2,4,0.75,68.5,ACCEPT,
327,"Industrial Area 13, Maple Heights, 756, 112, 400328","Industrial Area 13, Maple Heights, 756","Industrial Area 13, Maple Heights, 756, 112",3,4,0.9230769230769231,79.8,REVIEW,low_plausibility_and_reference_disagrees
358,"Wing G, Airport Road, 260, 260, 751359","Wing G, Airport Road","Wing G, Airport Road, 260, 260",2,4,0.8,63.9,REVIEW,low_plausibility_and_reference_disagrees
357,"Building 38, College Road, 247, 223, Bihar","Building 38, College Road","Building 38, College Road, 247, 223",2,4,0.8,63.4,ACCEPT,
356,"Near, Main Bazaar, 234, 186, Kochi",Near,"Near, Main Bazaar, 234, 186",1,4,0.3333333333333333,25.7,ACCEPT,
354,"Madhya Pradesh, Ring Road, 208, 112, 462355",Madhya Pradesh,"Madhya Pradesh, Ring Road, 208, 112",1,4,0.5,43.6,REVIEW,low_plausibility_and_reference_disagrees
352,"District 53, Nehru Street, 182, 38, Kolkata","District 53, Nehru Street, 182","District 53, Nehru Street, 182, 38",3,4,0.9090909090909091,83.2,ACCEPT,
349,"Lakshmipur, Lake View Road, 143, 926, Telangana","Lakshmipur, Lake View Road","Lakshmipur, Lake View Road, 143, 926",2,4,0.8,70.9,ACCEPT,
348,"City Centre, Airport Road, 130, 889, Bengaluru","City Centre, Airport Road","City Centre, Airport Road, 130, 889",2,4,0.8,70.6,ACCEPT,
346,"Sector 50, Main Bazaar, 104, 815, 411347","Sector 50, Main Bazaar","Sector 50, Main Bazaar, 104, 815",2,4,0.8,64.7,REVIEW,low_plausibility_and_reference_disagrees
345,"Vijay Nagar, Park Road, 990, 778, Uttar Pradesh",Vijay Nagar,"Vijay Nagar, Park Road, 990, 778",1,4,0.5,49.9,ACCEPT,
374,"Pearl Residency, Ring Road, 468, 852, 462375","Pearl Residency, Ring Road","Pearl Residency, Ring Road, 468, 852",2,4,0.8,65.9,REVIEW,low_plausibility_and_reference_disagrees
372,"Block E, Nehru Street, 442, 778, Kolkata","Block E, Nehru Street, 442","Block E, Nehru Street, 442, 778",3,4,0.9090909090909091,80.2,ACCEPT,
370,"11th Floor, MG Road, 416, 704, 600371","11th Floor, MG Road, 416","11th Floor, MG Road, 416, 704",3,4,0.9090909090909091,78.2,REVIEW,low_plausibility_and_reference_disagrees
369,"Unit 496, Lake View Road, 403, 667, Telangana","Unit 496, Lake View Road","Unit 496, Lake View Road, 403, 667",2,4,0.8333333333333334,70.3,ACCEPT,
368,"Plot 999, Airport Road, 390, 630, Bengaluru",Plot 999,"Plot 999, Airport Road, 390, 630",1,4,0.5,38.6,ACCEPT,
366,"Shop 35, Main Bazaar, 364, 556, 411367","Shop 35, Main Bazaar, 364","Shop 35, Main Bazaar, 364, 556",3,4,0.9090909090909091,78.3,REVIEW,low_plausibility_and_reference_disagrees
365,"351, Park Road, 351, 519, Uttar Pradesh",351,"351, Park Road, 351, 519",1,4,0.3333333333333333,36.0,ACCEPT,
362,"Near, Nehru Street, 312, 408, 122363",Near,"Near, Nehru Street, 312, 408",1,4,0.3333333333333333,26.8,REVIEW,low_plausibility_and_reference_disagrees
360,"Industrial Area 1, MG Road, 286, 334, Nagpur","Industrial Area 1, MG Road, 286","Industrial Area 1, MG Road, 286, 334",3,4,0.9230769230769231,79.2,ACCEPT,
4854,"Shop 2, Sector 4, Unit 754, 778, 462355","Shop 2, Sector 4, Unit 754",Shop 2,3,1,0.5,43.7,ACCEPT,
4853,"260, Sector 3, Unit 731, 741, Chandigarh","260, Sector 3, Unit 731",260,3,1,0.3333333333333333,40.3,ACCEPT,
4852,"704, Sector 2, Unit 708, 704, Kolkata","704, Sector 2, Unit 708",704,3,1,0.3333333333333333,37.8,ACCEPT,
4842,"Haryana, Green Park, Unit 478, 334, 122343","Haryana, Green Park","Haryana, Green Park, Unit 478, 334",2,4,0.6666666666666666,55.8,REVIEW,low_plausibility_and_reference_disagrees
389,"Opposite, Lake View Road, 663, 408, 500390","Opposite, Lake View Road","Opposite, Lake View Road, 663, 408",2,4,0.8,65.3,REVIEW,low_plausibility_and_reference_disagrees
387,"Maharashtra, College Road, 637, 334, Mumbai","Maharashtra, College Road","Maharashtra, College Road, 637, 334",2,4,0.75,65.6,ACCEPT,
385,"District 11, Park Road, 611, 260, 226386","District 11, Park Road, 611","District 11, Park Road, 611, 260",3,4,0.9090909090909091,78.6,REVIEW,low_plausibility_and_reference_disagrees
384,"Tehsil 35, Ring Road, 598, 223, Rajasthan",Tehsil 35,"Tehsil 35, Ring Road, 598, 223",1,4,0.5,42.9,ACCEPT,
383,"Post Madhopur, Gandhi Marg, 585, 186, Noida","Post Madhopur, Gandhi Marg, 585","Post Madhopur, Gandhi Marg, 585, 186",3,4,0.9090909090909091,77.1,ACCEPT,
380,"District Court, MG Road, 546, 75, Maharashtra","District Court, MG Road, 546","District Court, MG Road, 546, 75",3,4,0.9090909090909091,86.9,ACCEPT,
379,"Sector 83, Lake View Road, 533, 38, Dehradun","Sector 83, Lake View Road, 533","Sector 83, Lake View Road, 533, 38",3,4,0.9230769230769231,84.5,ACCEPT,
376,"Gali 17, Main Bazaar, 494, 926, Kerala","Gali 17, Main Bazaar","Gali 17, Main Bazaar, 494, 926",2,4,0.8,63.9,ACCEPT,
4831,"Station Road, Gandhi Nagar, Unit 225, 926, 380332","Station Road, Gandhi Nagar","Station Road, Gandhi Nagar, Unit 225, 926",2,4,0.7272727272727273,58.7,REVIEW,low_plausibility_and_reference_disagrees
4822,"Office 266, Green Park, Unit 18, 593, Haryana","Office 266, Green Park, Unit 18","Office 266, Green Park, Unit 18, 593",3,4,0.9230769230769231,80.8,ACCEPT,
4811,"Beside, Gandhi Nagar, Unit 764, 186, 380312",Beside,"Beside, Gandhi Nagar, Unit 764, 186",1,4,0.2857142857142857,27.3,REVIEW,low_plausibility_and_reference_disagrees
4802,"Metro Station, Green Park, Unit 557, 852, Haryana",Metro Station,"Metro Station, Green Park, Unit 557, 852",1,4,0.4444444444444444,39.1,ACCEPT,
4792,"13th Floor, Green Park, Unit 327, 482, 700293","13th Floor, Green Park","13th Floor, Green Park, Unit 327, 482",2,4,0.7272727272727273,57.2,REVIEW,low_plausibility_and_reference_disagrees
4791,"Unit 304, Gandhi Nagar, Unit 304, 445, Gujarat","Unit 304, Gandhi Nagar, Unit 304","Unit 304, Gandhi Nagar, Unit 304, 445",3,4,0.9230769230769231,80.9,ACCEPT,
406,"Phase 5, Gali 17, 884, 38, District 32","Phase 5, Gali 17",Phase 5,2,1,0.6666666666666666,69.9,REVIEW,low_plausibility_and_reference_disagrees
405,"Block F, Gali 16, 871, 1, 226406","Block F, Gali 16, 871",Block F,3,1,0.5714285714285714,51.1,REVIEW,low_plausibility_and_reference_disagrees
404,"Tower E, Gali 15, 858, 963, Rajasthan","Tower E, Gali 15",Tower E,2,1,0.6666666666666666,69.6,REVIEW,low_plausibility_and_reference_disagrees
403,"4th Floor, Gali 14, 845, 926, Noida","4th Floor, Gali 14",4th Floor,2,1,0.6666666666666666,70.8,REVIEW,low_plausibility_and_reference_disagrees
402,"Unit 256, Gali 13, 832, 889, District 28","Unit 256, Gali 13, 832, 889",Unit 256,4,1,0.5,46.1,REVIEW,low_plausibility_and_reference_disagrees
401,"Plot 627, Gali 12, 819, 852, 110402","Plot 627, Gali 12, 819, 852",Plot 627,4,1,0.5,38.7,REVIEW,low_plausibility_and_reference_disagrees
400,"Office 608, Gali 11, 806, 815, Maharashtra","Office 608, Gali 11",Office 608,2,1,0.6666666666666666,74.4,REVIEW,low_plausibility_and_reference_disagrees
399,"Shop 398, Gali 10, 793, 778, Dehradun","Shop 398, Gali 10",Shop 398,2,1,0.6666666666666666,70.8,REVIEW,low_plausibility_and_reference_disagrees
398,"780, Gali 9, 780, 741, District 24","780, Gali 9",780,2,1,0.5,61.8,REVIEW,low_plausibility_and_reference_disagrees
396,"Opposite, Main Bazaar, 754, 667, Kerala",Opposite,"Opposite, Main Bazaar, 754, 667",1,4,0.3333333333333333,34.8,ACCEPT,
395,"Near, Park Road, 741, 630, Indore","Near, Park Road, 741","Near, Park Road, 741, 630",3,4,0.8888888888888888,77.3,ACCEPT,
393,"Industrial Area 4, Gandhi Marg, 715, 556, 160394","Industrial Area 4, Gandhi Marg, 715","Industrial Area 4, Gandhi Marg, 715, 556",3,4,0.9230769230769231,79.6,REVIEW,low_plausibility_and_reference_disagrees
391,"Wing H, Station Road, 689, 482, Ahmedabad",Wing H,"Wing H, Station Road, 689, 482",1,4,0.5,35.4,ACCEPT,
422,"Behind, Gali 3, 193, 630, Gurugram","Behind, Gali 3, 193, 630",Behind,4,1,0.3333333333333333,39.8,ACCEPT,
421,"110422, Gali 2, 180, 593, District 47","110422, Gali 2",110422,2,1,0.5,70.4,REVIEW,low_plausibility_and_reference_disagrees
420,"Maharashtra, Gali 1, 167, 556, 440421","Maharashtra, Gali 1, 167",Maharashtra,3,1,0.4,60.5,ACCEPT,
419,"Dehradun, Gali 30, 154, 519, Uttarakhand","Dehradun, Gali 30",Dehradun,2,1,0.5,71.8,ACCEPT,
417,"Tehsil 18, Gali 28, 128, 445, District 43","Tehsil 18, Gali 28, 128",Tehsil 18,3,1,0.5714285714285714,60.5,ACCEPT,
416,"Post Shivpur, Gali 27, 115, 408, 682417","Post Shivpur, Gali 27, 115",Post Shivpur,3,1,0.5714285714285714,60.0,ACCEPT,
415,"Lakshmipur, Gali 26, 102, 371, Madhya Pradesh","Lakshmipur, Gali 26, 102, 371",Lakshmipur,4,1,0.3333333333333333,51.8,ACCEPT,
414,"Main Bazaar, Gali 25, 988, 334, Bhopal","Main Bazaar, Gali 25, 988",Main Bazaar,3,1,0.5714285714285714,58.9,REVIEW,low_plausibility_and_reference_disagrees
413,"Railway Station, Gali 24, 975, 297, District 39","Railway Station, Gali 24",Railway Station,2,1,0.6666666666666666,78.6,ACCEPT,
412,"Sector 17, Gali 23, 962, 260, 700413","Sector 17, Gali 23",Sector 17,2,1,0.6666666666666666,71.3,ACCEPT,
411,"Gandhi Nagar, Gali 22, 949, 223, Gujarat","Gandhi Nagar, Gali 22, 949",Gandhi Nagar,3,1,0.5714285714285714,61.0,REVIEW,low_plausibility_and_reference_disagrees
410,"Shanti Nagar, Gali 21, 936, 186, Chennai","Shanti Nagar, Gali 21",Shanti Nagar,2,1,0.6666666666666666,74.9,REVIEW,low_plausibility_and_reference_disagrees
409,"Lake View Road, Gali 20, 923, 149, 500410","Lake View Road, Gali 20",Lake View Road,2,1,0.75,76.0,REVIEW,low_plausibility_and_reference_disagrees
407,"Maple Heights, Gali 18, 897, 75, Mumbai","Maple Heights, Gali 18, 897, 75",Maple Heights,4,1,0.5,45.8,REVIEW,low_plausibility_and_reference_disagrees
431,"310, Gandhi Nagar, 310, 963, Gujarat","310, Gandhi Nagar, 310","310, Gandhi Nagar, 310, 963",3,4,0.8888888888888888,79.4,ACCEPT,
429,"Opposite, Gali 10, 284, 889, District 55","Opposite, Gali 10, 284",Opposite,3,1,0.4,59.0,ACCEPT,
428,"Near, Gali 9, 271, 852, 560429","Near, Gali 9, 271",Near,3,1,0.4,48.2,ACCEPT,
427,"Business Park 8, Gali 8, 258, 815, Maharashtra","Business Park 8, Gali 8, 258, 815",Business Park 8,4,1,0.6,55.0,ACCEPT,
426,"Industrial Area 7, Gali 7, 245, 778, Pune","Industrial Area 7, Gali 7, 245",Industrial Area 7,3,1,0.6666666666666666,63.3,REVIEW,low_plausibility_and_reference_disagrees
425,"Campus 6, Gali 6, 232, 741, District 51","Campus 6, Gali 6, 232",Campus 6,3,1,0.5714285714285714,60.5,REVIEW,low_plausibility_and_reference_disagrees
424,"Wing A, Gali 5, 219, 704, 302425","Wing A, Gali 5, 219, 704",Wing A,4,1,0.5,36.4,REVIEW,low_plausibility_and_reference_disagrees
423,"Building 24, Gali 4, 206, 667, Uttar Pradesh","Building 24, Gali 4, 206",Building 24,3,1,0.5714285714285714,65.6,REVIEW,low_plausibility_and_reference_disagrees
4785,"Opposite, Gali 16, Unit 166, 223, District 61","Opposite, Gali 16",Opposite,2,1,0.5,73.2,ACCEPT,
4784,"Near, Gali 15, Unit 143, 186, 302285","Near, Gali 15",Near,2,1,0.5,63.3,ACCEPT,
4783,"Business Park 14, Gali 14, Unit 120, 149, Uttar Pradesh","Business Park 14, Gali 14, Unit 120",Business Park 14,3,1,0.6,62.4,ACCEPT,
4782,"Industrial Area 13, Gali 13, Unit 97, 112, Gurugram","Industrial Area 13, Gali 13, Unit 97",Industrial Area 13,3,1,0.6,61.3,REVIEW,low_plausibility_and_reference_disagrees
4781,"Campus 2, Gali 12, Unit 74, 75, District 57","Campus 2, Gali 12",Campus 2,2,1,0.6666666666666666,72.7,REVIEW,low_plausibility_and_reference_disagrees
4779,"Building 60, Gali 10, Unit 28, 1, Uttarakhand","Building 60, Gali 10, Unit 28",Building 60,3,1,0.5,56.2,REVIEW,low_plausibility_and_reference_disagrees
4778,"Behind, Gali 9, Unit 5, 963, Bhubaneswar","Behind, Gali 9",Behind,2,1,0.5,71.2,ACCEPT,
4777,"800278, Gali 8, Unit 981, 926, District 53","800278, Gali 8, Unit 981",800278,3,1,0.3333333333333333,50.2,REVIEW,low_plausibility_and_reference_disagrees
4776,"Kerala, Gali 7, Unit 958, 889, 682277","Kerala, Gali 7",Kerala,2,1,0.5,70.4,ACCEPT,
4775,"Indore, Gali 6, Unit 935, 852, Madhya Pradesh","Indore, Gali 6",Indore,2,1,0.5,72.2,ACCEPT,
451,"District 2, Gandhi Nagar, 570, 704, 380452","District 2, Gandhi Nagar, 570","District 2, Gandhi Nagar, 570, 704",3,4,0.9090909090909091,78.9,REVIEW,low_plausibility_and_reference_disagrees
442,"Nehru Street, Green Park, 453, 371, Gurugram","Nehru Street, Green Park, 453","Nehru Street, Green Park, 453, 371",3,4,0.9090909090909091,82.0,ACCEPT,
4774,"District 50, Gali 5, Unit 912, 815, Bhopal","District 50, Gali 5, Unit 912",District 50,3,1,0.5,53.5,ACCEPT,
4773,"Tehsil 24, Gali 4, Unit 889, 778, District 49","Tehsil 24, Gali 4",Tehsil 24,2,1,0.6666666666666666,76.4,ACCEPT,
4770,"Sadar Market, Gali 1, Unit 820, 667, Chennai","Sadar Market, Gali 1, Unit 820",Sadar Market,3,1,0.5,55.5,REVIEW,low_plausibility_and_reference_disagrees
4769,"City Hospital, Gali 30, Unit 797, 630, District 45","City Hospital, Gali 30, Unit 797",City Hospital,3,1,0.5,58.6,ACCEPT,
4768,"Sector 17, Gali 29, Unit 774, 593, 560269","Sector 17, Gali 29",Sector 17,2,1,0.6666666666666666,73.2,ACCEPT,
4767,"Saket Extension, Gali 28, Unit 751, 556, Maharashtra","Saket Extension, Gali 28, Unit 751",Saket Extension,3,1,0.5,60.3,REVIEW,low_plausibility_and_reference_disagrees
4766,"Ashok Vihar, Gali 27, Unit 728, 519, Pune","Ashok Vihar, Gali 27, Unit 728",Ashok Vihar,3,1,0.5,50.0,REVIEW,low_plausibility_and_reference_disagrees
4764,"Ring Road, Gali 25, Unit 682, 445, Rajasthan","Ring Road, Gali 25, Unit 682, 445",Ring Road,4,1,0.4444444444444444,40.0,REVIEW,low_plausibility_and_reference_disagrees
4763,"Royal Enclave, Gali 24, Unit 659, 408, Noida","Royal Enclave, Gali 24, Unit 659, 408",Royal Enclave,4,1,0.4444444444444444,38.0,REVIEW,low_plausibility_and_reference_disagrees
4762,"Phase 5, Gali 23, Unit 636, 371, District 38","Phase 5, Gali 23",Phase 5,2,1,0.6666666666666666,71.6,REVIEW,low_plausibility_and_reference_disagrees
4761,"Block B, Gali 22, Unit 613, 334, 110262","Block B, Gali 22, Unit 613",Block B,3,1,0.5,46.7,REVIEW,low_plausibility_and_reference_disagrees
4760,"Tower A, Gali 21, Unit 590, 297, Maharashtra","Tower A, Gali 21, Unit 590",Tower A,3,1,0.5,50.9,REVIEW,low_plausibility_and_reference_disagrees
462,"Opposite, Green Park, 713, 112, Haryana","Opposite, Green Park, 713","Opposite, Green Park, 713, 112",3,4,0.8888888888888888,80.0,ACCEPT,
4758,"Unit 544, Gali 19, Unit 544, 223, District 34","Unit 544, Gali 19, Unit 544, 223",Unit 544,4,1,0.4444444444444444,41.1,REVIEW,low_plausibility_and_reference_disagrees
4757,"Plot 474, Gali 18, Unit 521, 186, 800258","Plot 474, Gali 18, Unit 521",Plot 474,3,1,0.5,48.3,REVIEW,low_plausibility_and_reference_disagrees
4755,"Shop 410, Gali 16, Unit 475, 112, Indore","Shop 410, Gali 16",Shop 410,2,1,0.6666666666666666,71.8,REVIEW,low_plausibility_and_reference_disagrees
4754,"771, Gali 15, Unit 452, 75, District 30","771, Gali 15",771,2,1,0.5,60.9,REVIEW,low_plausibility_and_reference_disagrees
4753,"38, Gali 14, Unit 429, 38, 160254","38, Gali 14, Unit 429, 38",38,4,1,0.2857142857142857,22.5,REVIEW,low_plausibility_and_reference_disagrees
4752,"Opposite, Nehru Street, Unit 406, 1, West Bengal","Opposite, Nehru Street","Opposite, Nehru Street, Unit 406, 1",2,4,0.6666666666666666,67.4,ACCEPT,
4751,"Near, Station Road, Unit 383, 963, Ahmedabad","Near, Station Road","Near, Station Road, Unit 383, 963",2,4,0.6666666666666666,60.3,ACCEPT,
4749,"Industrial Area 10, Lake View Road, Unit 337, 889, 500250","Industrial Area 10, Lake View Road","Industrial Area 10, Lake View Road, Unit 337, 889",2,4,0.8,60.9,REVIEW,low_plausibility_and_reference_disagrees
4748,"Campus 9, Airport Road, Unit 314, 852, Karnataka",Campus 9,"Campus 9, Airport Road, Unit 314, 852",1,4,0.4444444444444444,34.7,ACCEPT,
4747,"Wing D, College Road, Unit 291, 815, Mumbai","Wing D, College Road","Wing D, College Road, Unit 291, 815",2,4,0.7272727272727273,56.3,ACCEPT,
4745,"Opposite, Park Road, Unit 245, 741, 226246","Opposite, Park Road, Unit 245","Opposite, Park Road, Unit 245, 741",3,4,0.9090909090909091,78.9,REVIEW,low_plausibility_and_reference_disagrees
4744,"302245, Ring Road, Unit 222, 704, Rajasthan","302245, Ring Road, Unit 222","302245, Ring Road, Unit 222, 704",3,4,0.9090909090909091,82.8,ACCEPT,
4743,"Uttar Pradesh, Gandhi Marg, Unit 199, 667, Noida",Uttar Pradesh,"Uttar Pradesh, Gandhi Marg, Unit 199, 667",1,4,0.4444444444444444,35.0,ACCEPT,
482,"Post Shivpur, Green Park, 973, 852, 122483","Post Shivpur, Green Park","Post Shivpur, Green Park, 973, 852",2,4,0.8,65.3,REVIEW,low_plausibility_and_reference_disagrees
471,"Block H, Gandhi Nagar, 830, 445, 380472",Block H,"Block H, Gandhi Nagar, 830, 445",1,4,0.5,32.5,REVIEW,low_plausibility_and_reference_disagrees
4741,"District 17, Station Road, Unit 153, 593, 110242",District 17,"District 17, Station Road, Unit 153, 593",1,4,0.4444444444444444,34.0,REVIEW,low_plausibility_and_reference_disagrees
4740,"Tehsil 41, MG Road, Unit 130, 556, Maharashtra","Tehsil 41, MG Road, Unit 130","Tehsil 41, MG Road, Unit 130, 556",3,4,0.9230769230769231,84.7,ACCEPT,
4739,"Post Madhopur, Lake View Road, Unit 107, 519, Dehradun","Post Madhopur, Lake View Road","Post Madhopur, Lake View Road, Unit 107, 519",2,4,0.7692307692307693,63.2,ACCEPT,
4737,"New Market, College Road, Unit 61, 445, 800238","New Market, College Road","New Market, College Road, Unit 61, 445",2,4,0.7272727272727273,59.3,REVIEW,low_plausibility_and_reference_disagrees
4736,"Central Mall, Main Bazaar, Unit 38, 408, Kerala","Central Mall, Main Bazaar, Unit 38","Central Mall, Main Bazaar, Unit 38, 408",3,4,0.9230769230769231,79.5,ACCEPT,
4735,"Sector 83, Park Road, Unit 15, 371, Indore",Sector 83,"Sector 83, Park Road, Unit 15, 371",1,4,0.4444444444444444,34.6,ACCEPT,
4733,"Rajendra Nagar, Gandhi Marg, Unit 968, 297, 160234","Rajendra Nagar, Gandhi Marg","Rajendra Nagar, Gandhi Marg, Unit 968, 297",2,4,0.7272727272727273,59.0,REVIEW,low_plausibility_and_reference_disagrees
4730,"Shivam Apartments, MG Road, Unit 899, 186, 600231","Shivam Apartments, MG Road, Unit 899","Shivam Apartments, MG Road, Unit 899, 186",3,4,0.9230769230769231,79.7,REVIEW,low_plausibility_and_reference_disagrees
4729,"Phase 2, Lake View Road, Unit 876, 149, Telangana","Phase 2, Lake View Road, Unit 876","Phase 2, Lake View Road, Unit 876, 149",3,4,0.9333333333333333,83.6,ACCEPT,
4728,"Block A, Airport Road, Unit 853, 112, Bengaluru",Block A,"Block A, Airport Road, Unit 853, 112",1,4,0.4444444444444444,33.2,ACCEPT,
502,"3th Floor, Sector 8, 334, 593, 122503","3th Floor, Sector 8, 334",3th Floor,3,1,0.5714285714285714,55.0,ACCEPT,
499,"Office 493, Sector 5, 295, 482, District 50","Office 493, Sector 5, 295",Office 493,3,1,0.5714285714285714,60.4,ACCEPT,
498,"Shop 489, Sector 4, 282, 445, 751499","Shop 489, Sector 4, 282",Shop 489,3,1,0.5714285714285714,53.5,ACCEPT,
497,"269, Sector 3, 269, 408, Bihar","269, Sector 3, 269, 408",269,4,1,0.3333333333333333,25.5,ACCEPT,
496,"371, Sector 2, 256, 371, Kochi","371, Sector 2, 256",371,3,1,0.4,41.2,ACCEPT,
492,"Industrial Area 13, Green Park, 204, 223, Kolkata","Industrial Area 13, Green Park, 204","Industrial Area 13, Green Park, 204, 223",3,4,0.9230769230769231,81.2,ACCEPT,
4726,"7th Floor, Main Bazaar, Unit 807, 38, 411227","7th Floor, Main Bazaar, Unit 807","7th Floor, Main Bazaar, Unit 807, 38",3,4,0.9230769230769231,81.9,REVIEW,low_plausibility_and_reference_disagrees
4725,"Unit 784, Park Road, Unit 784, 1, Uttar Pradesh","Unit 784, Park Road, Unit 784","Unit 784, Park Road, Unit 784, 1",3,4,0.9230769230769231,90.3,ACCEPT,
4724,"Plot 846, Ring Road, Unit 761, 963, Jaipur","Plot 846, Ring Road, Unit 761","Plot 846, Ring Road, Unit 761, 963",3,4,0.9230769230769231,78.9,ACCEPT,
4720,"815, MG Road, Unit 669, 815, Nagpur","815, MG Road","815, MG Road, Unit 669, 815",2,4,0.6666666666666666,50.9,ACCEPT,
4718,"Near, Airport Road, Unit 623, 741, 751219","Near, Airport Road","Near, Airport Road, Unit 623, 741",2,4,0.6666666666666666,55.2,REVIEW,low_plausibility_and_reference_disagrees
4717,"Business Park 8, College Road, Unit 600, 704, Bihar","Business Park 8, College Road, Unit 600","Business Park 8, College Road, Unit 600, 704",3,4,0.9333333333333333,77.8,ACCEPT,
4716,"Industrial Area 7, Main Bazaar, Unit 577, 667, Kochi",Industrial Area 7,"Industrial Area 7, Main Bazaar, Unit 577, 667",1,4,0.5454545454545454,38.3,ACCEPT,
4712,"Near, Nehru Street, Unit 485, 519, Kolkata","Near, Nehru Street","Near, Nehru Street, Unit 485, 519",2,4,0.6666666666666666,57.1,ACCEPT,
518,"Bhubaneswar, Sector 24, 542, 186, District 69","Bhubaneswar, Sector 24, 542",Bhubaneswar,3,1,0.4,60.2,REVIEW,low_plausibility_and_reference_disagrees
517,"District 68, Sector 23, 529, 149, 800518","District 68, Sector 23",District 68,2,1,0.6666666666666666,69.9,ACCEPT,
515,"Post Madhopur, Sector 21, 503, 75, Indore","Post Madhopur, Sector 21, 503",Post Madhopur,3,1,0.5714285714285714,57.0,REVIEW,low_plausibility_and_reference_disagrees
514,"Kalyanpur, Sector 20, 490, 38, District 65","Kalyanpur, Sector 20",Kalyanpur,2,1,0.5,69.3,REVIEW,low_plausibility_and_reference_disagrees
513,"City Centre, Sector 19, 477, 1, 160514","City Centre, Sector 19",City Centre,2,1,0.6666666666666666,68.7,ACCEPT,
511,"Gandhi Nagar, Sector 17, 451, 926, District 62","Gandhi Nagar, Sector 17, 451",Gandhi Nagar,3,1,0.5714285714285714,61.3,REVIEW,low_plausibility_and_reference_disagrees
510,"Shanti Nagar, Sector 16, 438, 889, 600511","Shanti Nagar, Sector 16",Shanti Nagar,2,1,0.6666666666666666,70.8,REVIEW,low_plausibility_and_reference_disagrees
509,"Gali 30, Sector 15, 425, 852, Telangana","Gali 30, Sector 15, 425",Gali 30,3,1,0.5714285714285714,53.1,ACCEPT,
508,"Airport Road, Sector 14, 412, 815, Bengaluru","Airport Road, Sector 14, 412",Airport Road,3,1,0.5714285714285714,59.8,ACCEPT,
506,"Shivam Apartments, Sector 12, 386, 741, 411507","Shivam Apartments, Sector 12, 386",Shivam Apartments,3,1,0.5714285714285714,61.3,ACCEPT,
504,"Block A, Sector 10, 360, 667, Jaipur","Block A, Sector 10, 360",Block A,3,1,0.5714285714285714,50.4,ACCEPT,
503,"Tower H, Sector 9, 347, 630, District 54","Tower H, Sector 9, 347",Tower H,3,1,0.5714285714285714,55.9,ACCEPT,
533,"Plot 138, Railway Station, 737, 741, 160534","Plot 138, Railway Station, 737","Plot 138, Railway Station, 737, 741",3,4,0.9090909090909091,79.0,REVIEW,low_plausibility_and_reference_disagrees
531,"Shop 353, Clock Tower, 711, 667, Ahmedabad","Shop 353, Clock Tower","Shop 353, Clock Tower, 711, 667",2,4,0.8,69.3,ACCEPT,
529,"593, City Hospital, 685, 593, 500530","593, City Hospital","593, City Hospital, 685, 593",2,4,0.75,63.0,REVIEW,low_plausibility_and_reference_disagrees
528,"Opposite, Sector 34, 672, 556, Karnataka","Opposite, Sector 34",Opposite,2,1,0.5,67.5,ACCEPT,
527,"Near, Sector 33, 659, 519, Mumbai","Near, Sector 33",Near,2,1,0.5,57.5,ACCEPT,
525,"Industrial Area 1, Sector 31, 633, 445, 226526","Industrial Area 1, Sector 31, 633, 445",Industrial Area 1,4,1,0.6,46.0,ACCEPT,
523,"Wing D, Sector 29, 607, 371, Noida","Wing D, Sector 29",Wing D,2,1,0.6666666666666666,62.0,ACCEPT,
522,"Building 43, Sector 28, 594, 334, District 73","Building 43, Sector 28, 594, 334",Building 43,4,1,0.5,47.8,ACCEPT,
520,"440521, Sector 26, 568, 260, Maharashtra","440521, Sector 26, 568",440521,3,1,0.4,52.7,ACCEPT,
519,"Uttarakhand, Sector 25, 555, 223, Dehradun","Uttarakhand, Sector 25, 555, 223",Uttarakhand,4,1,0.3333333333333333,43.9,REVIEW,low_plausibility_and_reference_disagrees
550,"District 26, Municipal Park, 958, 371, Chennai","District 26, Municipal Park, 958","District 26, Municipal Park, 958, 371",3,4,0.9090909090909091,80.9,ACCEPT,
547,"Lakshmipur, Clock Tower, 919, 260, Maharashtra","Lakshmipur, Clock Tower","Lakshmipur, Clock Tower, 919, 260",2,4,0.75,72.4,ACCEPT,
546,"Gandhi Market, Metro Station, 906, 223, Pune","Gandhi Market, Metro Station, 906","Gandhi Market, Metro Station, 906, 223",3,4,0.9090909090909091,74.6,ACCEPT,
545,"Sector 51, City Hospital, 893, 186, 226546","Sector 51, City Hospital, 893","Sector 51, City Hospital, 893, 186",3,4,0.9090909090909091,78.9,REVIEW,low_plausibility_and_reference_disagrees
544,"Laxmi Enclave, Central Mall, 880, 149, Rajasthan","Laxmi Enclave, Central Mall, 880","Laxmi Enclave, Central Mall, 880, 149",3,4,0.9090909090909091,83.4,ACCEPT,
543,"Rajendra Nagar, City Library, 867, 112, Noida",Rajendra Nagar,"Rajendra Nagar, City Library, 867, 112",1,4,0.5,39.0,ACCEPT,
541,"Station Road, Railway Station, 841, 38, 110542","Station Road, Railway Station, 841","Station Road, Railway Station, 841, 38",3,4,0.9090909090909091,82.0,REVIEW,low_plausibility_and_reference_disagrees
537,"Block B, City Hospital, 789, 889, 800538","Block B, City Hospital, 789","Block B, City Hospital, 789, 889",3,4,0.9090909090909091,78.6,REVIEW,low_plausibility_and_reference_disagrees
536,"Tower A, Central Mall, 776, 852, Kerala","Tower A, Central Mall","Tower A, Central Mall, 776, 852",2,4,0.8,64.3,ACCEPT,
535,"16th Floor, City Library, 763, 815, Indore","16th Floor, City Library","16th Floor, City Library, 763, 815",2,4,0.8,65.3,ACCEPT,
4709,"Hyderabad, Lake View Road, Unit 416, 408, Telangana","Hyderabad, Lake View Road, Unit 416","Hyderabad, Lake View Road, Unit 416, 408",3,4,0.9230769230769231,83.8,ACCEPT,
4708,"District 59, Airport Road, Unit 393, 371, Bengaluru","District 59, Airport Road","District 59, Airport Road, Unit 393, 371",2,4,0.7272727272727273,63.4,ACCEPT,
4706,"Post Shivpur, Main Bazaar, Unit 347, 297, 411207","Post Shivpur, Main Bazaar, Unit 347","Post Shivpur, Main Bazaar, Unit 347, 297",3,4,0.9230769230769231,79.6,REVIEW,low_plausibility_and_reference_disagrees
4705,"Lakshmipur, Park Road, Unit 324, 260, Uttar Pradesh","Lakshmipur, Park Road, Unit 324","Lakshmipur, Park Road, Unit 324, 260",3,4,0.9090909090909091,86.5,ACCEPT,
4702,"Sector 50, Nehru Street, Unit 255, 149, 122203","Sector 50, Nehru Street","Sector 50, Nehru Street, Unit 255, 149",2,4,0.7272727272727273,57.6,REVIEW,low_plausibility_and_reference_disagrees
4700,"Shanti Nagar, MG Road, Unit 209, 75, Nagpur",Shanti Nagar,"Shanti Nagar, MG Road, Unit 209, 75",1,4,0.4444444444444444,39.8,ACCEPT,
4698,"Airport Road, Airport Road, Unit 163, 1, 751199","Airport Road, Airport Road","Airport Road, Airport Road, Unit 163, 1",2,4,0.7272727272727273,61.4,REVIEW,low_plausibility_and_reference_disagrees
4695,"Block H, Park Road, Unit 94, 889, 452196",Block H,"Block H, Park Road, Unit 94, 889",1,4,0.4444444444444444,31.7,REVIEW,low_plausibility_and_reference_disagrees
566,"Plot 765, Gandhi Market, 267, 963, Pune","Plot 765, Gandhi Market","Plot 765, Gandhi Market, 267, 963",2,4,0.8,60.0,ACCEPT,
564,"Shop 217, Main Bazaar, 241, 889, 302565","Shop 217, Main Bazaar, 241","Shop 217, Main Bazaar, 241, 889",3,4,0.9090909090909091,78.5,REVIEW,low_plausibility_and_reference_disagrees
562,"815, New Market, 215, 815, Gurugram","815, New Market, 215","815, New Market, 215, 815",3,4,0.8888888888888888,80.4,ACCEPT,
559,"Business Park 5, City Library, 176, 704, Uttarakhand","Business Park 5, City Library","Business Park 5, City Library, 176, 704",2,4,0.8333333333333334,74.0,ACCEPT,
558,"Industrial Area 4, Municipal Park, 163, 667, Bhubaneswar",Industrial Area 4,"Industrial Area 4, Municipal Park, 163, 667",1,4,0.6,48.6,ACCEPT,
555,"Building 76, Clock Tower, 124, 556, Madhya Pradesh","Building 76, Clock Tower, 124","Building 76, Clock Tower, 124, 556",3,4,0.9090909090909091,86.8,ACCEPT,
554,"Behind, Metro Station, 111, 519, Bhopal","Behind, Metro Station, 111","Behind, Metro Station, 111, 519",3,4,0.8888888888888888,78.5,ACCEPT,
552,"West Bengal, Central Mall, 984, 445, 700553","West Bengal, Central Mall, 984","West Bengal, Central Mall, 984, 445",3,4,0.9090909090909091,79.0,REVIEW,low_plausibility_and_reference_disagrees
551,"Ahmedabad, City Library, 971, 408, Gujarat",Ahmedabad,"Ahmedabad, City Library, 971, 408",1,4,0.3333333333333333,37.1,ACCEPT,
582,"Tehsil 33, New Market, 475, 556, Haryana","Tehsil 33, New Market","Tehsil 33, New Market, 475, 556",2,4,0.8,66.2,ACCEPT,
579,"Clock Tower, Main Bazaar, 436, 445, Uttarakhand","Clock Tower, Main Bazaar, 436","Clock Tower, Main Bazaar, 436, 445",3,4,0.9090909090909091,84.9,ACCEPT,
578,"Sector 84, City Centre, 423, 408, Bhubaneswar","Sector 84, City Centre","Sector 84, City Centre, 423, 408",2,4,0.8,72.0,ACCEPT,
576,"Ashok Vihar, Gandhi Market, 397, 334, 682577","Ashok Vihar, Gandhi Market, 397","Ashok Vihar, Gandhi Market, 397, 334",3,4,0.9090909090909091,79.2,REVIEW,low_plausibility_and_reference_disagrees
572,"Sunrise Towers, New Market, 345, 186, 700573",Sunrise Towers,"Sunrise Towers, New Market, 345, 186",1,4,0.5,42.6,REVIEW,low_plausibility_and_reference_disagrees
570,"Block C, Sadar Market, 319, 112, Chennai","Block C, Sadar Market, 319","Block C, Sadar Market, 319, 112",3,4,0.9090909090909091,80.2,ACCEPT,
568,"9th Floor, City Centre, 293, 38, 560569",9th Floor,"9th Floor, City Centre, 293, 38",1,4,0.5,37.1,REVIEW,low_plausibility_and_reference_disagrees
567,"Unit 55, New Market, 280, 1, Maharashtra","Unit 55, New Market, 280","Unit 55, New Market, 280, 1",3,4,0.9090909090909091,88.7,ACCEPT,
4694,"Tower G, Ring Road, Unit 71, 852, Madhya Pradesh","Tower G, Ring Road, Unit 71","Tower G, Ring Road, Unit 71, 852",3,4,0.9230769230769231,86.5,ACCEPT,
4691,"Plot 219, Station Road, Unit 2, 741, 380192","Plot 219, Station Road, Unit 2","Plot 219, Station Road, Unit 2, 741",3,4,0.9230769230769231,79.0,REVIEW,low_plausibility_and_reference_disagrees
4690,"Office 719, MG Road, Unit 978, 704, Tamil Nadu","Office 719, MG Road","Office 719, MG Road, Unit 978, 704",2,4,0.7272727272727273,62.1,ACCEPT,
4685,"Near, Lake View Homes, Unit 863, 519, Lucknow","Near, Lake View Homes","Near, Lake View Homes, Unit 863, 519",2,4,0.7272727272727273,58.6,ACCEPT,
4683,"Industrial Area 4, Royal Enclave, Unit 817, 445, 201484","Industrial Area 4, Royal Enclave, Unit 817","Industrial Area 4, Royal Enclave, Unit 817, 445",3,4,0.9333333333333333,80.1,REVIEW,low_plausibility_and_reference_disagrees
4682,"Campus 3, Shivam Apartments, Unit 794, 408, Haryana","Campus 3, Shivam Apartments","Campus 3, Shivam Apartments, Unit 794, 408",2,4,0.7272727272727273,60.9,ACCEPT,
4679,"Beside, Maple Heights, Unit 725, 297, 248180",Beside,"Beside, Maple Heights, Unit 725, 297",1,4,0.2857142857142857,26.7,REVIEW,low_plausibility_and_reference_disagrees
598,"Office 378, Kalyanpur, 683, 149, Odisha","Office 378, Kalyanpur, 683",Office 378,3,1,0.6666666666666666,54.9,ACCEPT,
597,"Shop 81, Rajapur, 670, 112, Patna","Shop 81, Rajapur, 670",Shop 81,3,1,0.6666666666666666,52.3,ACCEPT,
596,"657, Shivpur, 657, 75, District 72","657, Shivpur",657,2,1,0.6666666666666666,59.5,ACCEPT,
594,"Opposite, Main Bazaar, 631, 1, Madhya Pradesh","Opposite, Main Bazaar, 631","Opposite, Main Bazaar, 631, 1",3,4,0.8888888888888888,90.4,ACCEPT,
591,"Industrial Area 7, Gandhi Market, 592, 889, 380592","Industrial Area 7, Gandhi Market","Industrial Area 7, Gandhi Market, 592, 889",2,4,0.8333333333333334,67.3,REVIEW,low_plausibility_and_reference_disagrees
590,"Campus 11, Sadar Market, 579, 852, Tamil Nadu","Campus 11, Sadar Market","Campus 11, Sadar Market, 579, 852",2,4,0.8,71.2,ACCEPT,
589,"Wing F, Main Bazaar, 566, 815, Hyderabad","Wing F, Main Bazaar","Wing F, Main Bazaar, 566, 815",2,4,0.8,68.5,ACCEPT,
587,"Beside, New Market, 540, 741, 400588","Beside, New Market, 540","Beside, New Market, 540, 741",3,4,0.8888888888888888,78.0,REVIEW,low_plausibility_and_reference_disagrees
586,"411587, Gandhi Market, 527, 704, Maharashtra","411587, Gandhi Market","411587, Gandhi Market, 527, 704",2,4,0.75,71.6,ACCEPT,
585,"Uttar Pradesh, Sadar Market, 514, 667, Lucknow",Uttar Pradesh,"Uttar Pradesh, Sadar Market, 514, 667",1,4,0.5,41.6,ACCEPT,
583,"District 59, City Centre, 488, 593, 201884","District 59, City Centre, 488","District 59, City Centre, 488, 593",3,4,0.9090909090909091,78.9,REVIEW,low_plausibility_and_reference_disagrees
614,"Post Shivpur, Shivpur, 891, 741, 462615","Post Shivpur, Shivpur, 891",Post Shivpur,3,1,0.6666666666666666,60.0,REVIEW,low_plausibility_and_reference_disagrees
613,"City Centre, Lakshmipur, 878, 704, Chandigarh","City Centre, Lakshmipur, 878",City Centre,3,1,0.6666666666666666,58.2,ACCEPT,
612,"District Court, Rampur, 865, 667, District 13","District Court, Rampur, 865",District Court,3,1,0.6666666666666666,67.3,ACCEPT,
611,"Sector 18, Madhopur, 852, 630, 380612","Sector 18, Madhopur, 852, 630",Sector 18,4,1,0.5714285714285714,39.1,REVIEW,low_plausibility_and_reference_disagrees
610,"Shanti Nagar, Kalyanpur, 839, 593, Tamil Nadu","Shanti Nagar, Kalyanpur, 839",Shanti Nagar,3,1,0.6666666666666666,60.6,REVIEW,low_plausibility_and_reference_disagrees
609,"Rosewood Layout, Rajapur, 826, 556, Hyderabad","Rosewood Layout, Rajapur, 826, 556",Rosewood Layout,4,1,0.5714285714285714,51.3,REVIEW,low_plausibility_and_reference_disagrees
608,"Gali 9, Shivpur, 813, 519, District 9","Gali 9, Shivpur, 813, 519",Gali 9,4,1,0.5714285714285714,41.5,ACCEPT,
606,"Main Bazaar, Rampur, 787, 445, Maharashtra","Main Bazaar, Rampur",Main Bazaar,2,1,0.8,77.3,ACCEPT,
604,"Phase 5, Kalyanpur, 761, 371, District 5","Phase 5, Kalyanpur, 761",Phase 5,3,1,0.6666666666666666,53.9,ACCEPT,
603,"Block D, Rajapur, 748, 334, 201904","Block D, Rajapur, 748",Block D,3,1,0.6666666666666666,53.3,ACCEPT,
601,"2th Floor, Lakshmipur, 722, 260, Delhi","2th Floor, Lakshmipur, 722",2th Floor,3,1,0.6666666666666666,51.2,ACCEPT,
600,"Unit 814, Rampur, 709, 223, District 1","Unit 814, Rampur",Unit 814,2,1,0.8,73.5,ACCEPT,
630,"Shop 444, Post Rampur, 200, 334, 600631","Shop 444, Post Rampur",Shop 444,2,1,0.6666666666666666,62.7,ACCEPT,
628,"260, Post Kalyanpur, 174, 260, Bengaluru","260, Post Kalyanpur, 174",260,3,1,0.4,38.6,ACCEPT,
624,"Industrial Area 10, Rampur, 122, 112, Jaipur","Industrial Area 10, Rampur, 122",Industrial Area 10,3,1,0.75,66.1,ACCEPT,
623,"Campus 4, Madhopur, 109, 75, District 24","Campus 4, Madhopur, 109, 75",Campus 4,4,1,0.5714285714285714,46.1,ACCEPT,
622,"Wing G, Kalyanpur, 995, 38, 122623","Wing G, Kalyanpur, 995",Wing G,3,1,0.6666666666666666,47.5,ACCEPT,
621,"Building 62, Rajapur, 982, 1, Delhi","Building 62, Rajapur, 982",Building 62,3,1,0.6666666666666666,55.4,ACCEPT,
620,"Near, Shivpur, 969, 963, Nagpur","Near, Shivpur, 969, 963",Near,4,1,0.4,31.0,ACCEPT,
619,"248620, Lakshmipur, 956, 926, District 20","248620, Lakshmipur, 956, 926",248620,4,1,0.4,39.6,ACCEPT,
618,"Odisha, Rampur, 943, 889, 751619","Odisha, Rampur, 943, 889",Odisha,4,1,0.4,36.4,REVIEW,low_plausibility_and_reference_disagrees
617,"Patna, Madhopur, 930, 852, Bihar","Patna, Madhopur, 930",Patna,3,1,0.5,46.7,REVIEW,low_plausibility_and_reference_disagrees
616,"District 17, Kalyanpur, 917, 815, Kochi","District 17, Kalyanpur, 917",District 17,3,1,0.6666666666666666,55.0,ACCEPT,
615,"Tehsil 16, Rajapur, 904, 778, District 16","Tehsil 16, Rajapur, 904",Tehsil 16,3,1,0.6666666666666666,60.5,ACCEPT,
644,"Sector 51, Post Shivpur, 382, 852, Jaipur","Sector 51, Post Shivpur",Sector 51,2,1,0.6666666666666666,62.6,REVIEW,low_plausibility_and_reference_disagrees
643,"Rajendra Nagar, Post Lakshmipur, 369, 815, District 44","Rajendra Nagar, Post Lakshmipur",Rajendra Nagar,2,1,0.6666666666666666,66.4,REVIEW,low_plausibility_and_reference_disagrees
642,"Green Park, Post Rampur, 356, 778, 122643","Green Park, Post Rampur",Green Park,2,1,0.6666666666666666,65.4,ACCEPT,
641,"Gali 12, Post Madhopur, 343, 741, Delhi","Gali 12, Post Madhopur",Gali 12,2,1,0.6666666666666666,57.3,ACCEPT,
640,"MG Road, Post Kalyanpur, 330, 704, Nagpur","MG Road, Post Kalyanpur",MG Road,2,1,0.6666666666666666,56.5,ACCEPT,
639,"Lake View Road, Post Rajapur, 317, 667, District 40","Lake View Road, Post Rajapur, 317",Lake View Road,3,1,0.6666666666666666,59.5,ACCEPT,
638,"Pearl Residency, Post Shivpur, 304, 630, 751639","Pearl Residency, Post Shivpur, 304, 630",Pearl Residency,4,1,0.5,41.7,ACCEPT,
637,"Phase 2, Post Lakshmipur, 291, 593, Bihar","Phase 2, Post Lakshmipur, 291, 593",Phase 2,4,1,0.5,28.4,ACCEPT,
636,"Block E, Post Rampur, 278, 556, Kochi","Block E, Post Rampur, 278",Block E,3,1,0.5714285714285714,46.8,ACCEPT,
635,"Tower D, Post Madhopur, 265, 519, District 36","Tower D, Post Madhopur, 265",Tower D,3,1,0.5714285714285714,49.8,ACCEPT,
634,"15th Floor, Post Kalyanpur, 252, 482, 462635","15th Floor, Post Kalyanpur, 252",15th Floor,3,1,0.5714285714285714,48.8,ACCEPT,
633,"Unit 574, Post Rajapur, 239, 445, Chandigarh","Unit 574, Post Rajapur",Unit 574,2,1,0.6666666666666666,63.1,ACCEPT,
632,"Plot 21, Post Shivpur, 226, 408, Kolkata","Plot 21, Post Shivpur",Plot 21,2,1,0.6666666666666666,60.0,ACCEPT,
631,"Office 939, Post Lakshmipur, 213, 371, District 32","Office 939, Post Lakshmipur, 213, 371",Office 939,4,1,0.5,41.2,ACCEPT,
661,"482, Tehsil 12, 603, 482, 110662","482, Tehsil 12, 603",482,3,1,0.4,41.1,ACCEPT,
660,"Opposite, Post Rampur, 590, 445, Maharashtra","Opposite, Post Rampur, 590",Opposite,3,1,0.4,53.7,ACCEPT,
658,"Business Park 14, Post Kalyanpur, 564, 371, District 59","Business Park 14, Post Kalyanpur, 564, 371",Business Park 14,4,1,0.6,47.8,REVIEW,low_plausibility_and_reference_disagrees
657,"Industrial Area 13, Post Rajapur, 551, 334, 800658","Industrial Area 13, Post Rajapur, 551",Industrial Area 13,3,1,0.6666666666666666,58.2,ACCEPT,
656,"Campus 17, Post Shivpur, 538, 297, Kerala","Campus 17, Post Shivpur",Campus 17,2,1,0.6666666666666666,62.6,ACCEPT,
655,"Wing H, Post Lakshmipur, 525, 260, Indore","Wing H, Post Lakshmipur",Wing H,2,1,0.6666666666666666,53.3,ACCEPT,
654,"Building 15, Post Rampur, 512, 223, District 55","Building 15, Post Rampur",Building 15,2,1,0.6666666666666666,68.9,ACCEPT,
652,"700653, Post Kalyanpur, 486, 149, West Bengal","700653, Post Kalyanpur",700653,2,1,0.5,57.2,ACCEPT,
651,"Gujarat, Post Rajapur, 473, 112, Ahmedabad","Gujarat, Post Rajapur",Gujarat,2,1,0.5,61.0,REVIEW,low_plausibility_and_reference_disagrees
650,"Chennai, Post Shivpur, 460, 75, District 51","Chennai, Post Shivpur, 460",Chennai,3,1,0.4,50.2,REVIEW,low_plausibility_and_reference_disagrees
649,"District 50, Post Lakshmipur, 447, 38, 500650","District 50, Post Lakshmipur",District 50,2,1,0.6666666666666666,60.2,ACCEPT,
648,"Tehsil 49, Post Rampur, 434, 1, Karnataka","Tehsil 49, Post Rampur, 434, 1",Tehsil 49,4,1,0.5,42.9,ACCEPT,
647,"Madhopur, Post Madhopur, 421, 963, District 48","Madhopur, Post Madhopur, 421",Madhopur,3,1,0.4,51.4,REVIEW,low_plausibility_and_reference_disagrees
678,"Municipal Park, Tehsil 29, 824, 112, District 4","Municipal Park, Tehsil 29",Municipal Park,2,1,0.6666666666666666,74.3,ACCEPT,
677,"Sector 84, Tehsil 28, 811, 75, 800678","Sector 84, Tehsil 28, 811",Sector 84,3,1,0.5714285714285714,52.5,ACCEPT,
675,"Vijay Nagar, Tehsil 26, 785, 1, Indore","Vijay Nagar, Tehsil 26, 785, 1",Vijay Nagar,4,1,0.5,42.6,ACCEPT,
674,"Gali 15, Tehsil 25, 772, 963, District 75","Gali 15, Tehsil 25, 772",Gali 15,3,1,0.5714285714285714,54.6,ACCEPT,
672,"Nehru Street, Tehsil 23, 746, 889, West Bengal","Nehru Street, Tehsil 23, 746",Nehru Street,3,1,0.5714285714285714,61.3,ACCEPT,
671,"Maple Heights, Tehsil 22, 733, 852, Ahmedabad","Maple Heights, Tehsil 22, 733",Maple Heights,3,1,0.5714285714285714,60.8,ACCEPT,
670,"Phase 5, Tehsil 21, 720, 815, District 71","Phase 5, Tehsil 21, 720",Phase 5,3,1,0.5714285714285714,54.6,ACCEPT,
668,"Tower E, Tehsil 19, 694, 741, Karnataka","Tower E, Tehsil 19, 694, 741",Tower E,4,1,0.5,39.8,ACCEPT,
667,"8th Floor, Tehsil 18, 681, 704, Mumbai","8th Floor, Tehsil 18",8th Floor,2,1,0.6666666666666666,67.5,ACCEPT,
666,"Unit 334, Tehsil 17, 668, 667, District 67","Unit 334, Tehsil 17",Unit 334,2,1,0.6666666666666666,68.2,ACCEPT,
665,"Plot 648, Tehsil 16, 655, 630, 226666","Plot 648, Tehsil 16, 655",Plot 648,3,1,0.5714285714285714,52.1,ACCEPT,
664,"Office 601, Tehsil 15, 642, 593, Rajasthan","Office 601, Tehsil 15",Office 601,2,1,0.6666666666666666,70.1,ACCEPT,
663,"Shop 308, Tehsil 14, 629, 556, Noida","Shop 308, Tehsil 14, 629",Shop 308,3,1,0.5714285714285714,51.0,ACCEPT,
693,"Opposite, Tehsil 44, 120, 667, District 19","Opposite, Tehsil 44, 120",Opposite,3,1,0.4,56.2,ACCEPT,
692,"Near, Tehsil 43, 107, 630, 700693","Near, Tehsil 43, 107, 630",Near,4,1,0.3333333333333333,29.2,ACCEPT,
691,"Business Park 2, Tehsil 42, 993, 593, Gujarat","Business Park 2, Tehsil 42, 993",Business Park 2,3,1,0.6666666666666666,60.8,ACCEPT,
690,"Industrial Area 1, Tehsil 41, 980, 556, Chennai","Industrial Area 1, Tehsil 41",Industrial Area 1,2,1,0.75,75.0,ACCEPT,
689,"Campus 10, Tehsil 40, 967, 519, District 15","Campus 10, Tehsil 40, 967, 519",Campus 10,4,1,0.5,45.3,ACCEPT,
687,"Building 48, Tehsil 38, 941, 445, Maharashtra","Building 48, Tehsil 38",Building 48,2,1,0.6666666666666666,72.0,ACCEPT,
685,"226686, Tehsil 36, 915, 371, District 11","226686, Tehsil 36",226686,2,1,0.5,64.7,ACCEPT,
684,"Rajasthan, Tehsil 35, 902, 334, 302685","Rajasthan, Tehsil 35, 902",Rajasthan,3,1,0.4,53.6,ACCEPT,
683,"Noida, Tehsil 34, 889, 297, Uttar Pradesh","Noida, Tehsil 34, 889",Noida,3,1,0.4,51.8,ACCEPT,
681,"Post Rajapur, Tehsil 32, 863, 223, 110682","Post Rajapur, Tehsil 32, 863",Post Rajapur,3,1,0.5714285714285714,57.1,ACCEPT,
680,"Shivpur, Tehsil 31, 850, 186, Maharashtra","Shivpur, Tehsil 31, 850",Shivpur,3,1,0.4,54.6,ACCEPT,
679,"Main Bazaar, Tehsil 30, 837, 149, Dehradun","Main Bazaar, Tehsil 30, 837",Main Bazaar,3,1,0.5714285714285714,57.9,ACCEPT,
4678,"751179, Pearl Residency, Unit 702, 260, Odisha","751179, Pearl Residency","751179, Pearl Residency, Unit 702, 260",2,4,0.6666666666666666,57.6,ACCEPT,
4677,"Bihar, Lake View Homes, Unit 679, 223, Patna","Bihar, Lake View Homes, Unit 679","Bihar, Lake View Homes, Unit 679, 223",3,4,0.9230769230769231,77.2,ACCEPT,
4675,"District 26, Royal Enclave, Unit 633, 149, 452176","District 26, Royal Enclave, Unit 633","District 26, Royal Enclave, Unit 633, 149",3,4,0.9230769230769231,79.7,REVIEW,low_plausibility_and_reference_disagrees
4674,"Tehsil 25, Shivam Apartments, Unit 610, 112, Madhya Pradesh","Tehsil 25, Shivam Apartments","Tehsil 25, Shivam Apartments, Unit 610, 112",2,4,0.7272727272727273,69.8,ACCEPT,
4671,"Gandhi Market, Maple Heights, Unit 541, 1, 380172","Gandhi Market, Maple Heights","Gandhi Market, Maple Heights, Unit 541, 1",2,4,0.7272727272727273,61.9,REVIEW,low_plausibility_and_reference_disagrees
4670,"Municipal Park, Pearl Residency, Unit 518, 963, Tamil Nadu","Municipal Park, Pearl Residency","Municipal Park, Pearl Residency, Unit 518, 963",2,4,0.7272727272727273,66.5,ACCEPT,
4669,"Sector 17, Lake View Homes, Unit 495, 926, Hyderabad","Sector 17, Lake View Homes, Unit 495","Sector 17, Lake View Homes, Unit 495, 926",3,4,0.9333333333333333,83.8,ACCEPT,
4667,"Saket Extension, Royal Enclave, Unit 449, 852, 400168","Saket Extension, Royal Enclave","Saket Extension, Royal Enclave, Unit 449, 852",2,4,0.7272727272727273,59.9,REVIEW,low_plausibility_and_reference_disagrees
4666,"Gali 17, Shivam Apartments, Unit 426, 815, Maharashtra","Gali 17, Shivam Apartments, Unit 426","Gali 17, Shivam Apartments, Unit 426, 815",3,4,0.9230769230769231,85.6,ACCEPT,
4665,"Park Road, Lotus Heights, Unit 403, 778, Lucknow","Park Road, Lotus Heights, Unit 403","Park Road, Lotus Heights, Unit 403, 778",3,4,0.9230769230769231,81.2,ACCEPT,
4663,"Phase 2, Maple Heights, Unit 357, 704, Uttar Pradesh","Phase 2, Maple Heights","Phase 2, Maple Heights, Unit 357, 704",2,4,0.7272727272727273,66.7,ACCEPT,
4662,"Block G, Pearl Residency, Unit 334, 667, Gurugram","Block G, Pearl Residency","Block G, Pearl Residency, Unit 334, 667",2,4,0.7272727272727273,61.6,ACCEPT,
4660,"1th Floor, Sunrise Towers, Unit 288, 593, 440161","1th Floor, Sunrise Towers","1th Floor, Sunrise Towers, Unit 288, 593",2,4,0.7272727272727273,58.4,REVIEW,low_plausibility_and_reference_disagrees
4659,"Unit 265, Royal Enclave, Unit 265, 556, Uttarakhand",Unit 265,"Unit 265, Royal Enclave, Unit 265, 556",1,4,0.4444444444444444,36.3,ACCEPT,
4658,"Plot 591, Shivam Apartments, Unit 242, 519, Bhubaneswar","Plot 591, Shivam Apartments, Unit 242","Plot 591, Shivam Apartments, Unit 242, 519",3,4,0.9230769230769231,85.7,ACCEPT,
4656,"Shop 319, Green Residency, Unit 196, 445, 682157",Shop 319,"Shop 319, Green Residency, Unit 196, 445",1,4,0.4444444444444444,28.5,REVIEW,low_plausibility_and_reference_disagrees
4655,"383, Maple Heights, Unit 173, 408, Madhya Pradesh","383, Maple Heights","383, Maple Heights, Unit 173, 408",2,4,0.6666666666666666,65.7,ACCEPT,
4654,"371, Pearl Residency, Unit 150, 371, Bhopal","371, Pearl Residency","371, Pearl Residency, Unit 150, 371",2,4,0.6666666666666666,56.3,ACCEPT,
4652,"Near, Phase 3, Unit 104, 297, 700153","Near, Phase 3","Near, Phase 3, Unit 104, 297",2,4,0.6666666666666666,51.8,REVIEW,low_plausibility_and_reference_disagrees
4651,"Business Park 2, Phase 2, Unit 81, 260, Gujarat","Business Park 2, Phase 2","Business Park 2, Phase 2, Unit 81, 260",2,4,0.7692307692307693,61.2,ACCEPT,
4650,"Industrial Area 1, Phase 1, Unit 58, 223, Chennai","Industrial Area 1, Phase 1, Unit 58","Industrial Area 1, Phase 1, Unit 58, 223",3,4,0.9333333333333333,81.2,ACCEPT,
4648,"Wing A, Phase 5, Unit 12, 149, 560149","Wing A, Phase 5","Wing A, Phase 5, Unit 12, 149",2,4,0.7272727272727273,54.8,REVIEW,low_plausibility_and_reference_disagrees
4647,"Building 8, Phase 4, Unit 988, 112, Maharashtra",Building 8,"Building 8, Phase 4, Unit 988, 112",1,4,0.4444444444444444,43.7,ACCEPT,
4644,"Rajasthan, Phase 1, Unit 919, 1, 302145","Rajasthan, Phase 1, Unit 919","Rajasthan, Phase 1, Unit 919, 1",3,4,0.9090909090909091,84.4,REVIEW,low_plausibility_and_reference_disagrees
4643,"Noida, Phase 6, Unit 896, 963, Uttar Pradesh","Noida, Phase 6, Unit 896","Noida, Phase 6, Unit 896, 963",3,4,0.9090909090909091,85.5,ACCEPT,
4642,"District 68, Phase 5, Unit 873, 926, Gurugram","District 68, Phase 5","District 68, Phase 5, Unit 873, 926",2,4,0.7272727272727273,59.8,ACCEPT,
4640,"Post Shivpur, Phase 3, Unit 827, 852, 440141",Post Shivpur,"Post Shivpur, Phase 3, Unit 827, 852",1,4,0.4444444444444444,38.9,REVIEW,low_plausibility_and_reference_disagrees
4639,"Lakshmipur, Phase 2, Unit 804, 815, Uttarakhand","Lakshmipur, Phase 2","Lakshmipur, Phase 2, Unit 804, 815",2,4,0.6666666666666666,63.3,ACCEPT,
4638,"City Centre, Phase 1, Unit 781, 778, Bhubaneswar","City Centre, Phase 1","City Centre, Phase 1, Unit 781, 778",2,4,0.7272727272727273,63.8,ACCEPT,
4635,"Vijay Nagar, Phase 4, Unit 712, 667, Madhya Pradesh","Vijay Nagar, Phase 4, Unit 712","Vijay Nagar, Phase 4, Unit 712, 667",3,4,0.9230769230769231,86.9,ACCEPT,
4634,"Laxmi Enclave, Phase 3, Unit 689, 630, Bhopal","Laxmi Enclave, Phase 3, Unit 689","Laxmi Enclave, Phase 3, Unit 689, 630",3,4,0.9230769230769231,79.3,ACCEPT,
4632,"Nehru Street, Phase 1, Unit 643, 556, 700133","Nehru Street, Phase 1, Unit 643","Nehru Street, Phase 1, Unit 643, 556",3,4,0.9230769230769231,79.2,REVIEW,low_plausibility_and_reference_disagrees
742,"Green Park, Gurugram, 757, 482, Haryana","Green Park, Gurugram, 757",Green Park,3,1,0.6666666666666666,57.3,ACCEPT,
739,"Lake View Road, Dehradun, 718, 371, 248740","Lake View Road, Dehradun",Lake View Road,2,1,0.8571428571428571,74.2,ACCEPT,
738,"Airport Road, Bhubaneswar, 705, 334, Odisha","Airport Road, Bhubaneswar, 705",Airport Road,3,1,0.6666666666666666,54.5,ACCEPT,
737,"Lotus Heights, Patna, 692, 297, Patna","Lotus Heights, Patna, 692, 297",Lotus Heights,4,1,0.5714285714285714,44.9,ACCEPT,
736,"Phase 5, Kochi, 679, 260, District 62","Phase 5, Kochi, 679, 260",Phase 5,4,1,0.5714285714285714,46.8,ACCEPT,
735,"Block H, Indore, 666, 223, 452736","Block H, Indore, 666",Block H,3,1,0.6666666666666666,54.9,ACCEPT,
734,"Tower G, Bhopal, 653, 186, Madhya Pradesh","Tower G, Bhopal",Tower G,2,1,0.8,73.1,ACCEPT,
732,"Unit 853, Kolkata, 627, 112, District 58","Unit 853, Kolkata, 627",Unit 853,3,1,0.6666666666666666,59.0,ACCEPT,
731,"Plot 903, Ahmedabad, 614, 75, 380732","Plot 903, Ahmedabad, 614",Plot 903,3,1,0.6666666666666666,51.0,ACCEPT,
729,"Shop 36, Hyderabad, 588, 1, Hyderabad","Shop 36, Hyderabad, 588",Shop 36,3,1,0.6666666666666666,51.4,ACCEPT,
728,"575, Bengaluru, 575, 963, District 54","575, Bengaluru",575,2,1,0.6666666666666666,56.3,ACCEPT,
727,"926, Mumbai, 562, 926, 400728","926, Mumbai",926,2,1,0.6666666666666666,60.0,ACCEPT,
758,"Near, Bhubaneswar, 965, 75, 751759","Near, Bhubaneswar, 965, 75",Near,4,1,0.4,28.3,ACCEPT,
757,"Business Park 8, Patna, 952, 38, Bihar","Business Park 8, Patna, 952",Business Park 8,3,1,0.75,63.5,REVIEW,low_plausibility_and_reference_disagrees
756,"Industrial Area 7, Kochi, 939, 1, Kochi","Industrial Area 7, Kochi",Industrial Area 7,2,1,0.8571428571428571,79.9,ACCEPT,
754,"Wing C, Bhopal, 913, 926, 462755","Wing C, Bhopal",Wing C,2,1,0.8,68.6,ACCEPT,
751,"380752, Ahmedabad, 874, 815, District 2","380752, Ahmedabad, 874",380752,3,1,0.5,52.0,ACCEPT,
749,"District 75, Hyderabad, 848, 741, Hyderabad","District 75, Hyderabad, 848",District 75,3,1,0.6666666666666666,58.8,ACCEPT,
748,"Tehsil 49, Bengaluru, 835, 704, District 74","Tehsil 49, Bengaluru",Tehsil 49,2,1,0.8,69.7,ACCEPT,
747,"Post Rajapur, Mumbai, 822, 667, 400748","Post Rajapur, Mumbai, 822",Post Rajapur,3,1,0.6666666666666666,61.5,REVIEW,low_plausibility_and_reference_disagrees
745,"Sadar Market, Lucknow, 796, 593, Lucknow","Sadar Market, Lucknow",Sadar Market,2,1,0.8,74.9,ACCEPT,
744,"Central Mall, Jaipur, 783, 556, District 70","Central Mall, Jaipur, 783, 556",Central Mall,4,1,0.5714285714285714,52.2,ACCEPT,
743,"Sector 51, Noida, 770, 519, 202044","Sector 51, Noida, 770",Sector 51,3,1,0.6666666666666666,59.7,REVIEW,low_plausibility_and_reference_disagrees
772,"Nehru Street, West Bengal, 248, 593, Kolkata","Nehru Street, West Bengal, 248, 593",Nehru Street,4,1,0.5,41.5,ACCEPT,
770,"Shivam Apartments, Tamil Nadu, 222, 519, 600771","Shivam Apartments, Tamil Nadu, 222, 519",Shivam Apartments,4,1,0.5,45.0,ACCEPT,
768,"Block A, Karnataka, 196, 445, Bengaluru","Block A, Karnataka",Block A,2,1,0.8,65.8,ACCEPT,
767,"Tower H, Maharashtra, 183, 408, District 18","Tower H, Maharashtra",Tower H,2,1,0.8,63.3,ACCEPT,
766,"7th Floor, Maharashtra, 170, 371, 411767","7th Floor, Maharashtra, 170",7th Floor,3,1,0.6666666666666666,51.0,ACCEPT,
765,"Unit 613, Uttar Pradesh, 157, 334, Uttar Pradesh","Unit 613, Uttar Pradesh",Unit 613,2,1,0.6666666666666666,62.9,ACCEPT,
764,"Plot 531, Rajasthan, 144, 297, Jaipur","Plot 531, Rajasthan",Plot 531,2,1,0.8,66.1,ACCEPT,
763,"Office 486, Uttar Pradesh, 131, 260, District 14","Office 486, Uttar Pradesh, 131, 260",Office 486,4,1,0.5,42.8,ACCEPT,
762,"Shop 399, Haryana, 118, 223, 122763","Shop 399, Haryana, 118",Shop 399,3,1,0.6666666666666666,55.0,ACCEPT,
760,"149, Maharashtra, 991, 149, Nagpur","149, Maharashtra, 991, 149",149,4,1,0.4,25.2,ACCEPT,
759,"Opposite, Dehradun, 978, 112, District 10","Opposite, Dehradun",Opposite,2,1,0.6666666666666666,70.0,ACCEPT,
790,"Business Park 11, Tamil Nadu, 482, 260, District 41","Business Park 11, Tamil Nadu, 482, 260",Business Park 11,4,1,0.6,51.5,REVIEW,low_plausibility_and_reference_disagrees
789,"Industrial Area 10, Telangana, 469, 223, 500790","Industrial Area 10, Telangana, 469, 223",Industrial Area 10,4,1,0.6666666666666666,46.7,ACCEPT,
788,"Campus 9, Karnataka, 456, 186, Karnataka","Campus 9, Karnataka, 456",Campus 9,3,1,0.6666666666666666,54.8,ACCEPT,
787,"Wing D, Maharashtra, 443, 149, Mumbai","Wing D, Maharashtra, 443",Wing D,3,1,0.6666666666666666,46.0,ACCEPT,
786,"Building 67, Maharashtra, 430, 112, District 37","Building 67, Maharashtra, 430, 112",Building 67,4,1,0.5714285714285714,45.8,ACCEPT,
785,"Opposite, Uttar Pradesh, 417, 75, 226786","Opposite, Uttar Pradesh, 417",Opposite,3,1,0.4,46.1,ACCEPT,
784,"302785, Rajasthan, 404, 38, Rajasthan","302785, Rajasthan, 404",302785,3,1,0.5,50.4,ACCEPT,
783,"Noida, Uttar Pradesh, 391, 1, District 34","Noida, Uttar Pradesh",Noida,2,1,0.5,55.4,REVIEW,low_plausibility_and_reference_disagrees
782,"District 33, Haryana, 378, 963, 122783","District 33, Haryana",District 33,2,1,0.8,73.5,ACCEPT,
780,"Post Rampur, Maharashtra, 352, 889, Nagpur","Post Rampur, Maharashtra, 352, 889",Post Rampur,4,1,0.5714285714285714,38.7,REVIEW,low_plausibility_and_reference_disagrees
779,"Madhopur, Uttarakhand, 339, 852, District 30","Madhopur, Uttarakhand, 339, 852",Madhopur,4,1,0.4,42.0,REVIEW,low_plausibility_and_reference_disagrees
777,"City Hospital, Bihar, 313, 778, Bihar","City Hospital, Bihar, 313",City Hospital,3,1,0.6666666666666666,63.1,REVIEW,low_plausibility_and_reference_disagrees
776,"Sector 84, Kerala, 300, 741, Kochi","Sector 84, Kerala, 300, 741",Sector 84,4,1,0.5714285714285714,39.2,REVIEW,low_plausibility_and_reference_disagrees
775,"Vijay Nagar, Madhya Pradesh, 287, 704, District 26","Vijay Nagar, Madhya Pradesh",Vijay Nagar,2,1,0.6666666666666666,64.7,REVIEW,low_plausibility_and_reference_disagrees
4630,"Pearl Residency, Phase 5, Unit 597, 482, Chennai","Pearl Residency, Phase 5, Unit 597","Pearl Residency, Phase 5, Unit 597, 482",3,4,0.9230769230769231,81.2,ACCEPT,
4629,"Block F, Phase 4, Unit 574, 445, 500130","Block F, Phase 4, Unit 574","Block F, Phase 4, Unit 574, 445",3,4,0.9230769230769231,78.5,REVIEW,low_plausibility_and_reference_disagrees
4628,"Tower E, Phase 3, Unit 551, 408, Karnataka",Tower E,"Tower E, Phase 3, Unit 551, 408",1,4,0.4444444444444444,37.1,ACCEPT,
4627,"8th Floor, Phase 2, Unit 528, 371, Mumbai","8th Floor, Phase 2, Unit 528","8th Floor, Phase 2, Unit 528, 371",3,4,0.9230769230769231,78.8,ACCEPT,
4624,"Office 496, Phase 5, Unit 459, 260, Rajasthan","Office 496, Phase 5, Unit 459","Office 496, Phase 5, Unit 459, 260",3,4,0.9230769230769231,83.1,ACCEPT,
4621,"149, Phase 2, Unit 390, 149, 110122","149, Phase 2","149, Phase 2, Unit 390, 149",2,4,0.6666666666666666,50.9,REVIEW,low_plausibility_and_reference_disagrees
4620,"Opposite, Block E, Unit 367, 112, Maharashtra","Opposite, Block E","Opposite, Block E, Unit 367, 112",2,4,0.6666666666666666,62.2,ACCEPT,
4619,"Near, Block D, Unit 344, 75, Dehradun","Near, Block D, Unit 344","Near, Block D, Unit 344, 75",3,4,0.9090909090909091,83.5,ACCEPT,
4616,"Campus 17, Block A, Unit 275, 963, Kerala",Campus 17,"Campus 17, Block A, Unit 275, 963",1,4,0.4444444444444444,35.4,ACCEPT,
4615,"Wing H, Block H, Unit 252, 926, Indore",Wing H,"Wing H, Block H, Unit 252, 926",1,4,0.4444444444444444,30.8,ACCEPT,
806,"Gali 27, 411807, 690, 852, District 57","Gali 27, 411807",Gali 27,2,1,0.8,72.3,REVIEW,low_plausibility_and_reference_disagrees
805,"Park Road, 226806, 677, 815, 226806","Park Road, 226806, 677",Park Road,3,1,0.6666666666666666,58.0,ACCEPT,
803,"Royal Enclave, 202104, 651, 741, Noida","Royal Enclave, 202104, 651",Royal Enclave,3,1,0.6666666666666666,61.4,REVIEW,low_plausibility_and_reference_disagrees
802,"Phase 5, 122803, 638, 704, District 53","Phase 5, 122803, 638, 704",Phase 5,4,1,0.5714285714285714,45.6,REVIEW,low_plausibility_and_reference_disagrees
800,"Tower A, 440801, 612, 630, Maharashtra","Tower A, 440801",Tower A,2,1,0.8,72.3,REVIEW,low_plausibility_and_reference_disagrees
799,"20th Floor, 248800, 599, 593, Dehradun","20th Floor, 248800",20th Floor,2,1,0.8,75.3,REVIEW,low_plausibility_and_reference_disagrees
798,"Unit 373, 751799, 586, 556, District 49","Unit 373, 751799, 586",Unit 373,3,1,0.6666666666666666,60.5,REVIEW,low_plausibility_and_reference_disagrees
796,"Office 148, 682797, 560, 482, Kerala","Office 148, 682797, 560",Office 148,3,1,0.6666666666666666,59.3,REVIEW,low_plausibility_and_reference_disagrees
795,"Shop 263, 452796, 547, 445, Indore","Shop 263, 452796, 547, 445",Shop 263,4,1,0.5714285714285714,39.8,REVIEW,low_plausibility_and_reference_disagrees
793,"371, 160794, 521, 371, 160794","371, 160794, 521",371,3,1,0.5,45.1,REVIEW,low_plausibility_and_reference_disagrees
792,"Opposite, West Bengal, 508, 334, West Bengal","Opposite, West Bengal, 508",Opposite,3,1,0.4,53.7,ACCEPT,
791,"Near, Gujarat, 495, 297, Ahmedabad","Near, Gujarat",Near,2,1,0.6666666666666666,62.6,ACCEPT,
822,"Industrial Area 13, 122823, 898, 445, Gurugram","Industrial Area 13, 122823, 898, 445",Industrial Area 13,4,1,0.6666666666666666,53.2,REVIEW,low_plausibility_and_reference_disagrees
820,"Wing E, 440821, 872, 371, 440821","Wing E, 440821",Wing E,2,1,0.8,68.6,REVIEW,low_plausibility_and_reference_disagrees
819,"Building 20, 248820, 859, 334, Uttarakhand","Building 20, 248820, 859",Building 20,3,1,0.6666666666666666,64.4,REVIEW,low_plausibility_and_reference_disagrees
818,"Behind, 751819, 846, 297, Bhubaneswar","Behind, 751819, 846, 297",Behind,4,1,0.4,43.8,ACCEPT,
817,"Bihar, 800818, 833, 260, 800818","Bihar, 800818",Bihar,2,1,0.6666666666666666,66.3,ACCEPT,
816,"Kochi, 682817, 820, 223, Kerala","Kochi, 682817, 820",Kochi,3,1,0.5,50.8,ACCEPT,
815,"District 66, 452816, 807, 186, Indore","District 66, 452816, 807",District 66,3,1,0.6666666666666666,60.5,ACCEPT,
813,"Post Rajapur, 160814, 781, 112, 160814","Post Rajapur, 160814, 781, 112",Post Rajapur,4,1,0.5714285714285714,44.8,ACCEPT,
812,"Shivpur, 700813, 768, 75, West Bengal","Shivpur, 700813",Shivpur,2,1,0.6666666666666666,71.9,ACCEPT,
811,"Gandhi Market, 380812, 755, 38, Ahmedabad","Gandhi Market, 380812, 755",Gandhi Market,3,1,0.6666666666666666,64.3,REVIEW,low_plausibility_and_reference_disagrees
810,"Metro Station, 600811, 742, 1, District 61","Metro Station, 600811, 742",Metro Station,3,1,0.6666666666666666,65.0,ACCEPT,
809,"Sector 18, 500810, 729, 963, 500810","Sector 18, 500810",Sector 18,2,1,0.8,73.3,ACCEPT,
807,"Saket Extension, 400808, 703, 889, Mumbai","Saket Extension, 400808, 703, 889",Saket Extension,4,1,0.5714285714285714,47.6,ACCEPT,
838,"Airport Road, Behind, 207, 38, Bhubaneswar",Airport Road,"Airport Road, Behind, 207, 38",1,4,0.5714285714285714,53.5,ACCEPT,
836,"Sunrise Towers, Near, 181, 963, 682837",Sunrise Towers,"Sunrise Towers, Near, 181, 963",1,4,0.5714285714285714,49.1,REVIEW,low_plausibility_and_reference_disagrees
834,"Block C, Behind, 155, 889, Bhopal","Block C, Behind, 155","Block C, Behind, 155, 889",3,4,0.8888888888888888,77.3,ACCEPT,
832,"13th Floor, Near, 129, 815, 700833",13th Floor,"13th Floor, Near, 129, 815",1,4,0.5714285714285714,45.0,REVIEW,low_plausibility_and_reference_disagrees
831,"Unit 133, Beside, 116, 778, Gujarat","Unit 133, Beside","Unit 133, Beside, 116, 778",2,4,0.75,63.9,ACCEPT,
828,"Shop 127, Near, 976, 667, 560829","Shop 127, Near, 976","Shop 127, Near, 976, 667",3,4,0.8888888888888888,77.1,REVIEW,low_plausibility_and_reference_disagrees
826,"593, Behind, 950, 593, Pune","593, Behind, 950","593, Behind, 950, 593",3,4,0.8571428571428571,71.4,ACCEPT,
824,"Near, 302825, 924, 519, 302825","Near, 302825",Near,2,1,0.6666666666666666,63.5,ACCEPT,
823,"Business Park 14, 202124, 911, 482, Uttar Pradesh","Business Park 14, 202124, 911",Business Park 14,3,1,0.75,69.9,ACCEPT,
854,"Campus 15, Behind, 415, 630, Madhya Pradesh","Campus 15, Behind","Campus 15, Behind, 415, 630",2,4,0.75,72.5,ACCEPT,
851,"380852, Beside, 376, 519, Gujarat",380852,"380852, Beside, 376, 519",1,4,0.4,38.2,ACCEPT,
850,"Tamil Nadu, Behind, 363, 482, Chennai","Tamil Nadu, Behind, 363","Tamil Nadu, Behind, 363, 482",3,4,0.8888888888888888,79.6,ACCEPT,
847,"Tehsil 48, Beside, 324, 371, Maharashtra","Tehsil 48, Beside, 324","Tehsil 48, Beside, 324, 371",3,4,0.8888888888888888,83.7,ACCEPT,
844,"Main Bazaar, Near, 285, 260, 302845","Main Bazaar, Near","Main Bazaar, Near, 285, 260",2,4,0.75,62.5,REVIEW,low_plausibility_and_reference_disagrees
843,"Clock Tower, Beside, 272, 223, Uttar Pradesh","Clock Tower, Beside, 272","Clock Tower, Beside, 272, 223",3,4,0.8888888888888888,85.5,ACCEPT,
842,"Sector 51, Behind, 259, 186, Gurugram","Sector 51, Behind, 259","Sector 51, Behind, 259, 186",3,4,0.8888888888888888,80.8,ACCEPT,
840,"Shanti Nagar, Near, 233, 112, 440841","Shanti Nagar, Near, 233","Shanti Nagar, Near, 233, 112",3,4,0.8888888888888888,78.0,REVIEW,low_plausibility_and_reference_disagrees
870,"MG Road, Building 71, 623, 223, Tamil Nadu","MG Road, Building 71","MG Road, Building 71, 623, 223",2,4,0.8,70.1,ACCEPT,
869,"Lake View Homes, Building 70, 610, 186, Hyderabad","Lake View Homes, Building 70","Lake View Homes, Building 70, 610, 186",2,4,0.8333333333333334,71.4,ACCEPT,
867,"Block D, Building 68, 584, 112, 400868","Block D, Building 68, 584","Block D, Building 68, 584, 112",3,4,0.9090909090909091,78.3,REVIEW,low_plausibility_and_reference_disagrees
865,"6th Floor, Building 66, 558, 38, Lucknow","6th Floor, Building 66","6th Floor, Building 66, 558, 38",2,4,0.8,68.4,ACCEPT,
863,"Plot 414, Building 64, 532, 963, 202164",Plot 414,"Plot 414, Building 64, 532, 963",1,4,0.5,34.8,REVIEW,low_plausibility_and_reference_disagrees
859,"815, Building 60, 480, 815, 248860","815, Building 60","815, Building 60, 480, 815",2,4,0.75,62.0,REVIEW,low_plausibility_and_reference_disagrees
858,"Opposite, Behind, 467, 778, Odisha","Opposite, Behind","Opposite, Behind, 467, 778",2,4,0.6666666666666666,62.0,ACCEPT,
857,"Near, Opposite, 454, 741, Patna","Near, Opposite, 454","Near, Opposite, 454, 741",3,4,0.8571428571428571,75.0,ACCEPT,
4612,"700113, Block E, Unit 183, 815, West Bengal","700113, Block E, Unit 183","700113, Block E, Unit 183, 815",3,4,0.9090909090909091,84.3,ACCEPT,
4611,"Gujarat, Block D, Unit 160, 778, Ahmedabad","Gujarat, Block D, Unit 160","Gujarat, Block D, Unit 160, 778",3,4,0.9090909090909091,82.7,ACCEPT,
4609,"District 35, Block B, Unit 114, 704, 500110","District 35, Block B","District 35, Block B, Unit 114, 704",2,4,0.7272727272727273,56.3,REVIEW,low_plausibility_and_reference_disagrees
4608,"Tehsil 9, Block A, Unit 91, 667, Karnataka","Tehsil 9, Block A","Tehsil 9, Block A, Unit 91, 667",2,4,0.7272727272727273,61.1,ACCEPT,
4607,"Post Madhopur, Block H, Unit 68, 630, Mumbai","Post Madhopur, Block H, Unit 68","Post Madhopur, Block H, Unit 68, 630",3,4,0.9230769230769231,79.2,ACCEPT,
4605,"Sadar Market, Block F, Unit 22, 556, 226106","Sadar Market, Block F, Unit 22","Sadar Market, Block F, Unit 22, 556",3,4,0.9230769230769231,79.0,REVIEW,low_plausibility_and_reference_disagrees
4603,"Sector 50, Block D, Unit 975, 482, Noida","Sector 50, Block D, Unit 975","Sector 50, Block D, Unit 975, 482",3,4,0.9230769230769231,76.7,ACCEPT,
4601,"Gandhi Nagar, Block B, Unit 929, 408, 110102","Gandhi Nagar, Block B, Unit 929","Gandhi Nagar, Block B, Unit 929, 408",3,4,0.9230769230769231,79.2,REVIEW,low_plausibility_and_reference_disagrees
885,"Opposite, Building 6, 818, 778, Lucknow","Opposite, Building 6, 818","Opposite, Building 6, 818, 778",3,4,0.8888888888888888,80.0,ACCEPT,
883,"Uttar Pradesh, Building 4, 792, 704, 202184","Uttar Pradesh, Building 4, 792","Uttar Pradesh, Building 4, 792, 704",3,4,0.9090909090909091,79.0,REVIEW,low_plausibility_and_reference_disagrees
879,"Post Rajapur, Building 80, 740, 556, 248880","Post Rajapur, Building 80, 740","Post Rajapur, Building 80, 740, 556",3,4,0.9090909090909091,79.0,REVIEW,low_plausibility_and_reference_disagrees
878,"Shivpur, Building 79, 727, 519, Odisha","Shivpur, Building 79, 727","Shivpur, Building 79, 727, 519",3,4,0.8888888888888888,78.3,ACCEPT,
877,"New Market, Building 78, 714, 482, Patna","New Market, Building 78, 714","New Market, Building 78, 714, 482",3,4,0.9090909090909091,76.7,ACCEPT,
875,"Sector 84, Building 76, 688, 408, 452876","Sector 84, Building 76","Sector 84, Building 76, 688, 408",2,4,0.8,64.7,REVIEW,low_plausibility_and_reference_disagrees
874,"Laxmi Enclave, Building 75, 675, 371, Madhya Pradesh","Laxmi Enclave, Building 75, 675","Laxmi Enclave, Building 75, 675, 371",3,4,0.9090909090909091,87.0,ACCEPT,
871,"Station Road, Building 72, 636, 260, 380872","Station Road, Building 72, 636","Station Road, Building 72, 636, 260",3,4,0.9090909090909091,79.0,REVIEW,low_plausibility_and_reference_disagrees
902,"Pearl Residency, Wing G, 140, 408, 122003","Pearl Residency, Wing G, 140","Pearl Residency, Wing G, 140, 408",3,4,0.9090909090909091,78.8,REVIEW,low_plausibility_and_reference_disagrees
898,"19th Floor, Wing C, 987, 260, 751899","19th Floor, Wing C, 987","19th Floor, Wing C, 987, 260",3,4,0.9090909090909091,78.0,REVIEW,low_plausibility_and_reference_disagrees
897,"Unit 652, Wing B, 974, 223, Bihar","Unit 652, Wing B","Unit 652, Wing B, 974, 223",2,4,0.8,59.7,ACCEPT,
896,"Plot 42, Wing A, 961, 186, Kochi","Plot 42, Wing A, 961","Plot 42, Wing A, 961, 186",3,4,0.9090909090909091,75.2,ACCEPT,
894,"Shop 354, Wing G, 935, 112, 462895","Shop 354, Wing G, 935","Shop 354, Wing G, 935, 112",3,4,0.9090909090909091,77.6,REVIEW,low_plausibility_and_reference_disagrees
892,"38, Wing E, 909, 38, Kolkata","38, Wing E","38, Wing E, 909, 38",2,4,0.75,61.3,ACCEPT,
890,"Near, Building 11, 883, 963, 600891","Near, Building 11, 883","Near, Building 11, 883, 963",3,4,0.8888888888888888,77.8,REVIEW,low_plausibility_and_reference_disagrees
889,"Business Park 5, Building 10, 870, 926, Telangana",Business Park 5,"Business Park 5, Building 10, 870, 926",1,4,0.6,47.2,ACCEPT,
4596,"Phase 1, Block E, Unit 814, 223, Kerala","Phase 1, Block E, Unit 814","Phase 1, Block E, Unit 814, 223",3,4,0.9230769230769231,78.5,ACCEPT,
4594,"15th Floor, Block C, Unit 768, 149, 462095","15th Floor, Block C","15th Floor, Block C, Unit 768, 149",2,4,0.7272727272727273,55.8,REVIEW,low_plausibility_and_reference_disagrees
4592,"Plot 336, Block A, Unit 722, 75, Kolkata","Plot 336, Block A","Plot 336, Block A, Unit 722, 75",2,4,0.7272727272727273,57.9,ACCEPT,
4590,"Shop 92, Block G, Unit 676, 1, 600091",Shop 92,"Shop 92, Block G, Unit 676, 1",1,4,0.4444444444444444,34.2,REVIEW,low_plausibility_and_reference_disagrees
4589,"424, Block F, Unit 653, 963, Telangana",424,"424, Block F, Unit 653, 963",1,4,0.2857142857142857,29.1,ACCEPT,
4588,"926, Block E, Unit 630, 926, Bengaluru","926, Block E","926, Block E, Unit 630, 926",2,4,0.6666666666666666,55.9,ACCEPT,
4586,"Near, Tower C, Unit 584, 852, 411087","Near, Tower C, Unit 584","Near, Tower C, Unit 584, 852",3,4,0.9090909090909091,78.0,REVIEW,low_plausibility_and_reference_disagrees
4585,"Business Park 11, Tower B, Unit 561, 815, Uttar Pradesh",Business Park 11,"Business Park 11, Tower B, Unit 561, 815",1,4,0.5454545454545454,51.6,ACCEPT,
4584,"Industrial Area 10, Tower A, Unit 538, 778, Jaipur","Industrial Area 10, Tower A","Industrial Area 10, Tower A, Unit 538, 778",2,4,0.7692307692307693,59.0,ACCEPT,
918,"Behind, Wing G, 348, 1, 751019","Behind, Wing G, 348","Behind, Wing G, 348, 1",3,4,0.8888888888888888,83.2,REVIEW,low_plausibility_and_reference_disagrees
917,"800018, Wing F, 335, 963, Bihar","800018, Wing F","800018, Wing F, 335, 963",2,4,0.75,58.4,ACCEPT,
916,"Kerala, Wing E, 322, 926, Kochi","Kerala, Wing E","Kerala, Wing E, 322, 926",2,4,0.75,58.4,ACCEPT,
914,"District 15, Wing C, 296, 852, 462015","District 15, Wing C","District 15, Wing C, 296, 852",2,4,0.8,63.5,REVIEW,low_plausibility_and_reference_disagrees
912,"Post Rampur, Wing A, 270, 778, Kolkata","Post Rampur, Wing A, 270","Post Rampur, Wing A, 270, 778",3,4,0.9090909090909091,79.8,ACCEPT,
910,"Sadar Market, Wing G, 244, 704, 600011","Sadar Market, Wing G","Sadar Market, Wing G, 244, 704",2,4,0.8,63.9,REVIEW,low_plausibility_and_reference_disagrees
909,"Railway Station, Wing F, 231, 667, Telangana","Railway Station, Wing F, 231","Railway Station, Wing F, 231, 667",3,4,0.9090909090909091,83.0,ACCEPT,
906,"Ashok Vihar, Wing C, 192, 556, 411007",Ashok Vihar,"Ashok Vihar, Wing C, 192, 556",1,4,0.5,43.8,REVIEW,low_plausibility_and_reference_disagrees
905,"Gali 6, Wing B, 179, 519, Uttar Pradesh","Gali 6, Wing B, 179","Gali 6, Wing B, 179, 519",3,4,0.9090909090909091,84.4,ACCEPT,
904,"Ring Road, Wing A, 166, 482, Jaipur",Ring Road,"Ring Road, Wing A, 166, 482",1,4,0.5,41.3,ACCEPT,
933,"Block F, Campus 14, 543, 556, 160034","Block F, Campus 14, 543","Block F, Campus 14, 543, 556",3,4,0.9090909090909091,78.0,REVIEW,low_plausibility_and_reference_disagrees
932,"Tower E, Campus 13, 530, 519, West Bengal","Tower E, Campus 13, 530","Tower E, Campus 13, 530, 519",3,4,0.9090909090909091,83.9,ACCEPT,
931,"12th Floor, Campus 12, 517, 482, Ahmedabad","12th Floor, Campus 12, 517","12th Floor, Campus 12, 517, 482",3,4,0.9090909090909091,82.7,ACCEPT,
928,"Office 594, Campus 9, 478, 371, Karnataka",Office 594,"Office 594, Campus 9, 478, 371",1,4,0.5,45.2,ACCEPT,
927,"Shop 218, Campus 8, 465, 334, Mumbai","Shop 218, Campus 8","Shop 218, Campus 8, 465, 334",2,4,0.8,63.0,ACCEPT,
925,"260, Campus 6, 439, 260, 226026",260,"260, Campus 6, 439, 260",1,4,0.3333333333333333,27.5,REVIEW,low_plausibility_and_reference_disagrees
924,"Opposite, Wing E, 426, 223, Rajasthan","Opposite, Wing E, 426","Opposite, Wing E, 426, 223",3,4,0.8888888888888888,81.7,ACCEPT,
923,"Near, Wing D, 413, 186, Noida",Near,"Near, Wing D, 413, 186",1,4,0.3333333333333333,29.9,ACCEPT,
921,"Industrial Area 7, Wing B, 387, 112, 110022",Industrial Area 7,"Industrial Area 7, Wing B, 387, 112",1,4,0.6,49.1,REVIEW,low_plausibility_and_reference_disagrees
920,"Campus 1, Wing A, 374, 75, Maharashtra","Campus 1, Wing A","Campus 1, Wing A, 374, 75",2,4,0.8,71.1,ACCEPT,
4582,"Wing G, Tower G, Unit 492, 704, 122083","Wing G, Tower G, Unit 492","Wing G, Tower G, Unit 492, 704",3,4,0.9230769230769231,78.3,REVIEW,low_plausibility_and_reference_disagrees
4580,"Near, Tower E, Unit 446, 630, Nagpur",Near,"Near, Tower E, Unit 446, 630",1,4,0.2857142857142857,26.8,ACCEPT,
4578,"Odisha, Tower C, Unit 400, 556, 751079","Odisha, Tower C","Odisha, Tower C, Unit 400, 556",2,4,0.6666666666666666,53.3,REVIEW,low_plausibility_and_reference_disagrees
4577,"Patna, Tower B, Unit 377, 519, Bihar","Patna, Tower B, Unit 377","Patna, Tower B, Unit 377, 519",3,4,0.9090909090909091,76.1,ACCEPT,
4576,"District 2, Tower A, Unit 354, 482, Kochi","District 2, Tower A, Unit 354","District 2, Tower A, Unit 354, 482",3,4,0.9230769230769231,76.8,ACCEPT,
4574,"Post Shivpur, Tower G, Unit 308, 408, 462075","Post Shivpur, Tower G, Unit 308","Post Shivpur, Tower G, Unit 308, 408",3,4,0.9230769230769231,79.2,REVIEW,low_plausibility_and_reference_disagrees
4572,"New Market, Tower E, Unit 262, 334, Kolkata",New Market,"New Market, Tower E, Unit 262, 334",1,4,0.4444444444444444,38.3,ACCEPT,
4570,"Sector 17, Tower C, Unit 216, 260, 600071","Sector 17, Tower C","Sector 17, Tower C, Unit 216, 260",2,4,0.7272727272727273,55.2,REVIEW,low_plausibility_and_reference_disagrees
949,"Telangana, Campus 10, 751, 149, 500050","Telangana, Campus 10","Telangana, Campus 10, 751, 149",2,4,0.75,63.9,REVIEW,low_plausibility_and_reference_disagrees
948,"Bengaluru, Campus 9, 738, 112, Karnataka",Bengaluru,"Bengaluru, Campus 9, 738, 112",1,4,0.3333333333333333,43.9,ACCEPT,
943,"City Centre, Campus 4, 673, 926, Noida",City Centre,"City Centre, Campus 4, 673, 926",1,4,0.5,39.6,ACCEPT,
941,"Sector 51, Campus 2, 647, 852, 110042","Sector 51, Campus 2, 647","Sector 51, Campus 2, 647, 852",3,4,0.9090909090909091,78.2,REVIEW,low_plausibility_and_reference_disagrees
939,"Rosewood Layout, Campus 20, 621, 778, Dehradun",Rosewood Layout,"Rosewood Layout, Campus 20, 621, 778",1,4,0.5,47.8,ACCEPT,
937,"College Road, Campus 18, 595, 704, 800038","College Road, Campus 18, 595","College Road, Campus 18, 595, 704",3,4,0.9090909090909091,78.8,REVIEW,low_plausibility_and_reference_disagrees
936,"Main Bazaar, Campus 17, 582, 667, Kerala","Main Bazaar, Campus 17, 582","Main Bazaar, Campus 17, 582, 667",3,4,0.9090909090909091,78.6,ACCEPT,
935,"Maple Heights, Campus 16, 569, 630, Indore","Maple Heights, Campus 16, 569","Maple Heights, Campus 16, 569, 630",3,4,0.9090909090909091,78.9,ACCEPT,
966,"Block G, Industrial Area 7, 972, 778, Pune","Block G, Industrial Area 7","Block G, Industrial Area 7, 972, 778",2,4,0.8333333333333334,60.9,ACCEPT,
964,"5th Floor, Industrial Area 5, 946, 704, 302065","5th Floor, Industrial Area 5","5th Floor, Industrial Area 5, 946, 704",2,4,0.8333333333333334,66.4,REVIEW,low_plausibility_and_reference_disagrees
963,"Unit 172, Industrial Area 4, 933, 667, Uttar Pradesh","Unit 172, Industrial Area 4","Unit 172, Industrial Area 4, 933, 667",2,4,0.8333333333333334,75.4,ACCEPT,
962,"Plot 297, Industrial Area 3, 920, 630, Gurugram","Plot 297, Industrial Area 3","Plot 297, Industrial Area 3, 920, 630",2,4,0.8333333333333334,69.7,ACCEPT,
960,"Shop 82, Industrial Area 1, 894, 556, 440061","Shop 82, Industrial Area 1, 894","Shop 82, Industrial Area 1, 894, 556",3,4,0.9230769230769231,79.2,REVIEW,low_plausibility_and_reference_disagrees
959,"881, Industrial Area 15, 881, 519, Uttarakhand","881, Industrial Area 15, 881","881, Industrial Area 15, 881, 519",3,4,0.9090909090909091,84.7,ACCEPT,
958,"482, Industrial Area 14, 868, 482, Bhubaneswar","482, Industrial Area 14, 868","482, Industrial Area 14, 868, 482",3,4,0.9090909090909091,84.7,ACCEPT,
955,"Business Park 11, Campus 16, 829, 371, Madhya Pradesh","Business Park 11, Campus 16","Business Park 11, Campus 16, 829, 371",2,4,0.8333333333333334,76.2,ACCEPT,
954,"Industrial Area 10, Campus 15, 816, 334, Bhopal","Industrial Area 10, Campus 15","Industrial Area 10, Campus 15, 816, 334",2,4,0.8333333333333334,66.7,ACCEPT,
953,"Wing B, Campus 14, 803, 297, 160054",Wing B,"Wing B, Campus 14, 803, 297",1,4,0.5,33.3,REVIEW,low_plausibility_and_reference_disagrees
952,"Building 73, Campus 13, 790, 260, West Bengal","Building 73, Campus 13, 790","Building 73, Campus 13, 790, 260",3,4,0.9090909090909091,84.6,ACCEPT,
982,"Haryana, Industrial Area 8, 281, 371, Gurugram","Haryana, Industrial Area 8, 281","Haryana, Industrial Area 8, 281, 371",3,4,0.9090909090909091,82.2,ACCEPT,
980,"District 6, Industrial Area 6, 255, 297, 440081",District 6,"District 6, Industrial Area 6, 255, 297",1,4,0.4444444444444444,32.9,REVIEW,low_plausibility_and_reference_disagrees
979,"Tehsil 30, Industrial Area 5, 242, 260, Uttarakhand","Tehsil 30, Industrial Area 5","Tehsil 30, Industrial Area 5, 242, 260",2,4,0.8333333333333334,73.8,ACCEPT,
978,"Post Rampur, Industrial Area 4, 229, 223, Bhubaneswar","Post Rampur, Industrial Area 4, 229","Post Rampur, Industrial Area 4, 229, 223",3,4,0.9230769230769231,85.5,ACCEPT,
976,"Gandhi Market, Industrial Area 2, 203, 149, 682077","Gandhi Market, Industrial Area 2","Gandhi Market, Industrial Area 2, 203, 149",2,4,0.8333333333333334,67.3,REVIEW,low_plausibility_and_reference_disagrees
975,"City Library, Industrial Area 1, 190, 112, Madhya Pradesh","City Library, Industrial Area 1, 190","City Library, Industrial Area 1, 190, 112",3,4,0.9230769230769231,87.5,ACCEPT,
974,"Sector 84, Industrial Area 15, 177, 75, Bhopal","Sector 84, Industrial Area 15, 177","Sector 84, Industrial Area 15, 177, 75",3,4,0.9230769230769231,82.0,ACCEPT,
972,"Green Park, Industrial Area 13, 151, 1, 700073","Green Park, Industrial Area 13","Green Park, Industrial Area 13, 151, 1",2,4,0.8333333333333334,70.3,REVIEW,low_plausibility_and_reference_disagrees
970,"MG Road, Industrial Area 11, 125, 926, Chennai","MG Road, Industrial Area 11","MG Road, Industrial Area 11, 125, 926",2,4,0.8333333333333334,68.1,ACCEPT,
968,"Green Residency, Industrial Area 9, 998, 852, 560069","Green Residency, Industrial Area 9","Green Residency, Industrial Area 9, 998, 852",2,4,0.8333333333333334,67.7,REVIEW,low_plausibility_and_reference_disagrees
4566,"Main Bazaar, Tower G, Unit 124, 112, 411067","Main Bazaar, Tower G, Unit 124","Main Bazaar, Tower G, Unit 124, 112",3,4,0.9230769230769231,79.0,REVIEW,low_plausibility_and_reference_disagrees
4565,"Park Road, Tower F, Unit 101, 75, Uttar Pradesh","Park Road, Tower F, Unit 101","Park Road, Tower F, Unit 101, 75",3,4,0.9230769230769231,88.1,ACCEPT,
4564,"Sunrise Towers, Tower E, Unit 78, 38, Jaipur","Sunrise Towers, Tower E, Unit 78","Sunrise Towers, Tower E, Unit 78, 38",3,4,0.9230769230769231,81.9,ACCEPT,
4559,"Plot 708, Tower H, Unit 962, 852, 248060","Plot 708, Tower H","Plot 708, Tower H, Unit 962, 852",2,4,0.7272727272727273,54.7,REVIEW,low_plausibility_and_reference_disagrees
4558,"Office 273, Tower G, Unit 939, 815, Odisha",Office 273,"Office 273, Tower G, Unit 939, 815",1,4,0.4444444444444444,36.7,ACCEPT,
4557,"Shop 228, Tower F, Unit 916, 778, Patna","Shop 228, Tower F, Unit 916","Shop 228, Tower F, Unit 916, 778",3,4,0.9230769230769231,76.6,ACCEPT,
4555,"704, Tower D, Unit 870, 704, 452056","704, Tower D, Unit 870","704, Tower D, Unit 870, 704",3,4,0.9090909090909091,77.8,REVIEW,low_plausibility_and_reference_disagrees
4551,"Industrial Area 7, 12th Floor, Unit 778, 556, 380052","Industrial Area 7, 12th Floor, Unit 778","Industrial Area 7, 12th Floor, Unit 778, 556",3,4,0.9333333333333333,79.9,REVIEW,low_plausibility_and_reference_disagrees
998,"Tower G, Business Park 9, 489, 963, Odisha","Tower G, Business Park 9, 489","Tower G, Business Park 9, 489, 963",3,4,0.9230769230769231,78.9,ACCEPT,
997,"18th Floor, Business Park 8, 476, 926, Patna","18th Floor, Business Park 8, 476","18th Floor, Business Park 8, 476, 926",3,4,0.9230769230769231,77.2,ACCEPT,
995,"Plot 924, Business Park 6, 450, 852, 452096","Plot 924, Business Park 6, 450","Plot 924, Business Park 6, 450, 852",3,4,0.9230769230769231,79.0,REVIEW,low_plausibility_and_reference_disagrees
994,"Office 817, Business Park 5, 437, 815, Madhya Pradesh",Office 817,"Office 817, Business Park 5, 437, 815",1,4,0.4444444444444444,44.1,ACCEPT,
991,"704, Business Park 2, 398, 704, 380092",704,"704, Business Park 2, 398, 704",1,4,0.2857142857142857,22.6,REVIEW,low_plausibility_and_reference_disagrees
990,"Opposite, Industrial Area 1, 385, 667, Tamil Nadu",Opposite,"Opposite, Industrial Area 1, 385, 667",1,4,0.2857142857142857,35.9,ACCEPT,
989,"Near, Industrial Area 15, 372, 630, Hyderabad","Near, Industrial Area 15","Near, Industrial Area 15, 372, 630",2,4,0.8,70.3,ACCEPT,
987,"Campus 8, Industrial Area 13, 346, 556, Maharashtra","Campus 8, Industrial Area 13","Campus 8, Industrial Area 13, 346, 556",2,4,0.8333333333333334,73.8,ACCEPT,
986,"Wing C, Industrial Area 12, 333, 519, Pune","Wing C, Industrial Area 12","Wing C, Industrial Area 12, 333, 519",2,4,0.8333333333333334,60.9,ACCEPT,
984,"Near, Industrial Area 10, 307, 445, 302085","Near, Industrial Area 10, 307","Near, Industrial Area 10, 307, 445",3,4,0.9090909090909091,78.9,REVIEW,low_plausibility_and_reference_disagrees
983,"201384, Industrial Area 9, 294, 408, Uttar Pradesh","201384, Industrial Area 9, 294","201384, Industrial Area 9, 294, 408",3,4,0.9090909090909091,86.3,ACCEPT,
1011,"Post Rajapur, Business Park 7, 658, 445, 380112","Post Rajapur, Business Park 7","Post Rajapur, Business Park 7, 658, 445",2,4,0.8333333333333334,66.7,REVIEW,low_plausibility_and_reference_disagrees
1010,"Shivpur, Business Park 6, 645, 408, Tamil Nadu",Shivpur,"Shivpur, Business Park 6, 645, 408",1,4,0.2857142857142857,35.9,ACCEPT,
1009,"Main Bazaar, Business Park 5, 632, 371, Hyderabad",Main Bazaar,"Main Bazaar, Business Park 5, 632, 371",1,4,0.4444444444444444,39.9,ACCEPT,
1007,"Sector 18, Business Park 3, 606, 297, 400108",Sector 18,"Sector 18, Business Park 3, 606, 297",1,4,0.4444444444444444,33.0,REVIEW,low_plausibility_and_reference_disagrees
1006,"Ashok Vihar, Business Park 2, 593, 260, Maharashtra","Ashok Vihar, Business Park 2, 593","Ashok Vihar, Business Park 2, 593, 260",3,4,0.9230769230769231,85.3,ACCEPT,
1005,"Vijay Nagar, Business Park 1, 580, 223, Lucknow","Vijay Nagar, Business Park 1, 580","Vijay Nagar, Business Park 1, 580, 223",3,4,0.9230769230769231,81.1,ACCEPT,
1003,"Gandhi Marg, Business Park 14, 554, 149, 201404",Gandhi Marg,"Gandhi Marg, Business Park 14, 554, 149",1,4,0.4444444444444444,34.7,REVIEW,low_plausibility_and_reference_disagrees
1002,"Nehru Street, Business Park 13, 541, 112, Haryana","Nehru Street, Business Park 13, 541","Nehru Street, Business Park 13, 541, 112",3,4,0.9230769230769231,81.2,ACCEPT,
999,"Block H, Business Park 10, 502, 1, 248100","Block H, Business Park 10","Block H, Business Park 10, 502, 1",2,4,0.8333333333333334,69.2,REVIEW,low_plausibility_and_reference_disagrees
4550,"Campus 11, 11th Floor, Unit 755, 519, Tamil Nadu","Campus 11, 11th Floor, Unit 755","Campus 11, 11th Floor, Unit 755, 519",3,4,0.9230769230769231,84.3,ACCEPT,
4549,"Wing F, 10th Floor, Unit 732, 482, Hyderabad","Wing F, 10th Floor","Wing F, 10th Floor, Unit 732, 482",2,4,0.7272727272727273,60.3,ACCEPT,
4547,"Beside, 8th Floor, Unit 686, 408, 400048","Beside, 8th Floor, Unit 686","Beside, 8th Floor, Unit 686, 408",3,4,0.9090909090909091,78.6,REVIEW,low_plausibility_and_reference_disagrees
4546,"411047, 7th Floor, Unit 663, 371, Maharashtra","411047, 7th Floor, Unit 663","411047, 7th Floor, Unit 663, 371",3,4,0.9090909090909091,84.6,ACCEPT,
4545,"Uttar Pradesh, 6th Floor, Unit 640, 334, Lucknow","Uttar Pradesh, 6th Floor, Unit 640","Uttar Pradesh, 6th Floor, Unit 640, 334",3,4,0.9230769230769231,81.2,ACCEPT,
4543,"District 44, 4th Floor, Unit 594, 260, 201344","District 44, 4th Floor, Unit 594","District 44, 4th Floor, Unit 594, 260",3,4,0.9230769230769231,79.3,REVIEW,low_plausibility_and_reference_disagrees
4542,"Tehsil 43, 3th Floor, Unit 571, 223, Haryana","Tehsil 43, 3th Floor, Unit 571","Tehsil 43, 3th Floor, Unit 571, 223",3,4,0.9230769230769231,80.7,ACCEPT,
4539,"Main Bazaar, 20th Floor, Unit 502, 112, 248040","Main Bazaar, 20th Floor, Unit 502","Main Bazaar, 20th Floor, Unit 502, 112",3,4,0.9230769230769231,79.4,REVIEW,low_plausibility_and_reference_disagrees
4538,"Metro Station, 19th Floor, Unit 479, 75, Odisha",Metro Station,"Metro Station, 19th Floor, Unit 479, 75",1,4,0.4444444444444444,38.3,ACCEPT,
4537,"Sector 83, 18th Floor, Unit 456, 38, Patna",Sector 83,"Sector 83, 18th Floor, Unit 456, 38",1,4,0.4444444444444444,32.0,ACCEPT,
4535,"Vijay Nagar, 16th Floor, Unit 410, 963, 452036","Vijay Nagar, 16th Floor","Vijay Nagar, 16th Floor, Unit 410, 963",2,4,0.7272727272727273,57.6,REVIEW,low_plausibility_and_reference_disagrees
1029,"Unit 691, Near, 892, 112, Telangana","Unit 691, Near","Unit 691, Near, 892, 112",2,4,0.75,65.7,ACCEPT,
1028,"Plot 552, Near, 879, 75, Bengaluru","Plot 552, Near, 879","Plot 552, Near, 879, 75",3,4,0.8888888888888888,83.8,ACCEPT,
1026,"Shop 309, Near, 853, 1, 411127","Shop 309, Near, 853","Shop 309, Near, 853, 1",3,4,0.8888888888888888,83.2,REVIEW,low_plausibility_and_reference_disagrees
1025,"840, Near, 840, 963, Uttar Pradesh",840,"840, Near, 840, 963",1,4,0.4,40.9,ACCEPT,
1024,"926, Near, 827, 926, Jaipur","926, Near, 827","926, Near, 827, 926",3,4,0.8571428571428571,75.4,ACCEPT,
1022,"Near, Business Park 3, 801, 852, 122123","Near, Business Park 3, 801","Near, Business Park 3, 801, 852",3,4,0.9090909090909091,78.5,REVIEW,low_plausibility_and_reference_disagrees
1019,"Wing D, Business Park 15, 762, 741, 248120","Wing D, Business Park 15","Wing D, Business Park 15, 762, 741",2,4,0.8333333333333334,65.3,REVIEW,low_plausibility_and_reference_disagrees
1018,"Building 59, Business Park 14, 749, 704, Odisha",Building 59,"Building 59, Business Park 14, 749, 704",1,4,0.4444444444444444,34.7,ACCEPT,
1017,"Opposite, Business Park 13, 736, 667, Patna","Opposite, Business Park 13","Opposite, Business Park 13, 736, 667",2,4,0.8,63.6,ACCEPT,
1015,"Madhya Pradesh, Business Park 11, 710, 593, 452116",Madhya Pradesh,"Madhya Pradesh, Business Park 11, 710, 593",1,4,0.4444444444444444,37.7,REVIEW,low_plausibility_and_reference_disagrees
1046,"District 72, Near, 214, 741, 411147","District 72, Near, 214","District 72, Near, 214, 741",3,4,0.8888888888888888,77.8,REVIEW,low_plausibility_and_reference_disagrees
1045,"Tehsil 46, Near, 201, 704, Uttar Pradesh",Tehsil 46,"Tehsil 46, Near, 201, 704",1,4,0.5714285714285714,53.2,ACCEPT,
1042,"New Market, Near, 162, 593, 122143","New Market, Near, 162","New Market, Near, 162, 593",3,4,0.8888888888888888,77.6,REVIEW,low_plausibility_and_reference_disagrees
1040,"Sector 51, Near, 136, 519, Nagpur",Sector 51,"Sector 51, Near, 136, 519",1,4,0.5714285714285714,43.7,ACCEPT,
1038,"Krishna Colony, Near, 110, 445, 751139","Krishna Colony, Near, 110","Krishna Colony, Near, 110, 445",3,4,0.8888888888888888,78.3,REVIEW,low_plausibility_and_reference_disagrees
1037,"Gali 18, Near, 996, 408, Bihar","Gali 18, Near, 996","Gali 18, Near, 996, 408",3,4,0.8888888888888888,74.7,ACCEPT,
1036,"Main Bazaar, Near, 983, 371, Kochi","Main Bazaar, Near","Main Bazaar, Near, 983, 371",2,4,0.75,60.2,ACCEPT,
1034,"Shivam Apartments, Near, 957, 297, 462135","Shivam Apartments, Near","Shivam Apartments, Near, 957, 297",2,4,0.75,65.0,REVIEW,low_plausibility_and_reference_disagrees
1032,"Block A, Near, 931, 223, Kolkata","Block A, Near, 931","Block A, Near, 931, 223",3,4,0.8888888888888888,78.5,ACCEPT,
4534,"Gali 5, 15th Floor, Unit 387, 926, Madhya Pradesh","Gali 5, 15th Floor, Unit 387","Gali 5, 15th Floor, Unit 387, 926",3,4,0.9230769230769231,86.6,ACCEPT,
4531,"Royal Enclave, 12th Floor, Unit 318, 815, 380032","Royal Enclave, 12th Floor, Unit 318","Royal Enclave, 12th Floor, Unit 318, 815",3,4,0.9230769230769231,79.6,REVIEW,low_plausibility_and_reference_disagrees
4529,"Block B, 10th Floor, Unit 272, 741, Hyderabad","Block B, 10th Floor","Block B, 10th Floor, Unit 272, 741",2,4,0.7272727272727273,60.8,ACCEPT,
4527,"Unit 226, 8th Floor, Unit 226, 667, Maharashtra","Unit 226, 8th Floor","Unit 226, 8th Floor, Unit 226, 667",2,4,0.7272727272727273,63.3,ACCEPT,
4526,"Plot 81, 7th Floor, Unit 203, 630, Pune","Plot 81, 7th Floor","Plot 81, 7th Floor, Unit 203, 630",2,4,0.7272727272727273,50.5,ACCEPT,
4524,"Shop 364, 5th Floor, Unit 157, 556, 302025",Shop 364,"Shop 364, 5th Floor, Unit 157, 556",1,4,0.4444444444444444,32.4,REVIEW,low_plausibility_and_reference_disagrees
4523,"465, 4th Floor, Unit 134, 519, Uttar Pradesh","465, 4th Floor, Unit 134","465, 4th Floor, Unit 134, 519",3,4,0.9090909090909091,85.5,ACCEPT,
4522,"482, 3th Floor, Unit 111, 482, Gurugram","482, 3th Floor, Unit 111","482, 3th Floor, Unit 111, 482",3,4,0.9090909090909091,81.2,ACCEPT,
4520,"Near, Plot 966, Unit 65, 408, Nagpur",Near,"Near, Plot 966, Unit 65, 408",1,4,0.2857142857142857,26.8,ACCEPT,
1061,"Plot 180, Opposite, 409, 297, 110162",Plot 180,"Plot 180, Opposite, 409, 297",1,4,0.5714285714285714,37.7,REVIEW,low_plausibility_and_reference_disagrees
1060,"Office 141, Opposite, 396, 260, Maharashtra","Office 141, Opposite, 396","Office 141, Opposite, 396, 260",3,4,0.8888888888888888,84.3,ACCEPT,
1059,"Shop 173, Opposite, 383, 223, Dehradun","Shop 173, Opposite, 383","Shop 173, Opposite, 383, 223",3,4,0.8888888888888888,81.0,ACCEPT,
1056,"Opposite, Near, 344, 112, Kerala","Opposite, Near, 344","Opposite, Near, 344, 112",3,4,0.8571428571428571,77.1,ACCEPT,
1054,"Industrial Area 5, Near, 318, 38, 462155","Industrial Area 5, Near, 318","Industrial Area 5, Near, 318, 38",3,4,0.9090909090909091,81.4,REVIEW,low_plausibility_and_reference_disagrees
1052,"Wing E, Near, 292, 963, Kolkata","Wing E, Near, 292","Wing E, Near, 292, 963",3,4,0.8888888888888888,78.2,ACCEPT,
1049,"500150, Near, 253, 852, Telangana",500150,"500150, Near, 253, 852",1,4,0.4,43.7,ACCEPT,
1048,"Karnataka, Near, 240, 815, Bengaluru","Karnataka, Near, 240","Karnataka, Near, 240, 815",3,4,0.8571428571428571,81.5,ACCEPT,
1077,"Post Rajapur, Opposite, 617, 889, 800178","Post Rajapur, Opposite, 617","Post Rajapur, Opposite, 617, 889",3,4,0.8888888888888888,78.6,REVIEW,low_plausibility_and_reference_disagrees
1076,"Shivpur, Opposite, 604, 852, Kerala",Shivpur,"Shivpur, Opposite, 604, 852",1,4,0.4,36.1,ACCEPT,
1073,"Sector 84, Opposite, 565, 741, 160174",Sector 84,"Sector 84, Opposite, 565, 741",1,4,0.5714285714285714,39.1,REVIEW,low_plausibility_and_reference_disagrees
1072,"Green Park, Opposite, 552, 704, West Bengal","Green Park, Opposite, 552","Green Park, Opposite, 552, 704",3,4,0.8888888888888888,84.3,ACCEPT,
1071,"Gandhi Nagar, Opposite, 539, 667, Ahmedabad","Gandhi Nagar, Opposite, 539","Gandhi Nagar, Opposite, 539, 667",3,4,0.8888888888888888,82.8,ACCEPT,
1069,"Lake View Road, Opposite, 513, 593, 500170",Lake View Road,"Lake View Road, Opposite, 513, 593",1,4,0.6666666666666666,44.6,REVIEW,low_plausibility_and_reference_disagrees
1068,"Airport Road, Opposite, 500, 556, Karnataka","Airport Road, Opposite","Airport Road, Opposite, 500, 556",2,4,0.75,69.7,ACCEPT,
1067,"Royal Enclave, Opposite, 487, 519, Mumbai","Royal Enclave, Opposite, 487","Royal Enclave, Opposite, 487, 519",3,4,0.8888888888888888,78.8,ACCEPT,
1064,"Tower A, Opposite, 448, 408, Rajasthan",Tower A,"Tower A, Opposite, 448, 408",1,4,0.5714285714285714,40.9,ACCEPT,
1063,"4th Floor, Opposite, 435, 371, Noida",4th Floor,"4th Floor, Opposite, 435, 371",1,4,0.5714285714285714,37.1,ACCEPT,
4517,"Campus 18, Plot 909, Unit 995, 297, Bihar","Campus 18, Plot 909","Campus 18, Plot 909, Unit 995, 297",2,4,0.7272727272727273,53.6,ACCEPT,
4516,"Wing E, Plot 890, Unit 972, 260, Kochi","Wing E, Plot 890, Unit 972","Wing E, Plot 890, Unit 972, 260",3,4,0.9230769230769231,76.4,ACCEPT,
4512,"West Bengal, Plot 814, Unit 880, 112, Kolkata",West Bengal,"West Bengal, Plot 814, Unit 880, 112",1,4,0.4444444444444444,38.7,ACCEPT,
4510,"District 11, Plot 776, Unit 834, 38, 600011","District 11, Plot 776, Unit 834","District 11, Plot 776, Unit 834, 38",3,4,0.9230769230769231,81.8,REVIEW,low_plausibility_and_reference_disagrees
4509,"Tehsil 10, Plot 757, Unit 811, 1, Telangana",Tehsil 10,"Tehsil 10, Plot 757, Unit 811, 1",1,4,0.4444444444444444,40.9,ACCEPT,
4508,"Post Shivpur, Plot 738, Unit 788, 963, Bengaluru","Post Shivpur, Plot 738","Post Shivpur, Plot 738, Unit 788, 963",2,4,0.7272727272727273,62.2,ACCEPT,
4506,"Gandhi Market, Plot 700, Unit 742, 889, 411007","Gandhi Market, Plot 700","Gandhi Market, Plot 700, Unit 742, 889",2,4,0.7272727272727273,57.6,REVIEW,low_plausibility_and_reference_disagrees
4505,"City Hospital, Plot 681, Unit 719, 852, Uttar Pradesh","City Hospital, Plot 681, Unit 719","City Hospital, Plot 681, Unit 719, 852",3,4,0.9230769230769231,86.7,ACCEPT,
4504,"Sector 50, Plot 662, Unit 696, 815, Jaipur","Sector 50, Plot 662, Unit 696","Sector 50, Plot 662, Unit 696, 815",3,4,0.9230769230769231,78.9,ACCEPT,
1094,"Unit 188, 519, Shop 59, 519, Madhya Pradesh","Unit 188, 519, Shop 59","Unit 188, 519, Shop 59, 519",3,4,0.9090909090909091,85.6,ACCEPT,
1091,"Shop 26, 408, Shop 26, 408, 380192","Shop 26, 408","Shop 26, 408, Shop 26, 408",2,4,0.6666666666666666,52.4,REVIEW,low_plausibility_and_reference_disagrees
1090,"786, 371, Shop 15, 371, Tamil Nadu",786,"786, 371, Shop 15, 371",1,4,0.3333333333333333,34.5,ACCEPT,
1089,"Near, Opposite, 773, 334, 500190","Near, Opposite","Near, Opposite, 773, 334",2,4,0.6666666666666666,60.7,REVIEW,low_plausibility_and_reference_disagrees
1088,"Business Park 9, Opposite, 760, 297, Karnataka",Business Park 9,"Business Park 9, Opposite, 760, 297",1,4,0.6666666666666666,50.3,ACCEPT,
1087,"Industrial Area 8, Opposite, 747, 260, Mumbai",Industrial Area 8,"Industrial Area 8, Opposite, 747, 260",1,4,0.6666666666666666,47.0,ACCEPT,
1085,"Wing F, Opposite, 721, 186, 226186","Wing F, Opposite, 721","Wing F, Opposite, 721, 186",3,4,0.8888888888888888,77.6,REVIEW,low_plausibility_and_reference_disagrees
1084,"Building 45, Opposite, 708, 149, Rajasthan","Building 45, Opposite, 708","Building 45, Opposite, 708, 149",3,4,0.8888888888888888,82.7,ACCEPT,
1083,"Beside, Opposite, 695, 112, Noida","Beside, Opposite","Beside, Opposite, 695, 112",2,4,0.6666666666666666,59.7,ACCEPT,
1081,"Delhi, Opposite, 669, 38, 110182","Delhi, Opposite","Delhi, Opposite, 669, 38",2,4,0.6666666666666666,63.3,REVIEW,low_plausibility_and_reference_disagrees
1080,"Nagpur, Opposite, 656, 1, Maharashtra",Nagpur,"Nagpur, Opposite, 656, 1",1,4,0.4,43.8,ACCEPT,
1079,"District 30, Opposite, 643, 963, Dehradun","District 30, Opposite, 643","District 30, Opposite, 643, 963",3,4,0.8888888888888888,81.5,ACCEPT,
1110,"Tehsil 11, 112, Shop 235, 112, Tamil Nadu","Tehsil 11, 112, Shop 235","Tehsil 11, 112, Shop 235, 112",3,4,0.9090909090909091,83.3,ACCEPT,
1109,"Post Madhopur, 75, Shop 224, 75, Hyderabad",Post Madhopur,"Post Madhopur, 75, Shop 224, 75",1,4,0.5,50.7,ACCEPT,
1107,"New Market, 1, Shop 202, 1, 400208","New Market, 1, Shop 202","New Market, 1, Shop 202, 1",3,4,0.9090909090909091,83.8,REVIEW,low_plausibility_and_reference_disagrees
1106,"Metro Station, 963, Shop 191, 963, Maharashtra","Metro Station, 963, Shop 191","Metro Station, 963, Shop 191, 963",3,4,0.9090909090909091,84.7,ACCEPT,
1105,"Sector 17, 926, Shop 180, 926, Lucknow","Sector 17, 926","Sector 17, 926, Shop 180, 926",2,4,0.6666666666666666,54.5,ACCEPT,
1099,"Royal Enclave, 704, Shop 114, 704, 248200","Royal Enclave, 704, Shop 114","Royal Enclave, 704, Shop 114, 704",3,4,0.9090909090909091,78.8,REVIEW,low_plausibility_and_reference_disagrees
1098,"Phase 1, 667, Shop 103, 667, Odisha","Phase 1, 667","Phase 1, 667, Shop 103, 667",2,4,0.6666666666666666,50.9,ACCEPT,
1097,"Block B, 630, Shop 92, 630, Patna","Block B, 630","Block B, 630, Shop 92, 630",2,4,0.6666666666666666,50.2,ACCEPT,
1095,"16th Floor, 556, Shop 70, 556, 452196","16th Floor, 556, Shop 70","16th Floor, 556, Shop 70, 556",3,4,0.9090909090909091,78.2,REVIEW,low_plausibility_and_reference_disagrees
4502,"Green Park, Plot 624, Unit 650, 741, 122003","Green Park, Plot 624","Green Park, Plot 624, Unit 650, 741",2,4,0.7272727272727273,56.3,REVIEW,low_plausibility_and_reference_disagrees
4500,"MG Road, Plot 586, Unit 604, 667, Nagpur","MG Road, Plot 586, Unit 604","MG Road, Plot 586, Unit 604, 667",3,4,0.9230769230769231,78.6,ACCEPT,
4498,"Shivam Apartments, Plot 548, Unit 558, 593, 751899","Shivam Apartments, Plot 548, Unit 558","Shivam Apartments, Plot 548, Unit 558, 593",3,4,0.9230769230769231,79.8,REVIEW,low_plausibility_and_reference_disagrees
4497,"Phase 4, Plot 529, Unit 535, 556, Bihar","Phase 4, Plot 529, Unit 535","Phase 4, Plot 529, Unit 535, 556",3,4,0.9230769230769231,76.6,ACCEPT,
4496,"Block A, Plot 510, Unit 512, 519, Kochi",Block A,"Block A, Plot 510, Unit 512, 519",1,4,0.4444444444444444,29.8,ACCEPT,
4494,"15th Floor, Plot 472, Unit 466, 445, 462895","15th Floor, Plot 472, Unit 466","15th Floor, Plot 472, Unit 466, 445",3,4,0.9230769230769231,79.0,REVIEW,low_plausibility_and_reference_disagrees
4491,"Shop 1, Plot 415, Unit 397, 334, 380892",Shop 1,"Shop 1, Plot 415, Unit 397, 334",1,4,0.4444444444444444,30.0,REVIEW,low_plausibility_and_reference_disagrees
4490,"935, Plot 396, Unit 374, 297, Tamil Nadu","935, Plot 396, Unit 374","935, Plot 396, Unit 374, 297",3,4,0.9090909090909091,83.1,ACCEPT,
4487,"Near, Office 864, Unit 305, 186, 400888","Near, Office 864","Near, Office 864, Unit 305, 186",2,4,0.6666666666666666,54.0,REVIEW,low_plausibility_and_reference_disagrees
1126,"Plot 416, 355, Shop 411, 704, 411227",Plot 416,"Plot 416, 355, Shop 411, 704",1,4,0.5,37.7,REVIEW,low_plausibility_and_reference_disagrees
1125,"Office 347, 342, Shop 400, 667, Uttar Pradesh",Office 347,"Office 347, 342, Shop 400, 667",1,4,0.5,49.8,ACCEPT,
1123,"593, 316, Shop 378, 593, 201524",593,"593, 316, Shop 378, 593",1,4,0.3333333333333333,27.5,REVIEW,low_plausibility_and_reference_disagrees
1122,"Opposite, 556, Shop 367, 556, Haryana","Opposite, 556","Opposite, 556, Shop 367, 556",2,4,0.5714285714285714,53.7,ACCEPT,
1119,"Industrial Area 10, 445, Shop 334, 445, 248220","Industrial Area 10, 445","Industrial Area 10, 445, Shop 334, 445",2,4,0.7272727272727273,57.6,REVIEW,low_plausibility_and_reference_disagrees
1118,"Campus 19, 408, Shop 323, 408, Odisha","Campus 19, 408","Campus 19, 408, Shop 323, 408",2,4,0.6666666666666666,52.6,ACCEPT,
1117,"Wing F, 371, Shop 312, 371, Patna","Wing F, 371","Wing F, 371, Shop 312, 371",2,4,0.6666666666666666,47.8,ACCEPT,
1115,"Beside, 297, Shop 290, 297, 452216","Beside, 297, Shop 290","Beside, 297, Shop 290, 297",3,4,0.8888888888888888,77.6,REVIEW,low_plausibility_and_reference_disagrees
1114,"462215, 260, Shop 279, 260, Madhya Pradesh","462215, 260","462215, 260, Shop 279, 260",2,4,0.5714285714285714,60.4,ACCEPT,
1111,"District 62, 149, Shop 246, 149, 380212",District 62,"District 62, 149, Shop 246, 149",1,4,0.5,41.6,REVIEW,low_plausibility_and_reference_disagrees
1142,"Post Shivpur, 563, Shop 88, 297, 122243",Post Shivpur,"Post Shivpur, 563, Shop 88, 297",1,4,0.5,43.7,REVIEW,low_plausibility_and_reference_disagrees
1140,"Sadar Market, 537, Shop 66, 223, Nagpur","Sadar Market, 537","Sadar Market, 537, Shop 66, 223",2,4,0.6666666666666666,56.0,ACCEPT,
1137,"Saket Extension, 498, Shop 33, 112, Bihar","Saket Extension, 498, Shop 33","Saket Extension, 498, Shop 33, 112",3,4,0.9090909090909091,76.8,ACCEPT,
1136,"Ashok Vihar, 485, Shop 22, 75, Kochi","Ashok Vihar, 485, Shop 22","Ashok Vihar, 485, Shop 22, 75",3,4,0.9090909090909091,79.1,ACCEPT,
1134,"Ring Road, 459, Shop 499, 1, 462235","Ring Road, 459, Shop 499","Ring Road, 459, Shop 499, 1",3,4,0.9090909090909091,83.9,REVIEW,low_plausibility_and_reference_disagrees
1132,"Sunrise Towers, 433, Shop 477, 926, Kolkata","Sunrise Towers, 433, Shop 477","Sunrise Towers, 433, Shop 477, 926",3,4,0.9090909090909091,80.6,ACCEPT,
1130,"Block C, 407, Shop 455, 852, 600231","Block C, 407, Shop 455","Block C, 407, Shop 455, 852",3,4,0.9090909090909091,77.8,REVIEW,low_plausibility_and_reference_disagrees
1129,"Tower B, 394, Shop 444, 815, Telangana","Tower B, 394, Shop 444","Tower B, 394, Shop 444, 815",3,4,0.9090909090909091,81.9,ACCEPT,
1128,"9th Floor, 381, Shop 433, 778, Bengaluru","9th Floor, 381, Shop 433","9th Floor, 381, Shop 433, 778",3,4,0.9090909090909091,82.3,ACCEPT,
4486,"Business Park 2, Office 847, Unit 282, 149, Maharashtra","Business Park 2, Office 847, Unit 282","Business Park 2, Office 847, Unit 282, 149",3,4,0.9333333333333333,85.7,ACCEPT,
4485,"Industrial Area 1, Office 830, Unit 259, 112, Lucknow",Industrial Area 1,"Industrial Area 1, Office 830, Unit 259, 112",1,4,0.5454545454545454,42.5,ACCEPT,
4482,"Building 3, Office 779, Unit 190, 1, Haryana",Building 3,"Building 3, Office 779, Unit 190, 1",1,4,0.4444444444444444,37.5,ACCEPT,
4478,"Bhubaneswar, Office 711, Unit 98, 852, Odisha","Bhubaneswar, Office 711, Unit 98","Bhubaneswar, Office 711, Unit 98, 852",3,4,0.9090909090909091,79.3,ACCEPT,
4477,"District 53, Office 694, Unit 75, 815, Patna","District 53, Office 694, Unit 75","District 53, Office 694, Unit 75, 815",3,4,0.9230769230769231,77.2,ACCEPT,
4475,"Post Madhopur, Office 660, Unit 29, 741, 452876","Post Madhopur, Office 660","Post Madhopur, Office 660, Unit 29, 741",2,4,0.7272727272727273,59.7,REVIEW,low_plausibility_and_reference_disagrees
1156,"815, Office 874, Shop 242, 815, 682257","815, Office 874","815, Office 874, Shop 242, 815",2,4,0.6666666666666666,53.3,REVIEW,low_plausibility_and_reference_disagrees
1154,"Near, 719, Shop 220, 741, 462255","Near, 719","Near, 719, Shop 220, 741",2,4,0.5714285714285714,47.7,REVIEW,low_plausibility_and_reference_disagrees
1149,"Building 30, 654, Shop 165, 556, Telangana","Building 30, 654, Shop 165","Building 30, 654, Shop 165, 556",3,4,0.9090909090909091,82.7,ACCEPT,
1148,"Near, 641, Shop 154, 519, Bengaluru",Near,"Near, 641, Shop 154, 519",1,4,0.3333333333333333,34.9,ACCEPT,
1145,"Lucknow, 602, Shop 121, 408, Uttar Pradesh",Lucknow,"Lucknow, 602, Shop 121, 408",1,4,0.3333333333333333,45.4,ACCEPT,
1144,"District 20, 589, Shop 110, 371, Jaipur",District 20,"District 20, 589, Shop 110, 371",1,4,0.5,41.6,ACCEPT,
1174,"Kalyanpur, Office 281, Shop 440, 482, Madhya Pradesh",Kalyanpur,"Kalyanpur, Office 281, Shop 440, 482",1,4,0.2857142857142857,42.9,ACCEPT,
1171,"Sector 83, Office 230, Shop 407, 371, 380272",Sector 83,"Sector 83, Office 230, Shop 407, 371",1,4,0.4444444444444444,33.0,REVIEW,low_plausibility_and_reference_disagrees
1170,"Shanti Nagar, Office 213, Shop 396, 334, Tamil Nadu","Shanti Nagar, Office 213","Shanti Nagar, Office 213, Shop 396, 334",2,4,0.7272727272727273,64.3,ACCEPT,
1169,"Rosewood Layout, Office 196, Shop 385, 297, Hyderabad","Rosewood Layout, Office 196, Shop 385","Rosewood Layout, Office 196, Shop 385, 297",3,4,0.9230769230769231,83.9,ACCEPT,
1167,"College Road, Office 162, Shop 363, 223, 400268",College Road,"College Road, Office 162, Shop 363, 223",1,4,0.4444444444444444,36.5,REVIEW,low_plausibility_and_reference_disagrees
1166,"Main Bazaar, Office 145, Shop 352, 186, Maharashtra","Main Bazaar, Office 145, Shop 352","Main Bazaar, Office 145, Shop 352, 186",3,4,0.9230769230769231,85.3,ACCEPT,
1165,"Lake View Homes, Office 128, Shop 341, 149, Lucknow","Lake View Homes, Office 128, Shop 341","Lake View Homes, Office 128, Shop 341, 149",3,4,0.9333333333333333,81.4,ACCEPT,
1162,"Tower C, Office 976, Shop 308, 38, Haryana","Tower C, Office 976, Shop 308","Tower C, Office 976, Shop 308, 38",3,4,0.9230769230769231,83.1,ACCEPT,
4470,"Shanti Nagar, Office 575, Unit 913, 556, Tamil Nadu",Shanti Nagar,"Shanti Nagar, Office 575, Unit 913, 556",1,4,0.4444444444444444,42.2,ACCEPT,
4469,"Rosewood Layout, Office 558, Unit 890, 519, Hyderabad","Rosewood Layout, Office 558","Rosewood Layout, Office 558, Unit 890, 519",2,4,0.7272727272727273,64.1,ACCEPT,
4467,"College Road, Office 524, Unit 844, 445, 400868","College Road, Office 524","College Road, Office 524, Unit 844, 445",2,4,0.7272727272727273,58.0,REVIEW,low_plausibility_and_reference_disagrees
4463,"Block H, Office 456, Unit 752, 297, 202164","Block H, Office 456","Block H, Office 456, Unit 752, 297",2,4,0.7272727272727273,55.8,REVIEW,low_plausibility_and_reference_disagrees
4462,"Tower G, Office 439, Unit 729, 260, Haryana","Tower G, Office 439","Tower G, Office 439, Unit 729, 260",2,4,0.7272727272727273,57.7,ACCEPT,
4459,"Plot 806, Office 388, Unit 660, 149, 248860","Plot 806, Office 388, Unit 660","Plot 806, Office 388, Unit 660, 149",3,4,0.9230769230769231,79.0,REVIEW,low_plausibility_and_reference_disagrees
4458,"Shop 137, Office 371, Unit 637, 112, Bhubaneswar",Shop 137,"Shop 137, Office 371, Unit 637, 112",1,4,0.4444444444444444,38.5,ACCEPT,
4456,"38, Office 337, Unit 591, 38, 682857","38, Office 337","38, Office 337, Unit 591, 38",2,4,0.6666666666666666,54.0,REVIEW,low_plausibility_and_reference_disagrees
1190,"288, Plot 633, Shop 117, 75, Tamil Nadu","288, Plot 633","288, Plot 633, Shop 117, 75",2,4,0.6666666666666666,59.6,ACCEPT,
1186,"Business Park 2, Office 485, Shop 73, 926, Maharashtra","Business Park 2, Office 485, Shop 73","Business Park 2, Office 485, Shop 73, 926",3,4,0.9333333333333333,85.6,ACCEPT,
1183,"Wing H, Office 434, Shop 40, 815, 201584","Wing H, Office 434, Shop 40","Wing H, Office 434, Shop 40, 815",3,4,0.9230769230769231,78.6,REVIEW,low_plausibility_and_reference_disagrees
1179,"Uttarakhand, Office 366, Shop 495, 667, 248280","Uttarakhand, Office 366, Shop 495","Uttarakhand, Office 366, Shop 495, 667",3,4,0.9090909090909091,79.4,REVIEW,low_plausibility_and_reference_disagrees
1177,"District 53, Office 332, Shop 473, 593, Patna","District 53, Office 332, Shop 473","District 53, Office 332, Shop 473, 593",3,4,0.9230769230769231,77.3,ACCEPT,
1175,"Post Madhopur, Office 298, Shop 451, 519, 452276","Post Madhopur, Office 298","Post Madhopur, Office 298, Shop 451, 519",2,4,0.7272727272727273,58.4,REVIEW,low_plausibility_and_reference_disagrees
1206,"Gandhi Market, Plot 937, Shop 293, 667, 411307","Gandhi Market, Plot 937","Gandhi Market, Plot 937, Shop 293, 667",2,4,0.7272727272727273,57.6,REVIEW,low_plausibility_and_reference_disagrees
1204,"Sector 17, Plot 899, Shop 271, 593, Jaipur","Sector 17, Plot 899","Sector 17, Plot 899, Shop 271, 593",2,4,0.7272727272727273,55.8,ACCEPT,
1202,"Green Park, Plot 861, Shop 249, 519, 122303",Green Park,"Green Park, Plot 861, Shop 249, 519",1,4,0.4444444444444444,35.8,REVIEW,low_plausibility_and_reference_disagrees
1200,"MG Road, Plot 823, Shop 227, 445, Nagpur","MG Road, Plot 823, Shop 227","MG Road, Plot 823, Shop 227, 445",3,4,0.9230769230769231,78.6,ACCEPT,
1198,"Pearl Residency, Plot 785, Shop 205, 371, 751299","Pearl Residency, Plot 785","Pearl Residency, Plot 785, Shop 205, 371",2,4,0.7272727272727273,58.4,REVIEW,low_plausibility_and_reference_disagrees
1197,"Phase 4, Plot 766, Shop 194, 334, Bihar","Phase 4, Plot 766, Shop 194","Phase 4, Plot 766, Shop 194, 334",3,4,0.9230769230769231,76.6,ACCEPT,
1196,"Block E, Plot 747, Shop 183, 297, Kochi","Block E, Plot 747, Shop 183","Block E, Plot 747, Shop 183, 297",3,4,0.9230769230769231,76.6,ACCEPT,
1194,"15th Floor, Plot 709, Shop 161, 223, 462295",15th Floor,"15th Floor, Plot 709, Shop 161, 223",1,4,0.4444444444444444,35.8,REVIEW,low_plausibility_and_reference_disagrees
1191,"Shop 128, Plot 652, Shop 128, 112, 380292","Shop 128, Plot 652, Shop 128","Shop 128, Plot 652, Shop 128, 112",3,4,0.9230769230769231,78.8,REVIEW,low_plausibility_and_reference_disagrees
4454,"Near, Shop 93, Unit 545, 963, Bhopal","Near, Shop 93","Near, Shop 93, Unit 545, 963",2,4,0.6666666666666666,51.8,ACCEPT,
4452,"Industrial Area 13, Shop 71, Unit 499, 889, 700853","Industrial Area 13, Shop 71, Unit 499","Industrial Area 13, Shop 71, Unit 499, 889",3,4,0.9333333333333333,79.8,REVIEW,low_plausibility_and_reference_disagrees
4451,"Campus 12, Shop 60, Unit 476, 852, Gujarat","Campus 12, Shop 60, Unit 476","Campus 12, Shop 60, Unit 476, 852",3,4,0.9230769230769231,80.5,ACCEPT,
4450,"Wing C, Shop 49, Unit 453, 815, Chennai","Wing C, Shop 49","Wing C, Shop 49, Unit 453, 815",2,4,0.7272727272727273,55.2,ACCEPT,
4447,"400848, Shop 16, Unit 384, 704, Maharashtra","400848, Shop 16, Unit 384","400848, Shop 16, Unit 384, 704",3,4,0.9090909090909091,84.3,ACCEPT,
4446,"Maharashtra, Shop 5, Unit 361, 667, Pune","Maharashtra, Shop 5","Maharashtra, Shop 5, Unit 361, 667",2,4,0.6666666666666666,51.1,ACCEPT,
4444,"District 20, Shop 482, Unit 315, 593, 302845",District 20,"District 20, Shop 482, Unit 315, 593",1,4,0.4444444444444444,37.0,REVIEW,low_plausibility_and_reference_disagrees
4443,"Tehsil 44, Shop 471, Unit 292, 556, Uttar Pradesh",Tehsil 44,"Tehsil 44, Shop 471, Unit 292, 556",1,4,0.4444444444444444,43.6,ACCEPT,
4442,"Post Shivpur, Shop 460, Unit 269, 519, Gurugram","Post Shivpur, Shop 460, Unit 269","Post Shivpur, Shop 460, Unit 269, 519",3,4,0.9230769230769231,82.3,ACCEPT,
4440,"Sadar Market, Shop 438, Unit 223, 445, 440841","Sadar Market, Shop 438","Sadar Market, Shop 438, Unit 223, 445",2,4,0.7272727272727273,57.2,REVIEW,low_plausibility_and_reference_disagrees
1217,"Campus 18, Plot 147, Shop 414, 75, Bihar",Campus 18,"Campus 18, Plot 147, Shop 414, 75",1,4,0.4444444444444444,33.5,ACCEPT,
1216,"Wing A, Plot 128, Shop 403, 38, Kochi","Wing A, Plot 128","Wing A, Plot 128, Shop 403, 38",2,4,0.7272727272727273,53.2,ACCEPT,
1214,"Behind, Plot 90, Shop 381, 963, 462315","Behind, Plot 90","Behind, Plot 90, Shop 381, 963",2,4,0.6666666666666666,53.3,REVIEW,low_plausibility_and_reference_disagrees
1212,"West Bengal, Plot 52, Shop 359, 889, Kolkata","West Bengal, Plot 52","West Bengal, Plot 52, Shop 359, 889",2,4,0.7272727272727273,58.2,ACCEPT,
1209,"Tehsil 10, Plot 994, Shop 326, 778, Telangana","Tehsil 10, Plot 994","Tehsil 10, Plot 994, Shop 326, 778",2,4,0.7272727272727273,60.8,ACCEPT,
1237,"Sector 50, Unit 480, Shop 135, 815, 800338","Sector 50, Unit 480, Shop 135","Sector 50, Unit 480, Shop 135, 815",3,4,0.9230769230769231,78.9,REVIEW,low_plausibility_and_reference_disagrees
1236,"Ashok Vihar, Unit 457, Shop 124, 778, Kerala","Ashok Vihar, Unit 457, Shop 124","Ashok Vihar, Unit 457, Shop 124, 778",3,4,0.9230769230769231,79.2,ACCEPT,
1235,"Vijay Nagar, Unit 434, Shop 113, 741, Indore",Vijay Nagar,"Vijay Nagar, Unit 434, Shop 113, 741",1,4,0.4444444444444444,37.0,ACCEPT,
1233,"Gandhi Marg, Unit 388, Shop 91, 667, 160334",Gandhi Marg,"Gandhi Marg, Unit 388, Shop 91, 667",1,4,0.4444444444444444,37.8,REVIEW,low_plausibility_and_reference_disagrees
1232,"Nehru Street, Unit 365, Shop 80, 630, West Bengal",Nehru Street,"Nehru Street, Unit 365, Shop 80, 630",1,4,0.4444444444444444,46.0,ACCEPT,
1231,"Maple Heights, Unit 342, Shop 69, 593, Ahmedabad","Maple Heights, Unit 342, Shop 69","Maple Heights, Unit 342, Shop 69, 593",3,4,0.9230769230769231,83.4,ACCEPT,
1228,"Tower E, Unit 273, Shop 36, 482, Karnataka","Tower E, Unit 273, Shop 36","Tower E, Unit 273, Shop 36, 482",3,4,0.9230769230769231,82.7,ACCEPT,
4438,"Sector 83, Shop 416, Unit 177, 371, Bhubaneswar",Sector 83,"Sector 83, Shop 416, Unit 177, 371",1,4,0.4444444444444444,41.6,ACCEPT,
4436,"Ashok Vihar, Shop 394, Unit 131, 297, 682837",Ashok Vihar,"Ashok Vihar, Shop 394, Unit 131, 297",1,4,0.4444444444444444,37.0,REVIEW,low_plausibility_and_reference_disagrees
4435,"Gali 26, Shop 383, Unit 108, 260, Madhya Pradesh","Gali 26, Shop 383, Unit 108","Gali 26, Shop 383, Unit 108, 260",3,4,0.9230769230769231,86.5,ACCEPT,
4434,"Ring Road, Shop 372, Unit 85, 223, Bhopal",Ring Road,"Ring Road, Shop 372, Unit 85, 223",1,4,0.4444444444444444,35.4,ACCEPT,
4431,"Phase 4, Shop 339, Unit 16, 112, Gujarat",Phase 4,"Phase 4, Shop 339, Unit 16, 112",1,4,0.4444444444444444,34.1,ACCEPT,
4430,"Block G, Shop 328, Unit 992, 75, Chennai","Block G, Shop 328, Unit 992","Block G, Shop 328, Unit 992, 75",3,4,0.9230769230769231,82.9,ACCEPT,
4428,"9th Floor, Shop 306, Unit 946, 1, 560829","9th Floor, Shop 306, Unit 946","9th Floor, Shop 306, Unit 946, 1",3,4,0.9230769230769231,84.5,REVIEW,low_plausibility_and_reference_disagrees
4427,"Unit 923, Shop 295, Unit 923, 963, Maharashtra","Unit 923, Shop 295","Unit 923, Shop 295, Unit 923, 963",2,4,0.7272727272727273,62.8,ACCEPT,
4426,"Plot 179, Shop 284, Unit 900, 926, Pune","Plot 179, Shop 284","Plot 179, Shop 284, Unit 900, 926",2,4,0.7272727272727273,50.5,ACCEPT,
4424,"976, Shop 262, Unit 854, 852, Rajasthan",976,"976, Shop 262, Unit 854, 852",1,4,0.2857142857142857,28.4,ACCEPT,
1253,"Near, Unit 848, Shop 311, 408, 160354","Near, Unit 848, Shop 311","Near, Unit 848, Shop 311, 408",3,4,0.9090909090909091,78.2,REVIEW,low_plausibility_and_reference_disagrees
1252,"Business Park 8, Unit 825, Shop 300, 371, West Bengal","Business Park 8, Unit 825, Shop 300","Business Park 8, Unit 825, Shop 300, 371",3,4,0.9333333333333333,85.5,ACCEPT,
1251,"Industrial Area 7, Unit 802, Shop 289, 334, Ahmedabad","Industrial Area 7, Unit 802","Industrial Area 7, Unit 802, Shop 289, 334",2,4,0.7692307692307693,64.1,ACCEPT,
1248,"Building 49, Unit 733, Shop 256, 223, Karnataka","Building 49, Unit 733","Building 49, Unit 733, Shop 256, 223",2,4,0.7272727272727273,61.8,ACCEPT,
1247,"Beside, Unit 710, Shop 245, 186, Mumbai","Beside, Unit 710, Shop 245","Beside, Unit 710, Shop 245, 186",3,4,0.9090909090909091,78.5,ACCEPT,
1245,"Uttar Pradesh, Unit 664, Shop 223, 112, 226346",Uttar Pradesh,"Uttar Pradesh, Unit 664, Shop 223, 112",1,4,0.4444444444444444,39.1,REVIEW,low_plausibility_and_reference_disagrees
1244,"Jaipur, Unit 641, Shop 212, 75, Rajasthan","Jaipur, Unit 641, Shop 212","Jaipur, Unit 641, Shop 212, 75",3,4,0.9090909090909091,85.0,ACCEPT,
1243,"District 44, Unit 618, Shop 201, 38, Noida","District 44, Unit 618, Shop 201","District 44, Unit 618, Shop 201, 38",3,4,0.9230769230769231,79.8,ACCEPT,
1241,"Post Madhopur, Unit 572, Shop 179, 963, 110342","Post Madhopur, Unit 572","Post Madhopur, Unit 572, Shop 179, 963",2,4,0.7272727272727273,57.6,REVIEW,low_plausibility_and_reference_disagrees
1239,"Main Bazaar, Unit 526, Shop 157, 889, Dehradun",Main Bazaar,"Main Bazaar, Unit 526, Shop 157, 889",1,4,0.4444444444444444,40.2,ACCEPT,
1270,"Sector 83, 11th Floor, Shop 498, 38, Chennai","Sector 83, 11th Floor","Sector 83, 11th Floor, Shop 498, 38",2,4,0.7272727272727273,60.0,ACCEPT,
1268,"Krishna Colony, 9th Floor, Shop 476, 963, 560369","Krishna Colony, 9th Floor, Shop 476","Krishna Colony, 9th Floor, Shop 476, 963",3,4,0.9230769230769231,79.6,REVIEW,low_plausibility_and_reference_disagrees
1267,"Gali 8, 8th Floor, Shop 465, 926, Maharashtra","Gali 8, 8th Floor, Shop 465","Gali 8, 8th Floor, Shop 465, 926",3,4,0.9230769230769231,84.6,ACCEPT,
1266,"Main Bazaar, 7th Floor, Shop 454, 889, Pune","Main Bazaar, 7th Floor","Main Bazaar, 7th Floor, Shop 454, 889",2,4,0.7272727272727273,52.5,ACCEPT,
1264,"Green Residency, 5th Floor, Shop 432, 815, 302365","Green Residency, 5th Floor, Shop 432","Green Residency, 5th Floor, Shop 432, 815",3,4,0.9230769230769231,79.7,REVIEW,low_plausibility_and_reference_disagrees
1263,"Phase 4, 4th Floor, Shop 421, 778, Uttar Pradesh","Phase 4, 4th Floor, Shop 421","Phase 4, 4th Floor, Shop 421, 778",3,4,0.9230769230769231,86.1,ACCEPT,
1260,"Unit 10, 1th Floor, Shop 388, 667, Maharashtra",Unit 10,"Unit 10, 1th Floor, Shop 388, 667",1,4,0.4444444444444444,37.8,ACCEPT,
1259,"Plot 945, 20th Floor, Shop 377, 630, Dehradun","Plot 945, 20th Floor","Plot 945, 20th Floor, Shop 377, 630",2,4,0.7272727272727273,59.8,ACCEPT,
1257,"Shop 355, 18th Floor, Shop 355, 556, 800358","Shop 355, 18th Floor, Shop 355","Shop 355, 18th Floor, Shop 355, 556",3,4,0.9230769230769231,79.0,REVIEW,low_plausibility_and_reference_disagrees
1256,"247, 17th Floor, Shop 344, 519, Kerala","247, 17th Floor, Shop 344","247, 17th Floor, Shop 344, 519",3,4,0.9090909090909091,78.3,ACCEPT,
1255,"482, 16th Floor, Shop 333, 482, Indore",482,"482, 16th Floor, Shop 333, 482",1,4,0.2857142857142857,22.6,ACCEPT,
1286,"Near, 7th Floor, Shop 175, 630, Pune","Near, 7th Floor, Shop 175","Near, 7th Floor, Shop 175, 630",3,4,0.9090909090909091,73.6,ACCEPT,
1284,"Industrial Area 10, 5th Floor, Shop 153, 556, 302385","Industrial Area 10, 5th Floor","Industrial Area 10, 5th Floor, Shop 153, 556",2,4,0.7692307692307693,59.7,REVIEW,low_plausibility_and_reference_disagrees
1283,"Campus 4, 4th Floor, Shop 142, 519, Uttar Pradesh","Campus 4, 4th Floor, Shop 142","Campus 4, 4th Floor, Shop 142, 519",3,4,0.9230769230769231,86.2,ACCEPT,
1282,"Wing C, 3th Floor, Shop 131, 482, Gurugram",Wing C,"Wing C, 3th Floor, Shop 131, 482",1,4,0.4444444444444444,32.4,ACCEPT,
1280,"Near, 1th Floor, Shop 109, 408, 440381","Near, 1th Floor, Shop 109","Near, 1th Floor, Shop 109, 408",3,4,0.9090909090909091,78.3,REVIEW,low_plausibility_and_reference_disagrees
1278,"Odisha, 19th Floor, Shop 87, 334, Bhubaneswar","Odisha, 19th Floor, Shop 87","Odisha, 19th Floor, Shop 87, 334",3,4,0.9090909090909091,84.6,ACCEPT,
1276,"District 2, 17th Floor, Shop 65, 260, 682377","District 2, 17th Floor, Shop 65","District 2, 17th Floor, Shop 65, 260",3,4,0.9230769230769231,79.2,REVIEW,low_plausibility_and_reference_disagrees
1275,"Tehsil 26, 16th Floor, Shop 54, 223, Madhya Pradesh","Tehsil 26, 16th Floor","Tehsil 26, 16th Floor, Shop 54, 223",2,4,0.7272727272727273,68.5,ACCEPT,
1274,"Post Shivpur, 15th Floor, Shop 43, 186, Bhopal",Post Shivpur,"Post Shivpur, 15th Floor, Shop 43, 186",1,4,0.4444444444444444,37.3,ACCEPT,
1272,"New Market, 13th Floor, Shop 21, 112, 700373","New Market, 13th Floor","New Market, 13th Floor, Shop 21, 112",2,4,0.7272727272727273,58.5,REVIEW,low_plausibility_and_reference_disagrees
1271,"City Library, 12th Floor, Shop 10, 75, Gujarat","City Library, 12th Floor, Shop 10","City Library, 12th Floor, Shop 10, 75",3,4,0.9230769230769231,83.5,ACCEPT,
4421,"Near, 937, Unit 785, 741, 110822","Near, 937","Near, 937, Unit 785, 741",2,4,0.5714285714285714,47.7,REVIEW,low_plausibility_and_reference_disagrees
4420,"Business Park 11, 924, Unit 762, 704, Maharashtra",Business Park 11,"Business Park 11, 924, Unit 762, 704",1,4,0.6,53.5,ACCEPT,
4419,"Industrial Area 10, 911, Unit 739, 667, Dehradun",Industrial Area 10,"Industrial Area 10, 911, Unit 739, 667",1,4,0.6,51.0,ACCEPT,
4416,"Building 17, 872, Unit 670, 556, Kerala","Building 17, 872","Building 17, 872, Unit 670, 556",2,4,0.6666666666666666,54.0,ACCEPT,
4415,"Beside, 859, Unit 647, 519, Indore",Beside,"Beside, 859, Unit 647, 519",1,4,0.3333333333333333,34.3,ACCEPT,
4413,"Chandigarh, 833, Unit 601, 445, 160814","Chandigarh, 833","Chandigarh, 833, Unit 601, 445",2,4,0.5714285714285714,53.3,REVIEW,low_plausibility_and_reference_disagrees
4412,"Kolkata, 820, Unit 578, 408, West Bengal","Kolkata, 820","Kolkata, 820, Unit 578, 408",2,4,0.5714285714285714,58.4,ACCEPT,
4411,"District 62, 807, Unit 555, 371, Ahmedabad",District 62,"District 62, 807, Unit 555, 371",1,4,0.5,46.4,ACCEPT,
4409,"Post Madhopur, 781, Unit 509, 297, 500810",Post Madhopur,"Post Madhopur, 781, Unit 509, 297",1,4,0.5,43.7,REVIEW,low_plausibility_and_reference_disagrees
4408,"Kalyanpur, 768, Unit 486, 260, Karnataka","Kalyanpur, 768","Kalyanpur, 768, Unit 486, 260",2,4,0.5714285714285714,57.6,ACCEPT,
1302,"Green Park, Tower G, Shop 351, 223, Haryana",Green Park,"Green Park, Tower G, Shop 351, 223",1,4,0.4444444444444444,38.3,ACCEPT,
1299,"Lake View Road, Tower D, Shop 318, 112, 248400","Lake View Road, Tower D, Shop 318","Lake View Road, Tower D, Shop 318, 112",3,4,0.9333333333333333,79.4,REVIEW,low_plausibility_and_reference_disagrees
1298,"Airport Road, Tower C, Shop 307, 75, Odisha","Airport Road, Tower C","Airport Road, Tower C, Shop 307, 75",2,4,0.7272727272727273,58.1,ACCEPT,
1297,"Lotus Heights, Tower B, Shop 296, 38, Patna","Lotus Heights, Tower B, Shop 296","Lotus Heights, Tower B, Shop 296, 38",3,4,0.9230769230769231,79.9,ACCEPT,
1295,"Block H, Tower H, Shop 274, 963, 452396","Block H, Tower H","Block H, Tower H, Shop 274, 963",2,4,0.7272727272727273,54.0,REVIEW,low_plausibility_and_reference_disagrees
1292,"Plot 573, Tower E, Shop 241, 852, 700393","Plot 573, Tower E, Shop 241","Plot 573, Tower E, Shop 241, 852",3,4,0.9230769230769231,78.6,REVIEW,low_plausibility_and_reference_disagrees
1288,"704, Tower A, Shop 197, 704, 560389","704, Tower A, Shop 197","704, Tower A, Shop 197, 704",3,4,0.9090909090909091,77.8,REVIEW,low_plausibility_and_reference_disagrees
1287,"Opposite, 8th Floor, Shop 186, 667, Maharashtra",Opposite,"Opposite, 8th Floor, Shop 186, 667",1,4,0.2857142857142857,39.3,ACCEPT,
1318,"Business Park 14, Tower G, Shop 28, 815, Odisha",Business Park 14,"Business Park 14, Tower G, Shop 28, 815",1,4,0.5454545454545454,43.4,ACCEPT,
1317,"Industrial Area 13, Tower F, Shop 17, 778, Patna","Industrial Area 13, Tower F","Industrial Area 13, Tower F, Shop 17, 778",2,4,0.7692307692307693,58.1,ACCEPT,
1315,"Wing D, Tower D, Shop 494, 704, 452416","Wing D, Tower D","Wing D, Tower D, Shop 494, 704",2,4,0.7272727272727273,53.3,REVIEW,low_plausibility_and_reference_disagrees
1311,"Gujarat, Tower H, Shop 450, 556, 380412","Gujarat, Tower H, Shop 450","Gujarat, Tower H, Shop 450, 556",3,4,0.9090909090909091,78.5,REVIEW,low_plausibility_and_reference_disagrees
1309,"District 35, Tower F, Shop 428, 482, Hyderabad","District 35, Tower F, Shop 428","District 35, Tower F, Shop 428, 482",3,4,0.9230769230769231,83.2,ACCEPT,
1307,"Post Madhopur, Tower D, Shop 406, 408, 400408","Post Madhopur, Tower D, Shop 406","Post Madhopur, Tower D, Shop 406, 408",3,4,0.9230769230769231,79.3,REVIEW,low_plausibility_and_reference_disagrees
1305,"Sadar Market, Tower B, Shop 384, 334, Lucknow","Sadar Market, Tower B, Shop 384","Sadar Market, Tower B, Shop 384, 334",3,4,0.9230769230769231,80.8,ACCEPT,
1303,"Sector 17, Tower H, Shop 362, 260, 201704","Sector 17, Tower H, Shop 362","Sector 17, Tower H, Shop 362, 260",3,4,0.9230769230769231,78.8,REVIEW,low_plausibility_and_reference_disagrees
1334,"Laxmi Enclave, Block G, Shop 204, 408, 462435","Laxmi Enclave, Block G, Shop 204","Laxmi Enclave, Block G, Shop 204, 408",3,4,0.9230769230769231,79.3,REVIEW,low_plausibility_and_reference_disagrees
1332,"Nehru Street, Block E, Shop 182, 334, Kolkata","Nehru Street, Block E","Nehru Street, Block E, Shop 182, 334",2,4,0.7272727272727273,58.6,ACCEPT,
1330,"Shivam Apartments, Block C, Shop 160, 260, 600431","Shivam Apartments, Block C","Shivam Apartments, Block C, Shop 160, 260",2,4,0.7272727272727273,58.7,REVIEW,low_plausibility_and_reference_disagrees
1329,"Phase 4, Block B, Shop 149, 223, Telangana","Phase 4, Block B, Shop 149","Phase 4, Block B, Shop 149, 223",3,4,0.9230769230769231,82.7,ACCEPT,
1327,"8th Floor, Block H, Shop 127, 149, 400428","8th Floor, Block H","8th Floor, Block H, Shop 127, 149",2,4,0.7272727272727273,55.2,REVIEW,low_plausibility_and_reference_disagrees
1325,"Plot 201, Block F, Shop 105, 75, Lucknow","Plot 201, Block F, Shop 105","Plot 201, Block F, Shop 105, 75",3,4,0.9230769230769231,82.9,ACCEPT,
1323,"Shop 83, Block D, Shop 83, 1, 201724",Shop 83,"Shop 83, Block D, Shop 83, 1",1,4,0.4444444444444444,35.1,REVIEW,low_plausibility_and_reference_disagrees
1322,"206, Block C, Shop 72, 963, Haryana","206, Block C, Shop 72","206, Block C, Shop 72, 963",3,4,0.9090909090909091,79.2,ACCEPT,
1319,"Near, Tower H, Shop 39, 852, 248420","Near, Tower H, Shop 39","Near, Tower H, Shop 39, 852",3,4,0.9090909090909091,77.8,REVIEW,low_plausibility_and_reference_disagrees
4405,"Sector 50, 729, Unit 417, 149, 226806",Sector 50,"Sector 50, 729, Unit 417, 149",1,4,0.5,39.1,REVIEW,low_plausibility_and_reference_disagrees
4404,"Laxmi Enclave, 716, Unit 394, 112, Rajasthan","Laxmi Enclave, 716","Laxmi Enclave, 716, Unit 394, 112",2,4,0.6666666666666666,60.3,ACCEPT,
4403,"Rajendra Nagar, 703, Unit 371, 75, Noida","Rajendra Nagar, 703, Unit 371","Rajendra Nagar, 703, Unit 371, 75",3,4,0.9090909090909091,79.6,ACCEPT,
4401,"Station Road, 677, Unit 325, 1, 110802","Station Road, 677, Unit 325","Station Road, 677, Unit 325, 1",3,4,0.9090909090909091,84.3,REVIEW,low_plausibility_and_reference_disagrees
4400,"MG Road, 664, Unit 302, 963, Maharashtra","MG Road, 664, Unit 302","MG Road, 664, Unit 302, 963",3,4,0.9090909090909091,83.7,ACCEPT,
4399,"Maple Heights, 651, Unit 279, 926, Dehradun","Maple Heights, 651","Maple Heights, 651, Unit 279, 926",2,4,0.6666666666666666,58.8,ACCEPT,
4397,"Block F, 625, Unit 233, 852, 800798",Block F,"Block F, 625, Unit 233, 852",1,4,0.5,36.1,REVIEW,low_plausibility_and_reference_disagrees
4396,"Tower E, 612, Unit 210, 815, Kerala","Tower E, 612","Tower E, 612, Unit 210, 815",2,4,0.6666666666666666,50.9,ACCEPT,
4395,"16th Floor, 599, Unit 187, 778, Indore","16th Floor, 599","16th Floor, 599, Unit 187, 778",2,4,0.6666666666666666,53.3,ACCEPT,
4393,"Plot 551, 573, Unit 141, 704, 160794","Plot 551, 573","Plot 551, 573, Unit 141, 704",2,4,0.6666666666666666,51.8,REVIEW,low_plausibility_and_reference_disagrees
4392,"Office 148, 560, Unit 118, 667, West Bengal","Office 148, 560, Unit 118","Office 148, 560, Unit 118, 667",3,4,0.9090909090909091,84.3,ACCEPT,
4391,"Shop 398, 547, Unit 95, 630, Ahmedabad","Shop 398, 547, Unit 95","Shop 398, 547, Unit 95, 630",3,4,0.9090909090909091,81.9,ACCEPT,
1350,"Industrial Area 1, Block G, Shop 380, 1, 600451","Industrial Area 1, Block G, Shop 380","Industrial Area 1, Block G, Shop 380, 1",3,4,0.9333333333333333,85.0,REVIEW,low_plausibility_and_reference_disagrees
1349,"Campus 10, Block F, Shop 369, 963, Telangana","Campus 10, Block F, Shop 369","Campus 10, Block F, Shop 369, 963",3,4,0.9230769230769231,83.0,ACCEPT,
1348,"Wing E, Block E, Shop 358, 926, Bengaluru","Wing E, Block E","Wing E, Block E, Shop 358, 926",2,4,0.7272727272727273,58.4,ACCEPT,
1346,"Behind, Block C, Shop 336, 852, 411447","Behind, Block C, Shop 336","Behind, Block C, Shop 336, 852",3,4,0.9090909090909091,78.3,REVIEW,low_plausibility_and_reference_disagrees
1345,"226446, Block B, Shop 325, 815, Uttar Pradesh","226446, Block B","226446, Block B, Shop 325, 815",2,4,0.6666666666666666,62.9,ACCEPT,
1344,"Rajasthan, Block A, Shop 314, 778, Jaipur","Rajasthan, Block A","Rajasthan, Block A, Shop 314, 778",2,4,0.6666666666666666,55.2,ACCEPT,
1342,"District 68, Block G, Shop 292, 704, 122443","District 68, Block G","District 68, Block G, Shop 292, 704",2,4,0.7272727272727273,56.3,REVIEW,low_plausibility_and_reference_disagrees
1340,"Post Shivpur, Block E, Shop 270, 630, Nagpur",Post Shivpur,"Post Shivpur, Block E, Shop 270, 630",1,4,0.4444444444444444,38.9,ACCEPT,
1336,"Sector 50, Block A, Shop 226, 482, Kochi",Sector 50,"Sector 50, Block A, Shop 226, 482",1,4,0.4444444444444444,33.5,ACCEPT,
1365,"Park Road, Phase 4, Shop 46, 556, 226466","Park Road, Phase 4","Park Road, Phase 4, Shop 46, 556",2,4,0.7272727272727273,56.6,REVIEW,low_plausibility_and_reference_disagrees
1362,"Block C, Phase 1, Shop 13, 445, 122463",Block C,"Block C, Phase 1, Shop 13, 445",1,4,0.4444444444444444,33.3,REVIEW,low_plausibility_and_reference_disagrees
1357,"Office 695, Phase 2, Shop 457, 260, Bihar",Office 695,"Office 695, Phase 2, Shop 457, 260",1,4,0.4444444444444444,34.8,ACCEPT,
1356,"Shop 446, Phase 1, Shop 446, 223, Kochi","Shop 446, Phase 1, Shop 446","Shop 446, Phase 1, Shop 446, 223",3,4,0.9230769230769231,76.6,ACCEPT,
1352,"Near, Block A, Shop 402, 75, Kolkata","Near, Block A","Near, Block A, Shop 402, 75",2,4,0.6666666666666666,55.2,ACCEPT,
4390,"593, 534, Unit 72, 593, 600791","593, 534","593, 534, Unit 72, 593",2,4,0.5714285714285714,47.9,REVIEW,low_plausibility_and_reference_disagrees
4388,"Near, 519, Unit 26, 519, Bengaluru",Near,"Near, 519, Unit 26, 519",1,4,0.3333333333333333,35.8,ACCEPT,
4386,"Industrial Area 7, 445, Unit 979, 445, 411787","Industrial Area 7, 445, Unit 979","Industrial Area 7, 445, Unit 979, 445",3,4,0.9230769230769231,79.3,REVIEW,low_plausibility_and_reference_disagrees
4382,"Behind, 297, Unit 887, 297, 122783","Behind, 297, Unit 887","Behind, 297, Unit 887, 297",3,4,0.8888888888888888,77.6,REVIEW,low_plausibility_and_reference_disagrees
4378,"District 29, 149, Unit 795, 149, 751779","District 29, 149, Unit 795","District 29, 149, Unit 795, 149",3,4,0.9090909090909091,78.5,REVIEW,low_plausibility_and_reference_disagrees
4377,"Tehsil 28, 112, Unit 772, 112, Bihar","Tehsil 28, 112, Unit 772","Tehsil 28, 112, Unit 772, 112",3,4,0.9090909090909091,76.1,ACCEPT,
4376,"Post Shivpur, 75, Unit 749, 75, Kochi","Post Shivpur, 75, Unit 749","Post Shivpur, 75, Unit 749, 75",3,4,0.9090909090909091,79.2,ACCEPT,
1381,"Wing F, Phase 2, Shop 222, 149, 110482",Wing F,"Wing F, Phase 2, Shop 222, 149",1,4,0.4444444444444444,30.8,REVIEW,low_plausibility_and_reference_disagrees
1380,"Building 21, Phase 1, Shop 211, 112, Maharashtra",Building 21,"Building 21, Phase 1, Shop 211, 112",1,4,0.4444444444444444,44.9,ACCEPT,
1379,"Beside, Phase 6, Shop 200, 75, Dehradun",Beside,"Beside, Phase 6, Shop 200, 75",1,4,0.2857142857142857,34.8,ACCEPT,
1377,"Bihar, Phase 4, Shop 178, 1, 800478",Bihar,"Bihar, Phase 4, Shop 178, 1",1,4,0.2857142857142857,30.5,REVIEW,low_plausibility_and_reference_disagrees
1376,"Kochi, Phase 3, Shop 167, 963, Kerala",Kochi,"Kochi, Phase 3, Shop 167, 963",1,4,0.2857142857142857,28.9,ACCEPT,
1375,"District 26, Phase 2, Shop 156, 926, Indore","District 26, Phase 2, Shop 156","District 26, Phase 2, Shop 156, 926",3,4,0.9230769230769231,79.0,ACCEPT,
1373,"Post Madhopur, Phase 6, Shop 134, 852, 160474","Post Madhopur, Phase 6","Post Madhopur, Phase 6, Shop 134, 852",2,4,0.7272727272727273,57.2,REVIEW,low_plausibility_and_reference_disagrees
1372,"Kalyanpur, Phase 5, Shop 123, 815, West Bengal",Kalyanpur,"Kalyanpur, Phase 5, Shop 123, 815",1,4,0.2857142857142857,42.4,ACCEPT,
1369,"Sector 83, Phase 2, Shop 90, 704, 500470","Sector 83, Phase 2, Shop 90","Sector 83, Phase 2, Shop 90, 704",3,4,0.9230769230769231,78.6,REVIEW,low_plausibility_and_reference_disagrees
1368,"Krishna Colony, Phase 1, Shop 79, 667, Karnataka",Krishna Colony,"Krishna Colony, Phase 1, Shop 79, 667",1,4,0.4444444444444444,46.4,ACCEPT,
1367,"Saket Extension, Phase 6, Shop 68, 630, Mumbai",Saket Extension,"Saket Extension, Phase 6, Shop 68, 630",1,4,0.4444444444444444,42.6,ACCEPT,
1398,"Airport Road, Pearl Residency, Shop 409, 778, Bhubaneswar","Airport Road, Pearl Residency","Airport Road, Pearl Residency, Shop 409, 778",2,4,0.7272727272727273,67.2,ACCEPT,
1396,"Phase 5, Sunrise Towers, Shop 387, 704, Kerala",Phase 5,"Phase 5, Sunrise Towers, Shop 387, 704",1,4,0.4444444444444444,27.6,ACCEPT,
1395,"Block D, Royal Enclave, Shop 376, 667, Indore","Block D, Royal Enclave, Shop 376","Block D, Royal Enclave, Shop 376, 667",3,4,0.9230769230769231,79.3,ACCEPT,
1393,"14th Floor, Lotus Heights, Shop 354, 593, 160494",14th Floor,"14th Floor, Lotus Heights, Shop 354, 593",1,4,0.4444444444444444,32.2,REVIEW,low_plausibility_and_reference_disagrees
1392,"Unit 49, Green Residency, Shop 343, 556, West Bengal",Unit 49,"Unit 49, Green Residency, Shop 343, 556",1,4,0.4444444444444444,33.6,ACCEPT,
1391,"Plot 456, Maple Heights, Shop 332, 519, Ahmedabad","Plot 456, Maple Heights","Plot 456, Maple Heights, Shop 332, 519",2,4,0.7272727272727273,62.6,ACCEPT,
1389,"Shop 310, Lake View Homes, Shop 310, 445, 500490","Shop 310, Lake View Homes","Shop 310, Lake View Homes, Shop 310, 445",2,4,0.7692307692307693,58.4,REVIEW,low_plausibility_and_reference_disagrees
1388,"165, Sunrise Towers, Shop 299, 408, Karnataka","165, Sunrise Towers, Shop 299","165, Sunrise Towers, Shop 299, 408",3,4,0.9090909090909091,83.1,ACCEPT,
1387,"371, Royal Enclave, Shop 288, 371, Mumbai","371, Royal Enclave, Shop 288","371, Royal Enclave, Shop 288, 371",3,4,0.9090909090909091,78.8,ACCEPT,
1385,"Near, Phase 6, Shop 266, 297, 226486","Near, Phase 6","Near, Phase 6, Shop 266, 297",2,4,0.6666666666666666,51.8,REVIEW,low_plausibility_and_reference_disagrees
1384,"Business Park 5, Phase 5, Shop 255, 260, Rajasthan","Business Park 5, Phase 5","Business Park 5, Phase 5, Shop 255, 260",2,4,0.7692307692307693,63.0,ACCEPT,
4374,"Main Bazaar, 1, Unit 703, 1, 462775","Main Bazaar, 1","Main Bazaar, 1, Unit 703, 1",2,4,0.6666666666666666,55.6,REVIEW,low_plausibility_and_reference_disagrees
4372,"Sector 17, 926, Unit 657, 926, Kolkata",Sector 17,"Sector 17, 926, Unit 657, 926",1,4,0.5,40.9,ACCEPT,
4370,"Shanti Nagar, 852, Unit 611, 852, 600771",Shanti Nagar,"Shanti Nagar, 852, Unit 611, 852",1,4,0.5,42.7,REVIEW,low_plausibility_and_reference_disagrees
4368,"Airport Road, 778, Unit 565, 778, Bengaluru","Airport Road, 778, Unit 565","Airport Road, 778, Unit 565, 778",3,4,0.9090909090909091,82.8,ACCEPT,
4366,"Pearl Residency, 704, Unit 519, 704, 411767",Pearl Residency,"Pearl Residency, 704, Unit 519, 704",1,4,0.5,45.4,REVIEW,low_plausibility_and_reference_disagrees
4365,"Phase 4, 667, Unit 496, 667, Uttar Pradesh",Phase 4,"Phase 4, 667, Unit 496, 667",1,4,0.5,45.4,ACCEPT,
4362,"3th Floor, 556, Unit 427, 556, 122763","3th Floor, 556, Unit 427","3th Floor, 556, Unit 427, 556",3,4,0.9090909090909091,78.2,REVIEW,low_plausibility_and_reference_disagrees
4360,"Plot 923, 482, Unit 381, 482, Nagpur","Plot 923, 482, Unit 381","Plot 923, 482, Unit 381, 482",3,4,0.9090909090909091,78.0,ACCEPT,
1414,"Wing G, Pearl Residency, Shop 86, 371, Bhopal",Wing G,"Wing G, Pearl Residency, Shop 86, 371",1,4,0.4444444444444444,26.1,ACCEPT,
1412,"Near, Sunrise Towers, Shop 64, 297, 700513","Near, Sunrise Towers, Shop 64","Near, Sunrise Towers, Shop 64, 297",3,4,0.9090909090909091,78.9,REVIEW,low_plausibility_and_reference_disagrees
1411,"380512, Royal Enclave, Shop 53, 260, Gujarat",380512,"380512, Royal Enclave, Shop 53, 260",1,4,0.2857142857142857,28.9,ACCEPT,
1410,"Tamil Nadu, Shivam Apartments, Shop 42, 223, Chennai",Tamil Nadu,"Tamil Nadu, Shivam Apartments, Shop 42, 223",1,4,0.4444444444444444,31.9,ACCEPT,
1408,"District 59, Green Residency, Shop 20, 149, 560509","District 59, Green Residency","District 59, Green Residency, Shop 20, 149",2,4,0.7272727272727273,60.6,REVIEW,low_plausibility_and_reference_disagrees
1407,"Tehsil 8, Maple Heights, Shop 9, 112, Maharashtra","Tehsil 8, Maple Heights","Tehsil 8, Maple Heights, Shop 9, 112",2,4,0.7272727272727273,67.8,ACCEPT,
1406,"Post Shivpur, Pearl Residency, Shop 497, 75, Pune","Post Shivpur, Pearl Residency, Shop 497","Post Shivpur, Pearl Residency, Shop 497, 75",3,4,0.9230769230769231,77.9,ACCEPT,
1404,"Main Bazaar, Sunrise Towers, Shop 475, 1, 302505","Main Bazaar, Sunrise Towers, Shop 475","Main Bazaar, Sunrise Towers, Shop 475, 1",3,4,0.9230769230769231,85.1,REVIEW,low_plausibility_and_reference_disagrees
1403,"Clock Tower, Royal Enclave, Shop 464, 963, Uttar Pradesh","Clock Tower, Royal Enclave, Shop 464","Clock Tower, Royal Enclave, Shop 464, 963",3,4,0.9230769230769231,87.0,ACCEPT,
1402,"Sector 17, Shivam Apartments, Shop 453, 926, Gurugram","Sector 17, Shivam Apartments, Shop 453","Sector 17, Shivam Apartments, Shop 453, 926",3,4,0.9230769230769231,82.9,ACCEPT,
1400,"Shanti Nagar, Green Residency, Shop 431, 852, 440501","Shanti Nagar, Green Residency, Shop 431","Shanti Nagar, Green Residency, Shop 431, 852",3,4,0.9230769230769231,79.9,REVIEW,low_plausibility_and_reference_disagrees
1399,"Gali 20, Maple Heights, Shop 420, 815, Uttarakhand",Gali 20,"Gali 20, Maple Heights, Shop 420, 815",1,4,0.4444444444444444,34.9,ACCEPT,
1430,"Pearl Residency, MG Road, Shop 262, 963, Chennai","Pearl Residency, MG Road, Shop 262","Pearl Residency, MG Road, Shop 262, 963",3,4,0.9230769230769231,81.2,ACCEPT,
1427,"Tower D, College Road, Shop 229, 852, Maharashtra","Tower D, College Road","Tower D, College Road, Shop 229, 852",2,4,0.7272727272727273,64.3,ACCEPT,
1426,"7th Floor, Main Bazaar, Shop 218, 815, Pune",7th Floor,"7th Floor, Main Bazaar, Shop 218, 815",1,4,0.4444444444444444,28.6,ACCEPT,
1424,"Plot 84, Ring Road, Shop 196, 741, 302525","Plot 84, Ring Road","Plot 84, Ring Road, Shop 196, 741",2,4,0.7272727272727273,55.2,REVIEW,low_plausibility_and_reference_disagrees
1423,"Office 918, Gandhi Marg, Shop 185, 704, Uttar Pradesh","Office 918, Gandhi Marg, Shop 185","Office 918, Gandhi Marg, Shop 185, 704",3,4,0.9230769230769231,86.7,ACCEPT,
1420,"593, MG Road, Shop 152, 593, 440521",593,"593, MG Road, Shop 152, 593",1,4,0.2857142857142857,24.5,REVIEW,low_plausibility_and_reference_disagrees
1419,"Opposite, Royal Enclave, Shop 141, 556, Uttarakhand","Opposite, Royal Enclave, Shop 141","Opposite, Royal Enclave, Shop 141, 556",3,4,0.9090909090909091,85.3,ACCEPT,
1418,"Near, Shivam Apartments, Shop 130, 519, Bhubaneswar","Near, Shivam Apartments, Shop 130","Near, Shivam Apartments, Shop 130, 519",3,4,0.9090909090909091,85.3,ACCEPT,
1416,"Industrial Area 7, Green Residency, Shop 108, 445, 682517","Industrial Area 7, Green Residency","Industrial Area 7, Green Residency, Shop 108, 445",2,4,0.7692307692307693,60.9,REVIEW,low_plausibility_and_reference_disagrees
1415,"Campus 16, Maple Heights, Shop 97, 408, Madhya Pradesh","Campus 16, Maple Heights, Shop 97","Campus 16, Maple Heights, Shop 97, 408",3,4,0.9230769230769231,87.2,ACCEPT,
1446,"Building 7, Main Bazaar, Shop 438, 556, Maharashtra","Building 7, Main Bazaar","Building 7, Main Bazaar, Shop 438, 556",2,4,0.7272727272727273,65.1,ACCEPT,
1445,"Opposite, Park Road, Shop 427, 519, Lucknow","Opposite, Park Road","Opposite, Park Road, Shop 427, 519",2,4,0.6666666666666666,57.7,ACCEPT,
1443,"Uttar Pradesh, Gandhi Marg, Shop 405, 445, 201844","Uttar Pradesh, Gandhi Marg, Shop 405","Uttar Pradesh, Gandhi Marg, Shop 405, 445",3,4,0.9230769230769231,79.7,REVIEW,low_plausibility_and_reference_disagrees
1442,"Gurugram, Nehru Street, Shop 394, 408, Haryana",Gurugram,"Gurugram, Nehru Street, Shop 394, 408",1,4,0.2857142857142857,31.9,ACCEPT,
1439,"Post Madhopur, Lake View Road, Shop 361, 297, 248540","Post Madhopur, Lake View Road, Shop 361","Post Madhopur, Lake View Road, Shop 361, 297",3,4,0.9333333333333333,79.9,REVIEW,low_plausibility_and_reference_disagrees
1437,"New Market, College Road, Shop 339, 223, Patna","New Market, College Road, Shop 339","New Market, College Road, Shop 339, 223",3,4,0.9230769230769231,77.4,ACCEPT,
1435,"Sector 50, Park Road, Shop 317, 149, 452536","Sector 50, Park Road, Shop 317","Sector 50, Park Road, Shop 317, 149",3,4,0.9230769230769231,79.0,REVIEW,low_plausibility_and_reference_disagrees
1434,"Laxmi Enclave, Ring Road, Shop 306, 112, Madhya Pradesh","Laxmi Enclave, Ring Road","Laxmi Enclave, Ring Road, Shop 306, 112",2,4,0.7272727272727273,68.4,ACCEPT,
4358,"Shop 35, 408, Unit 335, 408, 751759",Shop 35,"Shop 35, 408, Unit 335, 408",1,4,0.5,36.1,REVIEW,low_plausibility_and_reference_disagrees
4357,"105, 371, Unit 312, 371, Bihar","105, 371, Unit 312","105, 371, Unit 312, 371",3,4,0.8888888888888888,74.7,ACCEPT,
4356,"Near, Opposite, Plot 847, 334, 682757","Near, Opposite, Plot 847","Near, Opposite, Plot 847, 334",3,4,0.8888888888888888,78.2,REVIEW,low_plausibility_and_reference_disagrees
4355,"Business Park 6, Opposite, Plot 828, 297, Madhya Pradesh","Business Park 6, Opposite","Business Park 6, Opposite, Plot 828, 297",2,4,0.7272727272727273,68.8,ACCEPT,
4354,"Industrial Area 5, Opposite, Plot 809, 260, Bhopal",Industrial Area 5,"Industrial Area 5, Opposite, Plot 809, 260",1,4,0.6,42.4,ACCEPT,
4352,"Wing A, Opposite, Plot 771, 186, 700753","Wing A, Opposite, Plot 771","Wing A, Opposite, Plot 771, 186",3,4,0.9090909090909091,78.5,REVIEW,low_plausibility_and_reference_disagrees
4351,"Building 32, Opposite, Plot 752, 149, Gujarat","Building 32, Opposite, Plot 752","Building 32, Opposite, Plot 752, 149",3,4,0.9090909090909091,80.8,ACCEPT,
4350,"Behind, Opposite, Plot 733, 112, Chennai","Behind, Opposite, Plot 733","Behind, Opposite, Plot 733, 112",3,4,0.8888888888888888,80.2,ACCEPT,
4347,"Mumbai, Opposite, Plot 676, 1, Maharashtra",Mumbai,"Mumbai, Opposite, Plot 676, 1",1,4,0.3333333333333333,38.7,ACCEPT,
4346,"District 72, Opposite, Plot 657, 963, Pune","District 72, Opposite, Plot 657","District 72, Opposite, Plot 657, 963",3,4,0.9090909090909091,74.4,ACCEPT,
4344,"Post Rampur, Opposite, Plot 619, 889, 302745",Post Rampur,"Post Rampur, Opposite, Plot 619, 889",1,4,0.5,37.0,REVIEW,low_plausibility_and_reference_disagrees
4343,"Madhopur, Opposite, Plot 600, 852, Uttar Pradesh","Madhopur, Opposite, Plot 600","Madhopur, Opposite, Plot 600, 852",3,4,0.8888888888888888,86.1,ACCEPT,
1462,"Phase 5, Nehru Street, Shop 115, 149, Haryana","Phase 5, Nehru Street, Shop 115","Phase 5, Nehru Street, Shop 115, 149",3,4,0.9230769230769231,80.8,ACCEPT,
1459,"20th Floor, Lake View Road, Shop 82, 38, 248560",20th Floor,"20th Floor, Lake View Road, Shop 82, 38",1,4,0.4,32.9,REVIEW,low_plausibility_and_reference_disagrees
1458,"Unit 568, Airport Road, Shop 71, 1, Odisha","Unit 568, Airport Road","Unit 568, Airport Road, Shop 71, 1",2,4,0.7272727272727273,61.4,ACCEPT,
1457,"Plot 711, College Road, Shop 60, 963, Patna","Plot 711, College Road, Shop 60","Plot 711, College Road, Shop 60, 963",3,4,0.9230769230769231,77.1,ACCEPT,
1455,"Shop 38, Park Road, Shop 38, 889, 452556","Shop 38, Park Road","Shop 38, Park Road, Shop 38, 889",2,4,0.7272727272727273,56.6,REVIEW,low_plausibility_and_reference_disagrees
1451,"Near, Station Road, Shop 493, 741, 380552","Near, Station Road","Near, Station Road, Shop 493, 741",2,4,0.6666666666666666,55.2,REVIEW,low_plausibility_and_reference_disagrees
1447,"Wing H, College Road, Shop 449, 593, 400548","Wing H, College Road, Shop 449","Wing H, College Road, Shop 449, 593",3,4,0.9230769230769231,79.0,REVIEW,low_plausibility_and_reference_disagrees
1478,"Behind, Airport Road, Shop 291, 741, 751579","Behind, Airport Road","Behind, Airport Road, Shop 291, 741",2,4,0.6666666666666666,56.3,REVIEW,low_plausibility_and_reference_disagrees
1477,"800578, College Road, Shop 280, 704, Bihar","800578, College Road, Shop 280","800578, College Road, Shop 280, 704",3,4,0.9090909090909091,77.0,ACCEPT,
1476,"Kerala, Main Bazaar, Shop 269, 667, Kochi","Kerala, Main Bazaar, Shop 269","Kerala, Main Bazaar, Shop 269, 667",3,4,0.9090909090909091,76.8,ACCEPT,
1474,"District 50, Ring Road, Shop 247, 593, 462575","District 50, Ring Road, Shop 247","District 50, Ring Road, Shop 247, 593",3,4,0.9230769230769231,79.3,REVIEW,low_plausibility_and_reference_disagrees
1472,"Post Shivpur, Nehru Street, Shop 225, 519, Kolkata","Post Shivpur, Nehru Street, Shop 225","Post Shivpur, Nehru Street, Shop 225, 519",3,4,0.9230769230769231,81.3,ACCEPT,
1470,"Sadar Market, MG Road, Shop 203, 445, 600571","Sadar Market, MG Road","Sadar Market, MG Road, Shop 203, 445",2,4,0.7272727272727273,56.8,REVIEW,low_plausibility_and_reference_disagrees
1469,"Railway Station, Lake View Road, Shop 192, 408, Telangana",Railway Station,"Railway Station, Lake View Road, Shop 192, 408",1,4,0.4,40.7,ACCEPT,
1466,"Ashok Vihar, Main Bazaar, Shop 159, 297, 411567","Ashok Vihar, Main Bazaar, Shop 159","Ashok Vihar, Main Bazaar, Shop 159, 297",3,4,0.9230769230769231,79.5,REVIEW,low_plausibility_and_reference_disagrees
4342,"New Market, Opposite, Plot 581, 815, Gurugram","New Market, Opposite, Plot 581","New Market, Opposite, Plot 581, 815",3,4,0.9090909090909091,82.1,ACCEPT,
4339,"Rosewood Layout, Opposite, Plot 524, 704, Uttarakhand","Rosewood Layout, Opposite","Rosewood Layout, Opposite, Plot 524, 704",2,4,0.6666666666666666,65.9,ACCEPT,
4338,"Krishna Colony, Opposite, Plot 505, 667, Bhubaneswar","Krishna Colony, Opposite","Krishna Colony, Opposite, Plot 505, 667",2,4,0.6666666666666666,65.5,ACCEPT,
4336,"Main Bazaar, Opposite, Plot 467, 593, 682737",Main Bazaar,"Main Bazaar, Opposite, Plot 467, 593",1,4,0.5,37.0,REVIEW,low_plausibility_and_reference_disagrees
4335,"Park Road, Opposite, Plot 448, 556, Madhya Pradesh","Park Road, Opposite","Park Road, Opposite, Plot 448, 556",2,4,0.6666666666666666,66.2,ACCEPT,
4334,"Pearl Residency, Opposite, Plot 429, 519, Bhopal",Pearl Residency,"Pearl Residency, Opposite, Plot 429, 519",1,4,0.5,40.9,ACCEPT,
4332,"Block E, Opposite, Plot 391, 445, 700733","Block E, Opposite, Plot 391","Block E, Opposite, Plot 391, 445",3,4,0.9090909090909091,78.6,REVIEW,low_plausibility_and_reference_disagrees
4331,"Tower D, Opposite, Plot 372, 408, Gujarat",Tower D,"Tower D, Opposite, Plot 372, 408",1,4,0.5,33.3,ACCEPT,
4330,"11th Floor, Opposite, Plot 353, 371, Chennai","11th Floor, Opposite","11th Floor, Opposite, Plot 353, 371",2,4,0.6666666666666666,58.2,ACCEPT,
4328,"Plot 315, Opposite, Plot 315, 297, 560729",Plot 315,"Plot 315, Opposite, Plot 315, 297",1,4,0.5,33.2,REVIEW,low_plausibility_and_reference_disagrees
4327,"Office 841, Opposite, Plot 296, 260, Maharashtra","Office 841, Opposite","Office 841, Opposite, Plot 296, 260",2,4,0.6666666666666666,63.8,ACCEPT,
1494,"Block G, Gali 25, Shop 467, 334, 462595","Block G, Gali 25",Block G,2,1,0.6666666666666666,70.2,REVIEW,low_plausibility_and_reference_disagrees
1492,"13th Floor, Gali 23, Shop 445, 260, Kolkata","13th Floor, Gali 23, Shop 445, 260",13th Floor,4,1,0.4444444444444444,38.3,REVIEW,low_plausibility_and_reference_disagrees
1491,"Unit 328, Gali 22, Shop 434, 223, District 67","Unit 328, Gali 22, Shop 434, 223",Unit 328,4,1,0.4444444444444444,41.1,REVIEW,low_plausibility_and_reference_disagrees
1490,"Plot 339, Gali 21, Shop 423, 186, 600591","Plot 339, Gali 21, Shop 423",Plot 339,3,1,0.5,48.3,REVIEW,low_plausibility_and_reference_disagrees
1489,"Office 242, Gali 20, Shop 412, 149, Telangana","Office 242, Gali 20, Shop 412, 149",Office 242,4,1,0.4444444444444444,41.3,REVIEW,low_plausibility_and_reference_disagrees
1488,"Shop 401, Gali 19, Shop 401, 112, Bengaluru","Shop 401, Gali 19, Shop 401",Shop 401,3,1,0.5,51.0,REVIEW,low_plausibility_and_reference_disagrees
1485,"Opposite, Park Road, Shop 368, 1, Uttar Pradesh","Opposite, Park Road, Shop 368","Opposite, Park Road, Shop 368, 1",3,4,0.9090909090909091,90.3,ACCEPT,
1484,"Near, Ring Road, Shop 357, 963, Jaipur","Near, Ring Road, Shop 357","Near, Ring Road, Shop 357, 963",3,4,0.9090909090909091,78.3,ACCEPT,
1482,"Industrial Area 13, Nehru Street, Shop 335, 889, 122583","Industrial Area 13, Nehru Street","Industrial Area 13, Nehru Street, Shop 335, 889",2,4,0.7692307692307693,60.4,REVIEW,low_plausibility_and_reference_disagrees
1480,"Wing A, MG Road, Shop 313, 815, Nagpur","Wing A, MG Road, Shop 313","Wing A, MG Road, Shop 313, 815",3,4,0.9230769230769231,78.3,ACCEPT,
1510,"600611, Gali 11, Shop 144, 926, District 11","600611, Gali 11",600611,2,1,0.5,69.7,REVIEW,low_plausibility_and_reference_disagrees
1509,"Telangana, Gali 10, Shop 133, 889, 500610","Telangana, Gali 10",Telangana,2,1,0.5,73.2,ACCEPT,
1508,"Bengaluru, Gali 9, Shop 122, 852, Karnataka","Bengaluru, Gali 9, Shop 122",Bengaluru,3,1,0.3333333333333333,53.7,ACCEPT,
1507,"District 8, Gali 8, Shop 111, 815, Mumbai","District 8, Gali 8",District 8,2,1,0.6666666666666666,76.3,ACCEPT,
1506,"Tehsil 7, Gali 7, Shop 100, 778, District 7","Tehsil 7, Gali 7, Shop 100, 778",Tehsil 7,4,1,0.4444444444444444,40.8,ACCEPT,
1505,"Post Madhopur, Gali 6, Shop 89, 741, 226606","Post Madhopur, Gali 6, Shop 89",Post Madhopur,3,1,0.5,56.8,ACCEPT,
1504,"Kalyanpur, Gali 5, Shop 78, 704, Rajasthan","Kalyanpur, Gali 5, Shop 78",Kalyanpur,3,1,0.3333333333333333,54.9,ACCEPT,
1502,"Municipal Park, Gali 3, Shop 56, 630, District 3","Municipal Park, Gali 3",Municipal Park,2,1,0.6666666666666666,80.5,REVIEW,low_plausibility_and_reference_disagrees
1501,"Sector 17, Gali 2, Shop 45, 593, 110602","Sector 17, Gali 2",Sector 17,2,1,0.6666666666666666,74.8,ACCEPT,
1500,"Shanti Nagar, Gali 1, Shop 34, 556, Maharashtra","Shanti Nagar, Gali 1",Shanti Nagar,2,1,0.6666666666666666,79.2,REVIEW,low_plausibility_and_reference_disagrees
1499,"Rosewood Layout, Gali 30, Shop 23, 519, Dehradun","Rosewood Layout, Gali 30, Shop 23",Rosewood Layout,3,1,0.5,59.2,REVIEW,low_plausibility_and_reference_disagrees
1498,"Airport Road, Gali 29, Shop 12, 482, 751599","Airport Road, Gali 29",Airport Road,2,1,0.6666666666666666,76.0,REVIEW,low_plausibility_and_reference_disagrees
1496,"Green Residency, Gali 27, Shop 489, 408, Kochi","Green Residency, Gali 27",Green Residency,2,1,0.6666666666666666,78.2,REVIEW,low_plausibility_and_reference_disagrees
1495,"Phase 2, Gali 26, Shop 478, 371, District 71","Phase 2, Gali 26, Shop 478",Phase 2,3,1,0.5,50.9,REVIEW,low_plausibility_and_reference_disagrees
1521,"Shop 265, Gandhi Nagar, Shop 265, 334, 110622",Shop 265,"Shop 265, Gandhi Nagar, Shop 265, 334",1,4,0.4444444444444444,30.3,REVIEW,low_plausibility_and_reference_disagrees
1518,"Opposite, Gali 19, Shop 232, 223, District 19","Opposite, Gali 19, Shop 232",Opposite,3,1,0.3333333333333333,52.5,ACCEPT,
1517,"Near, Gali 18, Shop 221, 186, 800618","Near, Gali 18",Near,2,1,0.5,63.3,ACCEPT,
1515,"Industrial Area 1, Gali 16, Shop 199, 112, Indore","Industrial Area 1, Gali 16, Shop 199",Industrial Area 1,3,1,0.6,57.6,REVIEW,low_plausibility_and_reference_disagrees
1514,"Campus 15, Gali 15, Shop 188, 75, District 15","Campus 15, Gali 15, Shop 188, 75",Campus 15,4,1,0.4444444444444444,43.4,REVIEW,low_plausibility_and_reference_disagrees
1512,"Building 73, Gali 13, Shop 166, 1, West Bengal","Building 73, Gali 13",Building 73,2,1,0.6666666666666666,76.3,REVIEW,low_plausibility_and_reference_disagrees
4323,"Opposite, Near, Plot 220, 112, Uttar Pradesh","Opposite, Near","Opposite, Near, Plot 220, 112",2,4,0.5714285714285714,62.1,ACCEPT,
4321,"Industrial Area 2, Near, Plot 182, 38, 110722","Industrial Area 2, Near, Plot 182","Industrial Area 2, Near, Plot 182, 38",3,4,0.9230769230769231,82.0,REVIEW,low_plausibility_and_reference_disagrees
4320,"Campus 1, Near, Plot 163, 1, Maharashtra","Campus 1, Near","Campus 1, Near, Plot 163, 1",2,4,0.6666666666666666,63.1,ACCEPT,
4319,"Wing H, Near, Plot 144, 963, Dehradun",Wing H,"Wing H, Near, Plot 144, 963",1,4,0.5,36.7,ACCEPT,
4317,"Opposite, Near, Plot 106, 889, 800718",Opposite,"Opposite, Near, Plot 106, 889",1,4,0.3333333333333333,36.7,REVIEW,low_plausibility_and_reference_disagrees
4316,"682717, Near, Plot 87, 852, Kerala","682717, Near, Plot 87","682717, Near, Plot 87, 852",3,4,0.8888888888888888,77.6,ACCEPT,
4315,"Madhya Pradesh, Near, Plot 68, 815, Indore","Madhya Pradesh, Near","Madhya Pradesh, Near, Plot 68, 815",2,4,0.6666666666666666,57.6,ACCEPT,
4313,"District 39, Near, Plot 30, 741, 160714","District 39, Near, Plot 30","District 39, Near, Plot 30, 741",3,4,0.9090909090909091,78.5,REVIEW,low_plausibility_and_reference_disagrees
4311,"Post Rajapur, Near, Plot 991, 667, Ahmedabad","Post Rajapur, Near, Plot 991","Post Rajapur, Near, Plot 991, 667",3,4,0.9090909090909091,83.0,ACCEPT,
1542,"Haryana, Green Park, Shop 496, 112, Gurugram","Haryana, Green Park, Shop 496","Haryana, Green Park, Shop 496, 112",3,4,0.9090909090909091,82.0,ACCEPT,
1532,"Gali 3, Green Park, Shop 386, 741, West Bengal","Gali 3, Green Park, Shop 386","Gali 3, Green Park, Shop 386, 741",3,4,0.9230769230769231,84.7,ACCEPT,
1531,"Station Road, Gandhi Nagar, Shop 375, 704, Ahmedabad","Station Road, Gandhi Nagar, Shop 375","Station Road, Gandhi Nagar, Shop 375, 704",3,4,0.9230769230769231,83.8,ACCEPT,
4309,"Main Bazaar, Near, Plot 953, 593, 500710",Main Bazaar,"Main Bazaar, Near, Plot 953, 593",1,4,0.5,40.6,REVIEW,low_plausibility_and_reference_disagrees
4307,"Sector 51, Near, Plot 915, 519, Mumbai","Sector 51, Near","Sector 51, Near, Plot 915, 519",2,4,0.6666666666666666,53.3,ACCEPT,
4305,"Vijay Nagar, Near, Plot 877, 445, 226706","Vijay Nagar, Near, Plot 877","Vijay Nagar, Near, Plot 877, 445",3,4,0.9090909090909091,78.6,REVIEW,low_plausibility_and_reference_disagrees
4304,"Gali 15, Near, Plot 858, 408, Rajasthan","Gali 15, Near, Plot 858","Gali 15, Near, Plot 858, 408",3,4,0.9090909090909091,82.1,ACCEPT,
4303,"Gandhi Marg, Near, Plot 839, 371, Noida","Gandhi Marg, Near, Plot 839","Gandhi Marg, Near, Plot 839, 371",3,4,0.9090909090909091,76.6,ACCEPT,
4301,"Lake View Homes, Near, Plot 801, 297, 110702","Lake View Homes, Near, Plot 801","Lake View Homes, Near, Plot 801, 297",3,4,0.9230769230769231,79.2,REVIEW,low_plausibility_and_reference_disagrees
4300,"Phase 5, Near, Plot 782, 260, Maharashtra","Phase 5, Near, Plot 782","Phase 5, Near, Plot 782, 260",3,4,0.9090909090909091,83.9,ACCEPT,
4299,"Block D, Near, Plot 763, 223, Dehradun","Block D, Near, Plot 763","Block D, Near, Plot 763, 223",3,4,0.9090909090909091,81.0,ACCEPT,
4297,"18th Floor, Near, Plot 725, 149, 800698",18th Floor,"18th Floor, Near, Plot 725, 149",1,4,0.5,39.4,REVIEW,low_plausibility_and_reference_disagrees
4296,"Unit 907, Near, Plot 706, 112, Kerala","Unit 907, Near","Unit 907, Near, Plot 706, 112",2,4,0.6666666666666666,52.6,ACCEPT,
4295,"Plot 687, Near, Plot 687, 75, Indore","Plot 687, Near","Plot 687, Near, Plot 687, 75",2,4,0.6666666666666666,54.0,ACCEPT,
1552,"482, Green Park, Shop 107, 482, 700653",482,"482, Green Park, Shop 107, 482",1,4,0.2857142857142857,22.6,REVIEW,low_plausibility_and_reference_disagrees
1551,"Opposite, Gandhi Nagar, Shop 96, 445, Gujarat",Opposite,"Opposite, Gandhi Nagar, Shop 96, 445",1,4,0.2857142857142857,32.6,ACCEPT,
4291,"926, Near, Plot 611, 926, Ahmedabad","926, Near, Plot 611","926, Near, Plot 611, 926",3,4,0.8888888888888888,81.2,ACCEPT,
4288,"Industrial Area 14, Business Park 14, Plot 554, 815, Bengaluru","Industrial Area 14, Business Park 14, Plot 554","Industrial Area 14, Business Park 14, Plot 554, 815",3,4,0.9411764705882353,84.6,ACCEPT,
4286,"Wing G, Business Park 12, Plot 516, 741, 411687",Wing G,"Wing G, Business Park 12, Plot 516, 741",1,4,0.4,25.0,REVIEW,low_plausibility_and_reference_disagrees
4285,"Building 46, Business Park 11, Plot 497, 704, Uttar Pradesh","Building 46, Business Park 11","Building 46, Business Park 11, Plot 497, 704",2,4,0.7692307692307693,69.2,ACCEPT,
4284,"Near, Business Park 10, Plot 478, 667, Jaipur","Near, Business Park 10","Near, Business Park 10, Plot 478, 667",2,4,0.7272727272727273,57.2,ACCEPT,
4282,"Haryana, Business Park 8, Plot 440, 593, 122683","Haryana, Business Park 8, Plot 440","Haryana, Business Park 8, Plot 440, 593",3,4,0.9230769230769231,79.5,REVIEW,low_plausibility_and_reference_disagrees
4280,"District 6, Business Park 6, Plot 402, 519, Nagpur",District 6,"District 6, Business Park 6, Plot 402, 519",1,4,0.4,30.9,ACCEPT,
4277,"Madhopur, Business Park 3, Plot 345, 408, Bihar",Madhopur,"Madhopur, Business Park 3, Plot 345, 408",1,4,0.25,26.8,ACCEPT,
4274,"Sector 18, Business Park 15, Plot 288, 297, 462675","Sector 18, Business Park 15","Sector 18, Business Park 15, Plot 288, 297",2,4,0.7692307692307693,59.0,REVIEW,low_plausibility_and_reference_disagrees
4272,"Green Park, Business Park 13, Plot 250, 223, Kolkata","Green Park, Business Park 13","Green Park, Business Park 13, Plot 250, 223",2,4,0.7692307692307693,61.2,ACCEPT,
4269,"Lake View Road, Business Park 10, Plot 193, 112, Telangana","Lake View Road, Business Park 10","Lake View Road, Business Park 10, Plot 193, 112",2,4,0.8,65.5,ACCEPT,
4268,"Sunrise Towers, Business Park 9, Plot 174, 75, Bengaluru","Sunrise Towers, Business Park 9, Plot 174","Sunrise Towers, Business Park 9, Plot 174, 75",3,4,0.9333333333333333,86.4,ACCEPT,
4266,"Block C, Business Park 7, Plot 136, 1, 411667","Block C, Business Park 7, Plot 136","Block C, Business Park 7, Plot 136, 1",3,4,0.9333333333333333,84.9,REVIEW,low_plausibility_and_reference_disagrees
1590,"Unit 607, Sector 7, Shop 26, 889, Tamil Nadu","Unit 607, Sector 7, Shop 26",Unit 607,3,1,0.5,51.8,ACCEPT,
1589,"Plot 222, Sector 6, Shop 15, 852, Hyderabad","Plot 222, Sector 6, Shop 15",Plot 222,3,1,0.5,51.0,ACCEPT,
1588,"Office 127, Sector 5, Shop 4, 815, District 14","Office 127, Sector 5, Shop 4, 815",Office 127,4,1,0.4444444444444444,44.7,ACCEPT,
1587,"Shop 492, Sector 4, Shop 492, 778, 400688","Shop 492, Sector 4, Shop 492",Shop 492,3,1,0.5,47.1,ACCEPT,
1586,"941, Sector 3, Shop 481, 741, Maharashtra","941, Sector 3",941,2,1,0.5,59.4,ACCEPT,
1585,"704, Sector 2, Shop 470, 704, Lucknow","704, Sector 2",704,2,1,0.5,58.3,ACCEPT,
1582,"Business Park 8, Green Park, Shop 437, 593, Haryana","Business Park 8, Green Park","Business Park 8, Green Park, Shop 437, 593",2,4,0.7692307692307693,60.9,ACCEPT,
4262,"Plot 60, Business Park 3, Plot 60, 852, 122663","Plot 60, Business Park 3","Plot 60, Business Park 3, Plot 60, 852",2,4,0.7692307692307693,59.3,REVIEW,low_plausibility_and_reference_disagrees
4260,"Shop 454, Business Park 1, Plot 22, 778, Nagpur",Shop 454,"Shop 454, Business Park 1, Plot 22, 778",1,4,0.4,29.0,ACCEPT,
4258,"704, Business Park 14, Plot 983, 704, 751659","704, Business Park 14","704, Business Park 14, Plot 983, 704",2,4,0.7272727272727273,56.8,REVIEW,low_plausibility_and_reference_disagrees
4257,"Opposite, Industrial Area 13, Plot 964, 667, Bihar",Opposite,"Opposite, Industrial Area 13, Plot 964, 667",1,4,0.25,25.2,ACCEPT,
4256,"Near, Industrial Area 12, Plot 945, 630, Kochi",Near,"Near, Industrial Area 12, Plot 945, 630",1,4,0.25,19.1,ACCEPT,
4254,"Campus 15, Industrial Area 10, Plot 907, 556, Madhya Pradesh","Campus 15, Industrial Area 10","Campus 15, Industrial Area 10, Plot 907, 556",2,4,0.7692307692307693,70.1,ACCEPT,
4251,"Beside, Industrial Area 7, Plot 850, 445, 380652","Beside, Industrial Area 7, Plot 850","Beside, Industrial Area 7, Plot 850, 445",3,4,0.9230769230769231,79.6,REVIEW,low_plausibility_and_reference_disagrees
4250,"600651, Industrial Area 6, Plot 831, 408, Tamil Nadu","600651, Industrial Area 6","600651, Industrial Area 6, Plot 831, 408",2,4,0.7272727272727273,64.7,ACCEPT,
4249,"Telangana, Industrial Area 5, Plot 812, 371, Hyderabad","Telangana, Industrial Area 5","Telangana, Industrial Area 5, Plot 812, 371",2,4,0.7272727272727273,64.4,ACCEPT,
4247,"District 48, Industrial Area 3, Plot 774, 297, 400648","District 48, Industrial Area 3, Plot 774","District 48, Industrial Area 3, Plot 774, 297",3,4,0.9333333333333333,80.0,REVIEW,low_plausibility_and_reference_disagrees
1606,"District 32, Sector 23, Shop 202, 482, 411707","District 32, Sector 23, Shop 202, 482",District 32,4,1,0.4444444444444444,36.2,ACCEPT,
1605,"Tehsil 6, Sector 22, Shop 191, 445, Uttar Pradesh","Tehsil 6, Sector 22, Shop 191",Tehsil 6,3,1,0.5,51.7,ACCEPT,
1604,"Post Shivpur, Sector 21, Shop 180, 408, Jaipur","Post Shivpur, Sector 21, Shop 180",Post Shivpur,3,1,0.5,51.1,REVIEW,low_plausibility_and_reference_disagrees
1603,"Lakshmipur, Sector 20, Shop 169, 371, District 29","Lakshmipur, Sector 20, Shop 169",Lakshmipur,3,1,0.3333333333333333,53.1,REVIEW,low_plausibility_and_reference_disagrees
1602,"New Market, Sector 19, Shop 158, 334, 122703","New Market, Sector 19, Shop 158",New Market,3,1,0.5,48.8,ACCEPT,
1601,"City Hospital, Sector 18, Shop 147, 297, Delhi","City Hospital, Sector 18, Shop 147",City Hospital,3,1,0.5,51.0,REVIEW,low_plausibility_and_reference_disagrees
1600,"Shanti Nagar, Sector 17, Shop 136, 260, District 26","Shanti Nagar, Sector 17, Shop 136",Shanti Nagar,3,1,0.5,55.4,REVIEW,low_plausibility_and_reference_disagrees
1598,"Gali 9, Sector 15, Shop 114, 186, Odisha","Gali 9, Sector 15, Shop 114, 186",Gali 9,4,1,0.4444444444444444,29.3,ACCEPT,
1597,"College Road, Sector 14, Shop 103, 149, Patna","College Road, Sector 14, Shop 103, 149",College Road,4,1,0.4444444444444444,35.5,ACCEPT,
1596,"Main Bazaar, Sector 13, Shop 92, 112, District 22","Main Bazaar, Sector 13, Shop 92",Main Bazaar,3,1,0.5,55.4,ACCEPT,
1595,"Royal Enclave, Sector 12, Shop 81, 75, 452696","Royal Enclave, Sector 12",Royal Enclave,2,1,0.6666666666666666,73.1,ACCEPT,
1594,"Phase 5, Sector 11, Shop 70, 38, Madhya Pradesh","Phase 5, Sector 11",Phase 5,2,1,0.6666666666666666,68.4,ACCEPT,
1592,"Tower A, Sector 9, Shop 48, 963, District 18","Tower A, Sector 9, Shop 48, 963",Tower A,4,1,0.4444444444444444,39.5,ACCEPT,
1591,"12th Floor, Sector 8, Shop 37, 926, 380692","12th Floor, Sector 8, Shop 37, 926",12th Floor,4,1,0.4444444444444444,36.7,ACCEPT,
1622,"Plot 849, Municipal Park, Shop 378, 75, 122723","Plot 849, Municipal Park","Plot 849, Municipal Park, Shop 378, 75",2,4,0.7272727272727273,59.3,REVIEW,low_plausibility_and_reference_disagrees
1618,"926, Metro Station, Shop 334, 926, 751719","926, Metro Station, Shop 334","926, Metro Station, Shop 334, 926",3,4,0.9090909090909091,78.8,REVIEW,low_plausibility_and_reference_disagrees
1616,"Near, Sector 33, Shop 312, 852, Kochi","Near, Sector 33, Shop 312",Near,3,1,0.3333333333333333,37.3,ACCEPT,
1614,"Industrial Area 10, Sector 31, Shop 290, 778, 462715","Industrial Area 10, Sector 31, Shop 290, 778",Industrial Area 10,4,1,0.5454545454545454,42.3,ACCEPT,
1612,"Wing E, Sector 29, Shop 268, 704, Kolkata","Wing E, Sector 29",Wing E,2,1,0.6666666666666666,65.0,ACCEPT,
1611,"Building 12, Sector 28, Shop 257, 667, District 37","Building 12, Sector 28, Shop 257",Building 12,3,1,0.5,54.3,ACCEPT,
1610,"Behind, Sector 27, Shop 246, 630, 600711","Behind, Sector 27, Shop 246",Behind,3,1,0.3333333333333333,42.7,ACCEPT,
1609,"500710, Sector 26, Shop 235, 593, Telangana","500710, Sector 26, Shop 235",500710,3,1,0.3333333333333333,45.4,ACCEPT,
1607,"Mumbai, Sector 24, Shop 213, 519, District 33","Mumbai, Sector 24, Shop 213",Mumbai,3,1,0.3333333333333333,47.0,REVIEW,low_plausibility_and_reference_disagrees
1635,"Sadar Market, Clock Tower, Shop 22, 556, Indore","Sadar Market, Clock Tower, Shop 22","Sadar Market, Clock Tower, Shop 22, 556",3,4,0.9230769230769231,79.5,ACCEPT,
1634,"Sector 51, Metro Station, Shop 11, 519, 462735",Sector 51,"Sector 51, Metro Station, Shop 11, 519",1,4,0.4444444444444444,31.6,REVIEW,low_plausibility_and_reference_disagrees
1632,"Green Park, Central Mall, Shop 488, 445, Kolkata","Green Park, Central Mall","Green Park, Central Mall, Shop 488, 445",2,4,0.7272727272727273,59.9,ACCEPT,
1630,"MG Road, Municipal Park, Shop 466, 371, 600731","MG Road, Municipal Park, Shop 466","MG Road, Municipal Park, Shop 466, 371",3,4,0.9230769230769231,79.4,REVIEW,low_plausibility_and_reference_disagrees
1626,"Block C, Metro Station, Shop 422, 223, 411727",Block C,"Block C, Metro Station, Shop 422, 223",1,4,0.4444444444444444,28.2,REVIEW,low_plausibility_and_reference_disagrees
1625,"Tower B, City Hospital, Shop 411, 186, Uttar Pradesh","Tower B, City Hospital, Shop 411","Tower B, City Hospital, Shop 411, 186",3,4,0.9230769230769231,86.6,ACCEPT,
4246,"Tehsil 47, Industrial Area 2, Plot 755, 260, Maharashtra",Tehsil 47,"Tehsil 47, Industrial Area 2, Plot 755, 260",1,4,0.4,35.0,ACCEPT,
4245,"Post Rajapur, Industrial Area 1, Plot 736, 223, Lucknow",Post Rajapur,"Post Rajapur, Industrial Area 1, Plot 736, 223",1,4,0.4,33.4,ACCEPT,
4243,"City Centre, Industrial Area 14, Plot 698, 149, 201944",City Centre,"City Centre, Industrial Area 14, Plot 698, 149",1,4,0.4,30.3,REVIEW,low_plausibility_and_reference_disagrees
4242,"Metro Station, Industrial Area 13, Plot 679, 112, Haryana","Metro Station, Industrial Area 13","Metro Station, Industrial Area 13, Plot 679, 112",2,4,0.7692307692307693,62.6,ACCEPT,
4239,"Rosewood Layout, Industrial Area 10, Plot 622, 1, 248640","Rosewood Layout, Industrial Area 10","Rosewood Layout, Industrial Area 10, Plot 622, 1",2,4,0.7692307692307693,63.6,REVIEW,low_plausibility_and_reference_disagrees
4238,"Gali 9, Industrial Area 9, Plot 603, 963, Odisha","Gali 9, Industrial Area 9, Plot 603","Gali 9, Industrial Area 9, Plot 603, 963",3,4,0.9333333333333333,79.6,ACCEPT,
4237,"College Road, Industrial Area 8, Plot 584, 926, Patna","College Road, Industrial Area 8, Plot 584","College Road, Industrial Area 8, Plot 584, 926",3,4,0.9333333333333333,78.0,ACCEPT,
4231,"12th Floor, Industrial Area 2, Plot 470, 704, 380632",12th Floor,"12th Floor, Industrial Area 2, Plot 470, 704",1,4,0.4,29.8,REVIEW,low_plausibility_and_reference_disagrees
1652,"900, New Market, Shop 209, 186, West Bengal","900, New Market","900, New Market, Shop 209, 186",2,4,0.6666666666666666,60.9,ACCEPT,
1651,"149, Gandhi Market, Shop 198, 149, Ahmedabad","149, Gandhi Market","149, Gandhi Market, Shop 198, 149",2,4,0.6666666666666666,60.3,ACCEPT,
1649,"Near, City Hospital, Shop 176, 75, 500750","Near, City Hospital","Near, City Hospital, Shop 176, 75",2,4,0.6666666666666666,57.1,REVIEW,low_plausibility_and_reference_disagrees
1647,"Industrial Area 13, City Library, Shop 154, 1, Mumbai",Industrial Area 13,"Industrial Area 13, City Library, Shop 154, 1",1,4,0.5454545454545454,41.6,ACCEPT,
1645,"Wing F, Railway Station, Shop 132, 926, 226746","Wing F, Railway Station, Shop 132","Wing F, Railway Station, Shop 132, 926",3,4,0.9230769230769231,79.4,REVIEW,low_plausibility_and_reference_disagrees
1643,"Beside, Clock Tower, Shop 110, 852, Noida","Beside, Clock Tower","Beside, Clock Tower, Shop 110, 852",2,4,0.6666666666666666,53.6,ACCEPT,
1641,"Delhi, City Hospital, Shop 88, 778, 110742",Delhi,"Delhi, City Hospital, Shop 88, 778",1,4,0.2857142857142857,25.5,REVIEW,low_plausibility_and_reference_disagrees
1640,"Nagpur, Central Mall, Shop 77, 741, Maharashtra","Nagpur, Central Mall","Nagpur, Central Mall, Shop 77, 741",2,4,0.6666666666666666,65.2,ACCEPT,
1639,"District 65, City Library, Shop 66, 704, Dehradun","District 65, City Library, Shop 66","District 65, City Library, Shop 66, 704",3,4,0.9230769230769231,82.5,ACCEPT,
4230,"Unit 388, Industrial Area 1, Plot 451, 667, Tamil Nadu","Unit 388, Industrial Area 1, Plot 451","Unit 388, Industrial Area 1, Plot 451, 667",3,4,0.9333333333333333,84.9,ACCEPT,
4229,"Plot 432, Industrial Area 15, Plot 432, 630, Hyderabad","Plot 432, Industrial Area 15","Plot 432, Industrial Area 15, Plot 432, 630",2,4,0.7692307692307693,64.4,ACCEPT,
4227,"Shop 91, Industrial Area 13, Plot 394, 556, 400628","Shop 91, Industrial Area 13","Shop 91, Industrial Area 13, Plot 394, 556",2,4,0.7692307692307693,59.0,REVIEW,low_plausibility_and_reference_disagrees
4225,"482, Industrial Area 11, Plot 356, 482, Lucknow","482, Industrial Area 11","482, Industrial Area 11, Plot 356, 482",2,4,0.7272727272727273,59.5,ACCEPT,
4223,"Near, Campus 4, Plot 318, 408, 201924","Near, Campus 4, Plot 318","Near, Campus 4, Plot 318, 408",3,4,0.9090909090909091,78.2,REVIEW,low_plausibility_and_reference_disagrees
4222,"Business Park 8, Campus 3, Plot 299, 371, Haryana","Business Park 8, Campus 3","Business Park 8, Campus 3, Plot 299, 371",2,4,0.7692307692307693,60.3,ACCEPT,
4220,"Wing E, Campus 1, Plot 261, 297, 440621","Wing E, Campus 1","Wing E, Campus 1, Plot 261, 297",2,4,0.7272727272727273,54.0,REVIEW,low_plausibility_and_reference_disagrees
4216,"Kerala, Campus 17, Plot 185, 149, 682617","Kerala, Campus 17, Plot 185","Kerala, Campus 17, Plot 185, 149",3,4,0.9090909090909091,78.6,REVIEW,low_plausibility_and_reference_disagrees
1670,"Post Shivpur, Sadar Market, Shop 407, 852, Chennai","Post Shivpur, Sadar Market","Post Shivpur, Sadar Market, Shop 407, 852",2,4,0.7272727272727273,60.6,ACCEPT,
1668,"District Court, City Centre, Shop 385, 778, Karnataka","District Court, City Centre, Shop 385","District Court, City Centre, Shop 385, 778",3,4,0.9230769230769231,83.9,ACCEPT,
1667,"Sector 84, New Market, Shop 374, 741, Mumbai","Sector 84, New Market","Sector 84, New Market, Shop 374, 741",2,4,0.7272727272727273,56.8,ACCEPT,
1665,"Vijay Nagar, Sadar Market, Shop 352, 667, 226766","Vijay Nagar, Sadar Market, Shop 352","Vijay Nagar, Sadar Market, Shop 352, 667",3,4,0.9230769230769231,79.6,REVIEW,low_plausibility_and_reference_disagrees
1664,"Gali 15, Main Bazaar, Shop 341, 630, Rajasthan","Gali 15, Main Bazaar, Shop 341","Gali 15, Main Bazaar, Shop 341, 630",3,4,0.9230769230769231,83.2,ACCEPT,
1663,"Gandhi Marg, City Centre, Shop 330, 593, Noida","Gandhi Marg, City Centre","Gandhi Marg, City Centre, Shop 330, 593",2,4,0.7272727272727273,55.8,ACCEPT,
1661,"Lake View Homes, Gandhi Market, Shop 308, 519, 110762","Lake View Homes, Gandhi Market, Shop 308","Lake View Homes, Gandhi Market, Shop 308, 519",3,4,0.9333333333333333,80.0,REVIEW,low_plausibility_and_reference_disagrees
1660,"Phase 5, Sadar Market, Shop 297, 482, Maharashtra","Phase 5, Sadar Market, Shop 297","Phase 5, Sadar Market, Shop 297, 482",3,4,0.9230769230769231,85.1,ACCEPT,
1659,"Block D, Main Bazaar, Shop 286, 445, Dehradun","Block D, Main Bazaar, Shop 286","Block D, Main Bazaar, Shop 286, 445",3,4,0.9230769230769231,82.1,ACCEPT,
1657,"18th Floor, New Market, Shop 264, 371, 800758","18th Floor, New Market, Shop 264","18th Floor, New Market, Shop 264, 371",3,4,0.9230769230769231,79.3,REVIEW,low_plausibility_and_reference_disagrees
1656,"Unit 127, Gandhi Market, Shop 253, 334, Kerala","Unit 127, Gandhi Market, Shop 253","Unit 127, Gandhi Market, Shop 253, 334",3,4,0.9230769230769231,79.4,ACCEPT,
1655,"Plot 477, Sadar Market, Shop 242, 297, Indore","Plot 477, Sadar Market, Shop 242","Plot 477, Sadar Market, Shop 242, 297",3,4,0.9230769230769231,79.3,ACCEPT,
1685,"430, Madhopur, Shop 73, 408, District 36","430, Madhopur",430,2,1,0.6666666666666666,59.2,ACCEPT,
1684,"371, Kalyanpur, Shop 62, 371, 302785","371, Kalyanpur, Shop 62",371,3,1,0.4,36.8,ACCEPT,
1683,"Opposite, City Centre, Shop 51, 334, Uttar Pradesh","Opposite, City Centre, Shop 51","Opposite, City Centre, Shop 51, 334",3,4,0.9090909090909091,86.3,ACCEPT,
1682,"Near, New Market, Shop 40, 297, Gurugram","Near, New Market, Shop 40","Near, New Market, Shop 40, 297",3,4,0.9090909090909091,81.4,ACCEPT,
1680,"Industrial Area 1, Sadar Market, Shop 18, 223, 440781","Industrial Area 1, Sadar Market","Industrial Area 1, Sadar Market, Shop 18, 223",2,4,0.7692307692307693,61.4,REVIEW,low_plausibility_and_reference_disagrees
1679,"Campus 20, Main Bazaar, Shop 7, 186, Uttarakhand","Campus 20, Main Bazaar, Shop 7","Campus 20, Main Bazaar, Shop 7, 186",3,4,0.9230769230769231,85.0,ACCEPT,
1678,"Wing G, City Centre, Shop 495, 149, Bhubaneswar","Wing G, City Centre, Shop 495","Wing G, City Centre, Shop 495, 149",3,4,0.9230769230769231,84.9,ACCEPT,
1676,"Near, Gandhi Market, Shop 473, 75, 682777","Near, Gandhi Market, Shop 473","Near, Gandhi Market, Shop 473, 75",3,4,0.9090909090909091,81.6,REVIEW,low_plausibility_and_reference_disagrees
1674,"Madhya Pradesh, Main Bazaar, Shop 451, 1, Bhopal","Madhya Pradesh, Main Bazaar, Shop 451","Madhya Pradesh, Main Bazaar, Shop 451, 1",3,4,0.9230769230769231,85.1,ACCEPT,
1672,"District 23, New Market, Shop 429, 926, 700773","District 23, New Market","District 23, New Market, Shop 429, 926",2,4,0.7272727272727273,57.6,REVIEW,low_plausibility_and_reference_disagrees
1671,"Tehsil 22, Gandhi Market, Shop 418, 889, Gujarat","Tehsil 22, Gandhi Market","Tehsil 22, Gandhi Market, Shop 418, 889",2,4,0.7272727272727273,59.9,ACCEPT,
1701,"Railway Station, Rajapur, Shop 249, 1, District 52","Railway Station, Rajapur",Railway Station,2,1,0.8,79.4,REVIEW,low_plausibility_and_reference_disagrees
1700,"Sector 18, Shivpur, Shop 238, 963, 440801","Sector 18, Shivpur, Shop 238",Sector 18,3,1,0.5714285714285714,49.7,REVIEW,low_plausibility_and_reference_disagrees
1697,"Gali 18, Madhopur, Shop 205, 852, District 48","Gali 18, Madhopur, Shop 205",Gali 18,3,1,0.5714285714285714,49.8,ACCEPT,
1696,"Main Bazaar, Kalyanpur, Shop 194, 815, 682797","Main Bazaar, Kalyanpur, Shop 194",Main Bazaar,3,1,0.5714285714285714,50.0,ACCEPT,
1695,"Park Road, Rajapur, Shop 183, 778, Madhya Pradesh","Park Road, Rajapur",Park Road,2,1,0.8,75.2,ACCEPT,
1694,"Pearl Residency, Shivpur, Shop 172, 741, Bhopal","Pearl Residency, Shivpur, Shop 172, 741",Pearl Residency,4,1,0.5,41.7,ACCEPT,
1692,"Block E, Rampur, Shop 150, 667, 700793","Block E, Rampur, Shop 150",Block E,3,1,0.5714285714285714,47.9,ACCEPT,
1691,"Tower D, Madhopur, Shop 139, 630, Gujarat","Tower D, Madhopur",Tower D,2,1,0.8,68.7,ACCEPT,
1690,"11th Floor, Kalyanpur, Shop 128, 593, Chennai","11th Floor, Kalyanpur, Shop 128",11th Floor,3,1,0.5714285714285714,49.8,ACCEPT,
1689,"Unit 886, Rajapur, Shop 117, 556, District 40","Unit 886, Rajapur, Shop 117",Unit 886,3,1,0.5714285714285714,52.5,ACCEPT,
1688,"Plot 105, Shivpur, Shop 106, 519, 560789","Plot 105, Shivpur, Shop 106",Plot 105,3,1,0.5714285714285714,48.3,ACCEPT,
1687,"Office 911, Lakshmipur, Shop 95, 482, Maharashtra","Office 911, Lakshmipur",Office 911,2,1,0.8,70.6,ACCEPT,
1718,"859, Post Shivpur, Shop 436, 630, Odisha","859, Post Shivpur",859,2,1,0.5,52.0,ACCEPT,
1717,"593, Post Lakshmipur, Shop 425, 593, Patna","593, Post Lakshmipur, Shop 425",593,3,1,0.3333333333333333,30.1,ACCEPT,
1716,"Opposite, Rampur, Shop 414, 556, District 67","Opposite, Rampur",Opposite,2,1,0.6666666666666666,75.1,ACCEPT,
1715,"Near, Madhopur, Shop 403, 519, 452816","Near, Madhopur, Shop 403",Near,3,1,0.4,39.4,ACCEPT,
1714,"Business Park 5, Kalyanpur, Shop 392, 482, Madhya Pradesh","Business Park 5, Kalyanpur",Business Park 5,2,1,0.8571428571428571,77.6,REVIEW,low_plausibility_and_reference_disagrees
1713,"Industrial Area 4, Rajapur, Shop 381, 445, Chandigarh","Industrial Area 4, Rajapur, Shop 381",Industrial Area 4,3,1,0.6666666666666666,61.1,ACCEPT,
1710,"Building 31, Rampur, Shop 348, 334, Tamil Nadu","Building 31, Rampur, Shop 348",Building 31,3,1,0.5714285714285714,57.0,ACCEPT,
1709,"Opposite, Madhopur, Shop 337, 297, Hyderabad","Opposite, Madhopur",Opposite,2,1,0.6666666666666666,70.9,ACCEPT,
1706,"Pune, Shivpur, Shop 304, 186, Maharashtra","Pune, Shivpur, Shop 304",Pune,3,1,0.4,44.7,REVIEW,low_plausibility_and_reference_disagrees
1705,"District 56, Lakshmipur, Shop 293, 149, Lucknow","District 56, Lakshmipur, Shop 293",District 56,3,1,0.5714285714285714,49.9,ACCEPT,
1704,"Tehsil 5, Rampur, Shop 282, 112, District 55","Tehsil 5, Rampur",Tehsil 5,2,1,0.8,75.1,ACCEPT,
1703,"Post Madhopur, Madhopur, Shop 271, 75, 202104","Post Madhopur, Madhopur, Shop 271, 75",Post Madhopur,4,1,0.5,39.9,REVIEW,low_plausibility_and_reference_disagrees
1734,"Municipal Park, Post Rampur, Shop 113, 223, Madhya Pradesh","Municipal Park, Post Rampur, Shop 113, 223",Municipal Park,4,1,0.4444444444444444,47.5,ACCEPT,
1733,"Sector 51, Post Madhopur, Shop 102, 186, Chandigarh","Sector 51, Post Madhopur",Sector 51,2,1,0.6666666666666666,65.0,REVIEW,low_plausibility_and_reference_disagrees
1732,"Green Park, Post Kalyanpur, Shop 91, 149, District 8","Green Park, Post Kalyanpur, Shop 91",Green Park,3,1,0.5,48.4,ACCEPT,
1729,"Lake View Road, Post Lakshmipur, Shop 58, 38, Hyderabad","Lake View Road, Post Lakshmipur, Shop 58",Lake View Road,3,1,0.6,50.0,ACCEPT,
1728,"Airport Road, Post Rampur, Shop 47, 1, District 4","Airport Road, Post Rampur, Shop 47",Airport Road,3,1,0.5,51.9,ACCEPT,
1727,"Maple Heights, Post Madhopur, Shop 36, 963, 400828","Maple Heights, Post Madhopur",Maple Heights,2,1,0.6666666666666666,67.6,ACCEPT,
1726,"Phase 5, Post Kalyanpur, Shop 25, 926, Maharashtra","Phase 5, Post Kalyanpur",Phase 5,2,1,0.6666666666666666,60.6,ACCEPT,
1725,"Block F, Post Rajapur, Shop 14, 889, Lucknow","Block F, Post Rajapur, Shop 14",Block F,3,1,0.5,43.4,ACCEPT,
1724,"Tower E, Post Shivpur, Shop 3, 852, District 75","Tower E, Post Shivpur, Shop 3",Tower E,3,1,0.5,47.7,ACCEPT,
1723,"4th Floor, Post Lakshmipur, Shop 491, 815, 202124","4th Floor, Post Lakshmipur, Shop 491",4th Floor,3,1,0.5,41.8,ACCEPT,
1722,"Unit 646, Post Rampur, Shop 480, 778, Haryana","Unit 646, Post Rampur, Shop 480",Unit 646,3,1,0.5,45.0,ACCEPT,
1721,"Plot 732, Post Madhopur, Shop 469, 741, Delhi","Plot 732, Post Madhopur, Shop 469",Plot 732,3,1,0.5,41.1,ACCEPT,
1720,"Office 573, Post Kalyanpur, Shop 458, 704, District 71","Office 573, Post Kalyanpur, Shop 458",Office 573,3,1,0.5,48.3,ACCEPT,
1750,"815, Tehsil 1, Shop 289, 815, 600851","815, Tehsil 1",815,2,1,0.5,58.0,ACCEPT,
1747,"Business Park 8, Post Lakshmipur, Shop 256, 704, District 23","Business Park 8, Post Lakshmipur",Business Park 8,2,1,0.75,69.1,REVIEW,low_plausibility_and_reference_disagrees
1746,"Industrial Area 7, Post Rampur, Shop 245, 667, 411847","Industrial Area 7, Post Rampur, Shop 245",Industrial Area 7,3,1,0.6,53.3,ACCEPT,
1745,"Campus 6, Post Madhopur, Shop 234, 630, Uttar Pradesh","Campus 6, Post Madhopur",Campus 6,2,1,0.6666666666666666,64.5,ACCEPT,
1744,"Wing A, Post Kalyanpur, Shop 223, 593, Jaipur","Wing A, Post Kalyanpur, Shop 223, 593",Wing A,4,1,0.4444444444444444,26.1,ACCEPT,
1743,"Building 64, Post Rajapur, Shop 212, 556, District 19","Building 64, Post Rajapur",Building 64,2,1,0.6666666666666666,69.2,ACCEPT,
1742,"Behind, Post Shivpur, Shop 201, 519, 122843","Behind, Post Shivpur, Shop 201, 519",Behind,4,1,0.2857142857142857,27.3,ACCEPT,
1741,"110842, Post Lakshmipur, Shop 190, 482, Delhi","110842, Post Lakshmipur, Shop 190",110842,3,1,0.3333333333333333,36.2,ACCEPT,
1740,"Maharashtra, Post Rampur, Shop 179, 445, Nagpur","Maharashtra, Post Rampur",Maharashtra,2,1,0.5,68.9,REVIEW,low_plausibility_and_reference_disagrees
1739,"Dehradun, Post Madhopur, Shop 168, 408, District 15","Dehradun, Post Madhopur, Shop 168, 408",Dehradun,4,1,0.2857142857142857,36.3,REVIEW,low_plausibility_and_reference_disagrees
1738,"District 14, Post Kalyanpur, Shop 157, 371, 751839","District 14, Post Kalyanpur",District 14,2,1,0.6666666666666666,64.7,ACCEPT,
1737,"Tehsil 38, Post Rajapur, Shop 146, 334, Bihar","Tehsil 38, Post Rajapur",Tehsil 38,2,1,0.6666666666666666,64.6,ACCEPT,
1735,"Sadar Market, Post Lakshmipur, Shop 124, 260, 452836","Sadar Market, Post Lakshmipur",Sadar Market,2,1,0.6666666666666666,64.5,ACCEPT,
1766,"Sector 84, Tehsil 17, Shop 465, 408, 411867","Sector 84, Tehsil 17, Shop 465",Sector 84,3,1,0.5,47.5,ACCEPT,
1764,"Laxmi Enclave, Tehsil 15, Shop 443, 334, Jaipur","Laxmi Enclave, Tehsil 15",Laxmi Enclave,2,1,0.6666666666666666,73.9,ACCEPT,
1762,"Nehru Street, Tehsil 13, Shop 421, 260, 122863","Nehru Street, Tehsil 13",Nehru Street,2,1,0.6666666666666666,73.0,ACCEPT,
1761,"Station Road, Tehsil 12, Shop 410, 223, Delhi","Station Road, Tehsil 12",Station Road,2,1,0.6666666666666666,72.6,ACCEPT,
1759,"Phase 2, Tehsil 10, Shop 388, 149, District 35","Phase 2, Tehsil 10, Shop 388",Phase 2,3,1,0.5,48.7,ACCEPT,
1758,"Block G, Tehsil 9, Shop 377, 112, 751859","Block G, Tehsil 9",Block G,2,1,0.6666666666666666,68.4,ACCEPT,
1757,"Tower F, Tehsil 8, Shop 366, 75, Bihar","Tower F, Tehsil 8, Shop 366",Tower F,3,1,0.5,43.3,ACCEPT,
1756,"17th Floor, Tehsil 7, Shop 355, 38, Kochi","17th Floor, Tehsil 7, Shop 355",17th Floor,3,1,0.5,47.6,ACCEPT,
1755,"Unit 406, Tehsil 6, Shop 344, 1, District 31","Unit 406, Tehsil 6",Unit 406,2,1,0.6666666666666666,70.9,ACCEPT,
1754,"Plot 360, Tehsil 5, Shop 333, 963, 462855","Plot 360, Tehsil 5",Plot 360,2,1,0.6666666666666666,70.0,ACCEPT,
1753,"Office 235, Tehsil 4, Shop 322, 926, Chandigarh","Office 235, Tehsil 4",Office 235,2,1,0.6666666666666666,73.8,ACCEPT,
1752,"Shop 311, Tehsil 3, Shop 311, 889, Kolkata","Shop 311, Tehsil 3, Shop 311",Shop 311,3,1,0.5,48.1,ACCEPT,
1751,"389, Tehsil 2, Shop 300, 852, District 27","389, Tehsil 2, Shop 300",389,3,1,0.3333333333333333,41.1,ACCEPT,
1782,"Opposite, Tehsil 33, Shop 142, 1, District 58","Opposite, Tehsil 33, Shop 142",Opposite,3,1,0.3333333333333333,48.8,ACCEPT,
1780,"Business Park 11, Tehsil 31, Shop 120, 926, Maharashtra","Business Park 11, Tehsil 31, Shop 120",Business Park 11,3,1,0.6,58.9,ACCEPT,
1779,"Industrial Area 10, Tehsil 30, Shop 109, 889, Dehradun","Industrial Area 10, Tehsil 30",Industrial Area 10,2,1,0.75,77.8,ACCEPT,
1778,"Campus 19, Tehsil 29, Shop 98, 852, District 54","Campus 19, Tehsil 29, Shop 98",Campus 19,3,1,0.5,52.9,ACCEPT,
1777,"Wing B, Tehsil 28, Shop 87, 815, 800878","Wing B, Tehsil 28",Wing B,2,1,0.6666666666666666,64.3,ACCEPT,
1775,"Beside, Tehsil 26, Shop 65, 741, Indore","Beside, Tehsil 26, Shop 65, 741",Beside,4,1,0.2857142857142857,30.0,ACCEPT,
1774,"462875, Tehsil 25, Shop 54, 704, District 50","462875, Tehsil 25",462875,2,1,0.5,65.9,ACCEPT,
1773,"Chandigarh, Tehsil 24, Shop 43, 667, 160874","Chandigarh, Tehsil 24, Shop 43",Chandigarh,3,1,0.3333333333333333,49.9,ACCEPT,
1772,"Kolkata, Tehsil 23, Shop 32, 630, West Bengal","Kolkata, Tehsil 23, Shop 32",Kolkata,3,1,0.3333333333333333,49.8,ACCEPT,
1769,"Madhopur, Tehsil 20, Shop 498, 519, Telangana","Madhopur, Tehsil 20, Shop 498",Madhopur,3,1,0.3333333333333333,48.8,ACCEPT,
1768,"City Centre, Tehsil 19, Shop 487, 482, Bengaluru","City Centre, Tehsil 19, Shop 487, 482",City Centre,4,1,0.4444444444444444,40.7,ACCEPT,
4214,"District 15, Campus 15, Plot 147, 75, Bhopal","District 15, Campus 15","District 15, Campus 15, Plot 147, 75",2,4,0.7272727272727273,58.5,ACCEPT,
4210,"Sadar Market, Campus 11, Plot 71, 926, Chennai","Sadar Market, Campus 11","Sadar Market, Campus 11, Plot 71, 926",2,4,0.7272727272727273,60.8,ACCEPT,
4208,"Sector 51, Campus 9, Plot 33, 852, 560609","Sector 51, Campus 9, Plot 33","Sector 51, Campus 9, Plot 33, 852",3,4,0.9230769230769231,78.8,REVIEW,low_plausibility_and_reference_disagrees
4206,"Ashok Vihar, Campus 7, Plot 994, 778, Pune",Ashok Vihar,"Ashok Vihar, Campus 7, Plot 994, 778",1,4,0.4444444444444444,33.1,ACCEPT,
4204,"Ring Road, Campus 5, Plot 956, 704, 302605",Ring Road,"Ring Road, Campus 5, Plot 956, 704",1,4,0.4444444444444444,34.6,REVIEW,low_plausibility_and_reference_disagrees
4203,"Gandhi Marg, Campus 4, Plot 937, 667, Uttar Pradesh","Gandhi Marg, Campus 4, Plot 937","Gandhi Marg, Campus 4, Plot 937, 667",3,4,0.9230769230769231,86.5,ACCEPT,
4202,"Shivam Apartments, Campus 3, Plot 918, 630, Gurugram","Shivam Apartments, Campus 3, Plot 918","Shivam Apartments, Campus 3, Plot 918, 630",3,4,0.9230769230769231,82.8,ACCEPT,
4200,"Block A, Campus 1, Plot 880, 556, 440601","Block A, Campus 1, Plot 880","Block A, Campus 1, Plot 880, 556",3,4,0.9230769230769231,78.6,REVIEW,low_plausibility_and_reference_disagrees
4199,"Tower H, Campus 20, Plot 861, 519, Uttarakhand","Tower H, Campus 20","Tower H, Campus 20, Plot 861, 519",2,4,0.7272727272727273,62.8,ACCEPT,
4198,"19th Floor, Campus 19, Plot 842, 482, Bhubaneswar","19th Floor, Campus 19, Plot 842","19th Floor, Campus 19, Plot 842, 482",3,4,0.9230769230769231,85.1,ACCEPT,
4196,"Plot 804, Campus 17, Plot 804, 408, 682597",Plot 804,"Plot 804, Campus 17, Plot 804, 408",1,4,0.4444444444444444,32.4,REVIEW,low_plausibility_and_reference_disagrees
4195,"Office 395, Campus 16, Plot 785, 371, Madhya Pradesh","Office 395, Campus 16","Office 395, Campus 16, Plot 785, 371",2,4,0.7272727272727273,67.2,ACCEPT,
4190,"Near, Wing G, Plot 690, 186, Chennai","Near, Wing G, Plot 690","Near, Wing G, Plot 690, 186",3,4,0.9090909090909091,79.4,ACCEPT,
4188,"Industrial Area 4, Wing E, Plot 652, 112, 560589","Industrial Area 4, Wing E, Plot 652","Industrial Area 4, Wing E, Plot 652, 112",3,4,0.9333333333333333,79.6,REVIEW,low_plausibility_and_reference_disagrees
4187,"Campus 8, Wing D, Plot 633, 75, Maharashtra","Campus 8, Wing D","Campus 8, Wing D, Plot 633, 75",2,4,0.7272727272727273,62.9,ACCEPT,
4185,"Opposite, Wing B, Plot 595, 1, 226586","Opposite, Wing B","Opposite, Wing B, Plot 595, 1",2,4,0.6666666666666666,56.9,REVIEW,low_plausibility_and_reference_disagrees
4184,"302585, Wing A, Plot 576, 963, Rajasthan","302585, Wing A, Plot 576","302585, Wing A, Plot 576, 963",3,4,0.9090909090909091,82.3,ACCEPT,
4183,"Uttar Pradesh, Wing H, Plot 557, 926, Noida",Uttar Pradesh,"Uttar Pradesh, Wing H, Plot 557, 926",1,4,0.4444444444444444,38.9,ACCEPT,
4181,"District 57, Wing F, Plot 519, 852, 110582",District 57,"District 57, Wing F, Plot 519, 852",1,4,0.4444444444444444,38.7,REVIEW,low_plausibility_and_reference_disagrees
4179,"Post Rajapur, Wing D, Plot 481, 778, Dehradun","Post Rajapur, Wing D, Plot 481","Post Rajapur, Wing D, Plot 481, 778",3,4,0.9230769230769231,82.1,ACCEPT,
4177,"New Market, Wing B, Plot 443, 704, 800578","New Market, Wing B, Plot 443","New Market, Wing B, Plot 443, 704",3,4,0.9230769230769231,78.8,REVIEW,low_plausibility_and_reference_disagrees
4176,"Central Mall, Wing A, Plot 424, 667, Kerala","Central Mall, Wing A","Central Mall, Wing A, Plot 424, 667",2,4,0.7272727272727273,56.3,ACCEPT,
4175,"Sector 18, Wing H, Plot 405, 630, Indore",Sector 18,"Sector 18, Wing H, Plot 405, 630",1,4,0.4444444444444444,36.2,ACCEPT,
4173,"Rajendra Nagar, Wing F, Plot 367, 556, 160574","Rajendra Nagar, Wing F, Plot 367","Rajendra Nagar, Wing F, Plot 367, 556",3,4,0.9230769230769231,79.3,REVIEW,low_plausibility_and_reference_disagrees
4171,"Station Road, Wing D, Plot 329, 482, Ahmedabad","Station Road, Wing D, Plot 329","Station Road, Wing D, Plot 329, 482",3,4,0.9230769230769231,83.2,ACCEPT,
4169,"Lotus Heights, Wing B, Plot 291, 408, 500570",Lotus Heights,"Lotus Heights, Wing B, Plot 291, 408",1,4,0.4444444444444444,40.8,REVIEW,low_plausibility_and_reference_disagrees
4168,"Phase 5, Wing A, Plot 272, 371, Karnataka","Phase 5, Wing A, Plot 272","Phase 5, Wing A, Plot 272, 371",3,4,0.9230769230769231,82.5,ACCEPT,
4167,"Block H, Wing H, Plot 253, 334, Mumbai","Block H, Wing H, Plot 253","Block H, Wing H, Plot 253, 334",3,4,0.9230769230769231,78.3,ACCEPT,
1830,"Shanti Nagar, Chennai, Shop 171, 778, Chennai","Shanti Nagar, Chennai, Shop 171, 778",Shanti Nagar,4,1,0.5,40.6,REVIEW,low_plausibility_and_reference_disagrees
1829,"Gali 30, Hyderabad, Shop 160, 741, District 30","Gali 30, Hyderabad, Shop 160",Gali 30,3,1,0.5714285714285714,48.7,ACCEPT,
1828,"Airport Road, Bengaluru, Shop 149, 704, 560029","Airport Road, Bengaluru, Shop 149, 704",Airport Road,4,1,0.5,37.3,ACCEPT,
1827,"College Road, Mumbai, Shop 138, 667, Maharashtra","College Road, Mumbai",College Road,2,1,0.8,79.4,ACCEPT,
1826,"Shivam Apartments, Pune, Shop 127, 630, Pune","Shivam Apartments, Pune, Shop 127",Shivam Apartments,3,1,0.5714285714285714,59.0,ACCEPT,
1823,"Tower H, Noida, Shop 94, 519, Uttar Pradesh","Tower H, Noida, Shop 94, 519",Tower H,4,1,0.5,44.4,ACCEPT,
1822,"3th Floor, Gurugram, Shop 83, 482, Gurugram","3th Floor, Gurugram",3th Floor,2,1,0.8,71.7,ACCEPT,
1819,"Office 458, Dehradun, Shop 50, 371, Uttarakhand","Office 458, Dehradun, Shop 50",Office 458,3,1,0.5714285714285714,55.3,ACCEPT,
1817,"348, Patna, Shop 28, 297, District 18","348, Patna, Shop 28",348,3,1,0.4,45.2,ACCEPT,
1816,"260, Kochi, Shop 17, 260, 682017","260, Kochi, Shop 17",260,3,1,0.4,41.1,ACCEPT,
1844,"Campus 5, Jaipur, Shop 325, 297, District 45","Campus 5, Jaipur",Campus 5,2,1,0.8,75.1,ACCEPT,
1843,"Wing D, Noida, Shop 314, 260, 201344","Wing D, Noida, Shop 314, 260",Wing D,4,1,0.5,32.4,ACCEPT,
1842,"Building 3, Gurugram, Shop 303, 223, Haryana","Building 3, Gurugram, Shop 303, 223",Building 3,4,1,0.5,37.5,ACCEPT,
1840,"440041, Nagpur, Shop 281, 149, District 41","440041, Nagpur, Shop 281",440041,3,1,0.4,50.2,ACCEPT,
1838,"District 39, Bhubaneswar, Shop 259, 75, Bhubaneswar","District 39, Bhubaneswar",District 39,2,1,0.8,70.3,ACCEPT,
1837,"Tehsil 38, Patna, Shop 248, 38, District 38","Tehsil 38, Patna, Shop 248",Tehsil 38,3,1,0.5714285714285714,55.7,ACCEPT,
1836,"Post Rampur, Kochi, Shop 237, 1, 682037","Post Rampur, Kochi",Post Rampur,2,1,0.8,78.7,REVIEW,low_plausibility_and_reference_disagrees
1835,"Madhopur, Indore, Shop 226, 963, Madhya Pradesh","Madhopur, Indore, Shop 226, 963",Madhopur,4,1,0.3333333333333333,45.0,REVIEW,low_plausibility_and_reference_disagrees
1834,"Main Bazaar, Bhopal, Shop 215, 926, Bhopal","Main Bazaar, Bhopal",Main Bazaar,2,1,0.8,77.3,ACCEPT,
1832,"Sector 51, Kolkata, Shop 193, 852, 700033","Sector 51, Kolkata, Shop 193",Sector 51,3,1,0.5714285714285714,49.7,REVIEW,low_plausibility_and_reference_disagrees
1862,"Gali 3, Haryana, Shop 24, 963, Haryana","Gali 3, Haryana",Gali 3,2,1,0.8,68.3,ACCEPT,
1860,"MG Road, Maharashtra, Shop 2, 889, District 61","MG Road, Maharashtra, Shop 2",MG Road,3,1,0.5714285714285714,48.7,ACCEPT,
1858,"Phase 5, Odisha, Shop 479, 815, Odisha","Phase 5, Odisha, Shop 479",Phase 5,3,1,0.5714285714285714,47.9,ACCEPT,
1857,"Block B, Bihar, Shop 468, 778, Patna","Block B, Bihar",Block B,2,1,0.8,74.1,ACCEPT,
1856,"Tower A, Kerala, Shop 457, 741, District 57","Tower A, Kerala",Tower A,2,1,0.8,73.5,ACCEPT,
1855,"16th Floor, Madhya Pradesh, Shop 446, 704, 452056","16th Floor, Madhya Pradesh, Shop 446",16th Floor,3,1,0.5,43.9,ACCEPT,
1854,"Unit 685, Madhya Pradesh, Shop 435, 667, Madhya Pradesh","Unit 685, Madhya Pradesh, Shop 435",Unit 685,3,1,0.5,47.6,ACCEPT,
1851,"Shop 402, Gujarat, Shop 402, 556, 380052","Shop 402, Gujarat, Shop 402",Shop 402,3,1,0.5714285714285714,48.3,ACCEPT,
1850,"777, Tamil Nadu, Shop 391, 519, Tamil Nadu","777, Tamil Nadu, Shop 391",777,3,1,0.3333333333333333,38.6,ACCEPT,
1849,"482, Telangana, Shop 380, 482, Hyderabad","482, Telangana, Shop 380",482,3,1,0.4,38.6,ACCEPT,
1848,"Opposite, Bengaluru, Shop 369, 445, District 49","Opposite, Bengaluru, Shop 369",Opposite,3,1,0.4,50.3,ACCEPT,
1847,"Near, Mumbai, Shop 358, 408, 400048","Near, Mumbai, Shop 358",Near,3,1,0.4,41.6,ACCEPT,
1878,"Industrial Area 4, Odisha, Shop 200, 556, 751079","Industrial Area 4, Odisha, Shop 200, 556",Industrial Area 4,4,1,0.6,44.1,ACCEPT,
1877,"Campus 18, Bihar, Shop 189, 519, Bihar","Campus 18, Bihar, Shop 189",Campus 18,3,1,0.5714285714285714,51.2,ACCEPT,
1876,"Wing E, Kerala, Shop 178, 482, Kochi","Wing E, Kerala, Shop 178, 482",Wing E,4,1,0.5,29.7,ACCEPT,
1874,"Behind, Madhya Pradesh, Shop 156, 408, 462075","Behind, Madhya Pradesh, Shop 156, 408",Behind,4,1,0.2857142857142857,26.1,ACCEPT,
1871,"District 72, Gujarat, Shop 123, 297, 380072","District 72, Gujarat",District 72,2,1,0.8,75.4,ACCEPT,
1870,"Tehsil 21, Tamil Nadu, Shop 112, 260, Tamil Nadu","Tehsil 21, Tamil Nadu, Shop 112",Tehsil 21,3,1,0.5,50.0,ACCEPT,
1869,"Post Rajapur, Telangana, Shop 101, 223, Hyderabad","Post Rajapur, Telangana",Post Rajapur,2,1,0.8,74.0,REVIEW,low_plausibility_and_reference_disagrees
1868,"Shivpur, Karnataka, Shop 90, 186, District 69","Shivpur, Karnataka, Shop 90, 186",Shivpur,4,1,0.3333333333333333,38.7,REVIEW,low_plausibility_and_reference_disagrees
1866,"Metro Station, Maharashtra, Shop 68, 112, Maharashtra","Metro Station, Maharashtra, Shop 68",Metro Station,3,1,0.5714285714285714,55.3,REVIEW,low_plausibility_and_reference_disagrees
1865,"Sector 84, Uttar Pradesh, Shop 57, 75, Lucknow","Sector 84, Uttar Pradesh, Shop 57, 75",Sector 84,4,1,0.4444444444444444,33.9,REVIEW,low_plausibility_and_reference_disagrees
1864,"Laxmi Enclave, Rajasthan, Shop 46, 38, District 65","Laxmi Enclave, Rajasthan",Laxmi Enclave,2,1,0.8,74.8,ACCEPT,
1863,"Rajendra Nagar, Uttar Pradesh, Shop 35, 1, 201364","Rajendra Nagar, Uttar Pradesh, Shop 35",Rajendra Nagar,3,1,0.5,47.7,REVIEW,low_plausibility_and_reference_disagrees
1894,"Ring Road, 462095, Shop 376, 149, 462095","Ring Road, 462095",Ring Road,2,1,0.8,75.2,ACCEPT,
1893,"Gandhi Marg, 160094, Shop 365, 112, Chandigarh","Gandhi Marg, 160094, Shop 365",Gandhi Marg,3,1,0.5714285714285714,57.0,ACCEPT,
1892,"Sunrise Towers, 700093, Shop 354, 75, Kolkata","Sunrise Towers, 700093, Shop 354",Sunrise Towers,3,1,0.5714285714285714,56.4,REVIEW,low_plausibility_and_reference_disagrees
1891,"Phase 2, 380092, Shop 343, 38, District 17","Phase 2, 380092",Phase 2,2,1,0.8,73.3,REVIEW,low_plausibility_and_reference_disagrees
1890,"Block C, 600091, Shop 332, 1, 600091","Block C, 600091",Block C,2,1,0.8,71.6,REVIEW,low_plausibility_and_reference_disagrees
1889,"Tower B, 500090, Shop 321, 963, Telangana","Tower B, 500090, Shop 321",Tower B,3,1,0.5714285714285714,50.6,REVIEW,low_plausibility_and_reference_disagrees
1888,"9th Floor, 560089, Shop 310, 926, Bengaluru","9th Floor, 560089, Shop 310",9th Floor,3,1,0.5714285714285714,53.7,REVIEW,low_plausibility_and_reference_disagrees
1887,"Unit 445, 400088, Shop 299, 889, District 13","Unit 445, 400088, Shop 299, 889",Unit 445,4,1,0.5,42.0,REVIEW,low_plausibility_and_reference_disagrees
1886,"Plot 870, 411087, Shop 288, 852, 411087","Plot 870, 411087, Shop 288",Plot 870,3,1,0.5714285714285714,49.5,REVIEW,low_plausibility_and_reference_disagrees
1884,"Shop 266, 302085, Shop 266, 778, Jaipur","Shop 266, 302085",Shop 266,2,1,0.8,73.8,REVIEW,low_plausibility_and_reference_disagrees
1883,"307, 201384, Shop 255, 741, District 9","307, 201384",307,2,1,0.6666666666666666,62.9,REVIEW,low_plausibility_and_reference_disagrees
1882,"704, 122083, Shop 244, 704, 122083","704, 122083, Shop 244",704,3,1,0.4,38.8,REVIEW,low_plausibility_and_reference_disagrees
1880,"Near, Maharashtra, Shop 222, 630, Nagpur","Near, Maharashtra",Near,2,1,0.6666666666666666,56.5,ACCEPT,
1879,"Business Park 5, Uttarakhand, Shop 211, 593, District 5","Business Park 5, Uttarakhand, Shop 211, 593",Business Park 5,4,1,0.6,44.2,REVIEW,low_plausibility_and_reference_disagrees
4165,"6th Floor, Wing F, Plot 215, 260, 226566","6th Floor, Wing F, Plot 215","6th Floor, Wing F, Plot 215, 260",3,4,0.9230769230769231,78.6,REVIEW,low_plausibility_and_reference_disagrees
4164,"Unit 868, Wing E, Plot 196, 223, Rajasthan",Unit 868,"Unit 868, Wing E, Plot 196, 223",1,4,0.4444444444444444,39.5,ACCEPT,
4163,"Plot 177, Wing D, Plot 177, 186, Noida","Plot 177, Wing D","Plot 177, Wing D, Plot 177, 186",2,4,0.7272727272727273,51.9,ACCEPT,
4161,"Shop 363, Wing B, Plot 139, 112, 110562",Shop 363,"Shop 363, Wing B, Plot 139, 112",1,4,0.4444444444444444,34.8,REVIEW,low_plausibility_and_reference_disagrees
4160,"241, Wing A, Plot 120, 75, Maharashtra","241, Wing A, Plot 120","241, Wing A, Plot 120, 75",3,4,0.9090909090909091,85.8,ACCEPT,
4157,"Near, Building 78, Plot 63, 963, 800558","Near, Building 78, Plot 63","Near, Building 78, Plot 63, 963",3,4,0.9090909090909091,78.5,REVIEW,low_plausibility_and_reference_disagrees
4156,"Business Park 2, Building 77, Plot 44, 926, Kerala","Business Park 2, Building 77, Plot 44","Business Park 2, Building 77, Plot 44, 926",3,4,0.9333333333333333,79.8,ACCEPT,
4155,"Industrial Area 1, Building 76, Plot 25, 889, Indore","Industrial Area 1, Building 76","Industrial Area 1, Building 76, Plot 25, 889",2,4,0.7692307692307693,61.2,ACCEPT,
4152,"Near, Building 73, Plot 967, 778, Kolkata","Near, Building 73, Plot 967","Near, Building 73, Plot 967, 778",3,4,0.9090909090909091,80.3,ACCEPT,
1910,"Campus 11, 600111, Shop 53, 741, District 36","Campus 11, 600111, Shop 53",Campus 11,3,1,0.5714285714285714,56.4,REVIEW,low_plausibility_and_reference_disagrees
1909,"Wing F, 500110, Shop 42, 704, 500110","Wing F, 500110, Shop 42",Wing F,3,1,0.5714285714285714,47.3,REVIEW,low_plausibility_and_reference_disagrees
1908,"Building 69, 560109, Shop 31, 667, Karnataka","Building 69, 560109, Shop 31, 667",Building 69,4,1,0.5,44.3,REVIEW,low_plausibility_and_reference_disagrees
1907,"Beside, 400108, Shop 20, 630, Mumbai","Beside, 400108, Shop 20",Beside,3,1,0.4,47.3,ACCEPT,
1906,"Maharashtra, 411107, Shop 9, 593, 411107","Maharashtra, 411107",Maharashtra,2,1,0.6666666666666666,76.7,ACCEPT,
1905,"Lucknow, 226106, Shop 497, 556, Uttar Pradesh","Lucknow, 226106",Lucknow,2,1,0.6666666666666666,73.9,ACCEPT,
1903,"Tehsil 4, 201404, Shop 475, 482, District 29","Tehsil 4, 201404, Shop 475",Tehsil 4,3,1,0.5714285714285714,53.7,ACCEPT,
1901,"Madhopur, 110102, Shop 453, 408, Delhi","Madhopur, 110102, Shop 453",Madhopur,3,1,0.4,48.4,ACCEPT,
1900,"Sadar Market, 440101, Shop 442, 371, Nagpur","Sadar Market, 440101, Shop 442",Sadar Market,3,1,0.5714285714285714,54.5,REVIEW,low_plausibility_and_reference_disagrees
1899,"Clock Tower, 248100, Shop 431, 334, District 25","Clock Tower, 248100, Shop 431",Clock Tower,3,1,0.5714285714285714,57.7,REVIEW,low_plausibility_and_reference_disagrees
1898,"Sector 18, 751099, Shop 420, 297, 751099","Sector 18, 751099, Shop 420",Sector 18,3,1,0.5714285714285714,51.0,ACCEPT,
1897,"Saket Extension, 800098, Shop 409, 260, Bihar","Saket Extension, 800098",Saket Extension,2,1,0.8,80.0,ACCEPT,
1896,"Ashok Vihar, 682097, Shop 398, 223, Kochi","Ashok Vihar, 682097, Shop 398",Ashok Vihar,3,1,0.5714285714285714,52.4,ACCEPT,
1895,"Gali 6, 452096, Shop 387, 186, District 21","Gali 6, 452096, Shop 387",Gali 6,3,1,0.5714285714285714,50.2,REVIEW,low_plausibility_and_reference_disagrees
1925,"Lake View Homes, Opposite, Shop 218, 297, 226126","Lake View Homes, Opposite","Lake View Homes, Opposite, Shop 218, 297",2,4,0.7272727272727273,58.4,REVIEW,low_plausibility_and_reference_disagrees
1924,"Phase 5, Near, Shop 207, 260, Rajasthan",Phase 5,"Phase 5, Near, Shop 207, 260",1,4,0.5,39.8,ACCEPT,
1923,"Block D, Beside, Shop 196, 223, Noida","Block D, Beside","Block D, Beside, Shop 196, 223",2,4,0.6666666666666666,51.2,ACCEPT,
1921,"2th Floor, Opposite, Shop 174, 149, 110122",2th Floor,"2th Floor, Opposite, Shop 174, 149",1,4,0.5,34.6,REVIEW,low_plausibility_and_reference_disagrees
1920,"Unit 205, Near, Shop 163, 112, Maharashtra","Unit 205, Near, Shop 163","Unit 205, Near, Shop 163, 112",3,4,0.9090909090909091,84.1,ACCEPT,
1919,"Plot 498, Beside, Shop 152, 75, Dehradun","Plot 498, Beside, Shop 152","Plot 498, Beside, Shop 152, 75",3,4,0.9090909090909091,84.0,ACCEPT,
1917,"Shop 130, Opposite, Shop 130, 1, 800118",Shop 130,"Shop 130, Opposite, Shop 130, 1",1,4,0.5,34.8,REVIEW,low_plausibility_and_reference_disagrees
1916,"736, Near, Shop 119, 963, Kerala","736, Near, Shop 119","736, Near, Shop 119, 963",3,4,0.8888888888888888,77.1,ACCEPT,
1915,"926, Beside, Shop 108, 926, Indore","926, Beside","926, Beside, Shop 108, 926",2,4,0.5714285714285714,50.0,ACCEPT,
1914,"Opposite, 462115, Shop 97, 889, District 40","Opposite, 462115",Opposite,2,1,0.6666666666666666,74.9,ACCEPT,
1913,"Near, 160114, Shop 86, 852, 160114","Near, 160114",Near,2,1,0.6666666666666666,65.0,ACCEPT,
1912,"Business Park 8, 700113, Shop 75, 815, West Bengal","Business Park 8, 700113",Business Park 8,2,1,0.8571428571428571,81.3,ACCEPT,
1911,"Industrial Area 7, 380112, Shop 64, 778, Ahmedabad","Industrial Area 7, 380112, Shop 64",Industrial Area 7,3,1,0.6666666666666666,62.7,REVIEW,low_plausibility_and_reference_disagrees
1942,"Wing G, Behind, Shop 405, 926, Gurugram","Wing G, Behind, Shop 405","Wing G, Behind, Shop 405, 926",3,4,0.9090909090909091,81.2,ACCEPT,
1940,"440141, Near, Shop 383, 852, Maharashtra","440141, Near, Shop 383","440141, Near, Shop 383, 852",3,4,0.8888888888888888,83.7,ACCEPT,
1939,"Uttarakhand, Beside, Shop 372, 815, Dehradun","Uttarakhand, Beside, Shop 372","Uttarakhand, Beside, Shop 372, 815",3,4,0.8888888888888888,82.0,ACCEPT,
1937,"District 63, Opposite, Shop 350, 741, 800138","District 63, Opposite, Shop 350","District 63, Opposite, Shop 350, 741",3,4,0.9090909090909091,79.2,REVIEW,low_plausibility_and_reference_disagrees
1935,"Post Rajapur, Beside, Shop 328, 667, Indore","Post Rajapur, Beside, Shop 328","Post Rajapur, Beside, Shop 328, 667",3,4,0.9090909090909091,79.0,ACCEPT,
1931,"Sector 51, Beside, Shop 284, 519, Ahmedabad",Sector 51,"Sector 51, Beside, Shop 284, 519",1,4,0.5,40.9,ACCEPT,
1929,"Rosewood Layout, Opposite, Shop 262, 445, 500130","Rosewood Layout, Opposite, Shop 262","Rosewood Layout, Opposite, Shop 262, 445",3,4,0.9090909090909091,79.6,REVIEW,low_plausibility_and_reference_disagrees
1928,"Gali 9, Near, Shop 251, 408, Karnataka","Gali 9, Near, Shop 251","Gali 9, Near, Shop 251, 408",3,4,0.9090909090909091,81.9,ACCEPT,
1927,"College Road, Beside, Shop 240, 371, Mumbai","College Road, Beside","College Road, Beside, Shop 240, 371",2,4,0.6666666666666666,56.3,ACCEPT,
1958,"Pearl Residency, Building 39, Shop 82, 519, Bhubaneswar","Pearl Residency, Building 39, Shop 82","Pearl Residency, Building 39, Shop 82, 519",3,4,0.9230769230769231,85.7,ACCEPT,
1955,"Tower D, Building 36, Shop 49, 408, Madhya Pradesh",Tower D,"Tower D, Building 36, Shop 49, 408",1,4,0.4444444444444444,40.0,ACCEPT,
1954,"15th Floor, Building 35, Shop 38, 371, Bhopal",15th Floor,"15th Floor, Building 35, Shop 38, 371",1,4,0.4444444444444444,34.3,ACCEPT,
1951,"Office 904, Building 32, Shop 5, 260, Gujarat","Office 904, Building 32, Shop 5","Office 904, Building 32, Shop 5, 260",3,4,0.9230769230769231,80.8,ACCEPT,
1950,"Shop 493, Building 31, Shop 493, 223, Chennai","Shop 493, Building 31","Shop 493, Building 31, Shop 493, 223",2,4,0.7272727272727273,58.6,ACCEPT,
1948,"149, Building 29, Shop 471, 149, 560149","149, Building 29, Shop 471","149, Building 29, Shop 471, 149",3,4,0.9090909090909091,78.5,REVIEW,low_plausibility_and_reference_disagrees
1947,"Opposite, Beside, Shop 460, 112, Maharashtra","Opposite, Beside","Opposite, Beside, Shop 460, 112",2,4,0.5714285714285714,61.5,ACCEPT,
1946,"Near, Behind, Shop 449, 75, Pune",Near,"Near, Behind, Shop 449, 75",1,4,0.3333333333333333,24.2,ACCEPT,
1944,"Industrial Area 10, Near, Shop 427, 1, 302145","Industrial Area 10, Near","Industrial Area 10, Near, Shop 427, 1",2,4,0.7272727272727273,60.7,REVIEW,low_plausibility_and_reference_disagrees
4150,"Tamil Nadu, Building 71, Plot 929, 704, 600551","Tamil Nadu, Building 71, Plot 929","Tamil Nadu, Building 71, Plot 929, 704",3,4,0.9230769230769231,79.4,REVIEW,low_plausibility_and_reference_disagrees
4149,"Hyderabad, Building 70, Plot 910, 667, Telangana",Hyderabad,"Hyderabad, Building 70, Plot 910, 667",1,4,0.2857142857142857,36.7,ACCEPT,
4146,"Post Rampur, Building 67, Plot 853, 556, 411547","Post Rampur, Building 67, Plot 853","Post Rampur, Building 67, Plot 853, 556",3,4,0.9230769230769231,79.5,REVIEW,low_plausibility_and_reference_disagrees
4145,"Madhopur, Building 66, Plot 834, 519, Uttar Pradesh","Madhopur, Building 66","Madhopur, Building 66, Plot 834, 519",2,4,0.6666666666666666,66.3,ACCEPT,
4144,"Main Bazaar, Building 65, Plot 815, 482, Jaipur","Main Bazaar, Building 65","Main Bazaar, Building 65, Plot 815, 482",2,4,0.7272727272727273,58.0,ACCEPT,
4142,"Sector 84, Building 63, Plot 777, 408, 122543","Sector 84, Building 63, Plot 777","Sector 84, Building 63, Plot 777, 408",3,4,0.9230769230769231,79.3,REVIEW,low_plausibility_and_reference_disagrees
4140,"Shanti Nagar, Building 61, Plot 739, 334, Nagpur","Shanti Nagar, Building 61","Shanti Nagar, Building 61, Plot 739, 334",2,4,0.7272727272727273,58.4,ACCEPT,
4138,"Airport Road, Building 59, Plot 701, 260, 751539","Airport Road, Building 59, Plot 701","Airport Road, Building 59, Plot 701, 260",3,4,0.9230769230769231,79.6,REVIEW,low_plausibility_and_reference_disagrees
4137,"College Road, Building 58, Plot 682, 223, Bihar","College Road, Building 58, Plot 682","College Road, Building 58, Plot 682, 223",3,4,0.9230769230769231,77.5,ACCEPT,
1974,"Behind, Building 55, Shop 258, 112, Bhopal","Behind, Building 55, Shop 258","Behind, Building 55, Shop 258, 112",3,4,0.9090909090909091,78.9,ACCEPT,
1972,"West Bengal, Building 53, Shop 236, 38, 700173","West Bengal, Building 53, Shop 236","West Bengal, Building 53, Shop 236, 38",3,4,0.9230769230769231,82.0,REVIEW,low_plausibility_and_reference_disagrees
1971,"Ahmedabad, Building 52, Shop 225, 1, Gujarat","Ahmedabad, Building 52","Ahmedabad, Building 52, Shop 225, 1",2,4,0.6666666666666666,61.8,ACCEPT,
1968,"Post Rampur, Building 49, Shop 192, 889, 560169","Post Rampur, Building 49, Shop 192","Post Rampur, Building 49, Shop 192, 889",3,4,0.9230769230769231,79.5,REVIEW,low_plausibility_and_reference_disagrees
1966,"Gandhi Market, Building 47, Shop 170, 815, Pune","Gandhi Market, Building 47, Shop 170","Gandhi Market, Building 47, Shop 170, 815",3,4,0.9230769230769231,74.9,ACCEPT,
1964,"Sector 84, Building 45, Shop 148, 741, 302165","Sector 84, Building 45","Sector 84, Building 45, Shop 148, 741",2,4,0.7272727272727273,57.2,REVIEW,low_plausibility_and_reference_disagrees
1963,"Rajendra Nagar, Building 44, Shop 137, 704, Uttar Pradesh","Rajendra Nagar, Building 44, Shop 137","Rajendra Nagar, Building 44, Shop 137, 704",3,4,0.9230769230769231,87.1,ACCEPT,
1962,"Green Park, Building 43, Shop 126, 667, Gurugram","Green Park, Building 43, Shop 126","Green Park, Building 43, Shop 126, 667",3,4,0.9230769230769231,82.4,ACCEPT,
1960,"MG Road, Building 41, Shop 104, 593, 440161","MG Road, Building 41","MG Road, Building 41, Shop 104, 593",2,4,0.7272727272727273,56.3,REVIEW,low_plausibility_and_reference_disagrees
1959,"Lake View Road, Building 40, Shop 93, 556, Uttarakhand","Lake View Road, Building 40, Shop 93","Lake View Road, Building 40, Shop 93, 556",3,4,0.9333333333333333,85.6,ACCEPT,
1990,"Phase 5, Wing G, Shop 434, 704, Tamil Nadu",Phase 5,"Phase 5, Wing G, Shop 434, 704",1,4,0.4444444444444444,39.2,ACCEPT,
1989,"Block F, Wing F, Shop 423, 667, Hyderabad","Block F, Wing F","Block F, Wing F, Shop 423, 667",2,4,0.7272727272727273,58.4,ACCEPT,
1987,"8th Floor, Wing D, Shop 401, 593, 400188","8th Floor, Wing D","8th Floor, Wing D, Shop 401, 593",2,4,0.7272727272727273,54.7,REVIEW,low_plausibility_and_reference_disagrees
1986,"Unit 724, Wing C, Shop 390, 556, Maharashtra","Unit 724, Wing C, Shop 390","Unit 724, Wing C, Shop 390, 556",3,4,0.9230769230769231,84.4,ACCEPT,
1985,"Plot 753, Wing B, Shop 379, 519, Lucknow","Plot 753, Wing B","Plot 753, Wing B, Shop 379, 519",2,4,0.7272727272727273,55.9,ACCEPT,
1979,"Near, Building 60, Shop 313, 297, 248180","Near, Building 60","Near, Building 60, Shop 313, 297",2,4,0.6666666666666666,54.7,REVIEW,low_plausibility_and_reference_disagrees
1978,"Business Park 14, Building 59, Shop 302, 260, Odisha","Business Park 14, Building 59","Business Park 14, Building 59, Shop 302, 260",2,4,0.7692307692307693,59.7,ACCEPT,
1977,"Industrial Area 13, Building 58, Shop 291, 223, Patna","Industrial Area 13, Building 58, Shop 291","Industrial Area 13, Building 58, Shop 291, 223",3,4,0.9333333333333333,78.0,ACCEPT,
1975,"Wing H, Building 56, Shop 269, 149, 452176","Wing H, Building 56","Wing H, Building 56, Shop 269, 149",2,4,0.7272727272727273,55.8,REVIEW,low_plausibility_and_reference_disagrees
2005,"Uttar Pradesh, Wing F, Shop 100, 260, Lucknow","Uttar Pradesh, Wing F, Shop 100","Uttar Pradesh, Wing F, Shop 100, 260",3,4,0.9230769230769231,80.8,ACCEPT,
2003,"District 54, Wing D, Shop 78, 186, 201504","District 54, Wing D, Shop 78","District 54, Wing D, Shop 78, 186",3,4,0.9230769230769231,78.8,REVIEW,low_plausibility_and_reference_disagrees
2002,"Tehsil 3, Wing C, Shop 67, 149, Haryana","Tehsil 3, Wing C","Tehsil 3, Wing C, Shop 67, 149",2,4,0.7272727272727273,57.3,ACCEPT,
1999,"Main Bazaar, Wing H, Shop 34, 38, 248200","Main Bazaar, Wing H, Shop 34","Main Bazaar, Wing H, Shop 34, 38",3,4,0.9230769230769231,81.4,REVIEW,low_plausibility_and_reference_disagrees
1998,"Municipal Park, Wing G, Shop 23, 1, Odisha","Municipal Park, Wing G, Shop 23","Municipal Park, Wing G, Shop 23, 1",3,4,0.9230769230769231,84.6,ACCEPT,
1997,"Sector 18, Wing F, Shop 12, 963, Patna","Sector 18, Wing F","Sector 18, Wing F, Shop 12, 963",2,4,0.7272727272727273,53.8,ACCEPT,
1995,"Vijay Nagar, Wing D, Shop 489, 889, 452196","Vijay Nagar, Wing D, Shop 489","Vijay Nagar, Wing D, Shop 489, 889",3,4,0.9230769230769231,78.9,REVIEW,low_plausibility_and_reference_disagrees
4134,"Block G, Building 55, Plot 625, 112, 462535","Block G, Building 55","Block G, Building 55, Plot 625, 112",2,4,0.7272727272727273,56.3,REVIEW,low_plausibility_and_reference_disagrees
4132,"13th Floor, Building 53, Plot 587, 38, Kolkata",13th Floor,"13th Floor, Building 53, Plot 587, 38",1,4,0.4444444444444444,35.9,ACCEPT,
4130,"Plot 549, Building 51, Plot 549, 963, 600531","Plot 549, Building 51","Plot 549, Building 51, Plot 549, 963",2,4,0.7272727272727273,56.8,REVIEW,low_plausibility_and_reference_disagrees
4129,"Office 172, Building 50, Plot 530, 926, Telangana","Office 172, Building 50","Office 172, Building 50, Plot 530, 926",2,4,0.7272727272727273,62.6,ACCEPT,
4126,"815, Building 47, Plot 473, 815, 411527","815, Building 47","815, Building 47, Plot 473, 815",2,4,0.6666666666666666,54.0,REVIEW,low_plausibility_and_reference_disagrees
4125,"Opposite, Opposite, Plot 454, 778, Uttar Pradesh","Opposite, Opposite","Opposite, Opposite, Plot 454, 778",2,4,0.5714285714285714,64.8,ACCEPT,
4124,"Near, Near, Plot 435, 741, Jaipur","Near, Near","Near, Near, Plot 435, 741",2,4,0.5714285714285714,48.9,ACCEPT,
4122,"Industrial Area 13, Behind, Plot 397, 667, 122523","Industrial Area 13, Behind","Industrial Area 13, Behind, Plot 397, 667",2,4,0.7272727272727273,58.7,REVIEW,low_plausibility_and_reference_disagrees
4120,"Wing A, Near, Plot 359, 593, Nagpur","Wing A, Near","Wing A, Near, Plot 359, 593",2,4,0.6666666666666666,50.9,ACCEPT,
2022,"Block G, Campus 3, Shop 287, 889, 122223","Block G, Campus 3","Block G, Campus 3, Shop 287, 889",2,4,0.7272727272727273,54.7,REVIEW,low_plausibility_and_reference_disagrees
2018,"Plot 381, Campus 19, Shop 243, 741, 751219",Plot 381,"Plot 381, Campus 19, Shop 243, 741",1,4,0.4444444444444444,32.4,REVIEW,low_plausibility_and_reference_disagrees
2016,"Shop 221, Campus 17, Shop 221, 667, Kochi","Shop 221, Campus 17, Shop 221","Shop 221, Campus 17, Shop 221, 667",3,4,0.9230769230769231,76.8,ACCEPT,
2014,"593, Campus 15, Shop 199, 593, 462215","593, Campus 15, Shop 199","593, Campus 15, Shop 199, 593",3,4,0.9090909090909091,78.2,REVIEW,low_plausibility_and_reference_disagrees
2012,"Near, Wing E, Shop 177, 519, Kolkata",Near,"Near, Wing E, Shop 177, 519",1,4,0.2857142857142857,29.3,ACCEPT,
2010,"Industrial Area 1, Wing C, Shop 155, 445, 600211",Industrial Area 1,"Industrial Area 1, Wing C, Shop 155, 445",1,4,0.5454545454545454,44.1,REVIEW,low_plausibility_and_reference_disagrees
2009,"Campus 10, Wing B, Shop 144, 408, Telangana","Campus 10, Wing B, Shop 144","Campus 10, Wing B, Shop 144, 408",3,4,0.9230769230769231,82.8,ACCEPT,
4117,"Bihar, Opposite, Plot 302, 482, Patna",Bihar,"Bihar, Opposite, Plot 302, 482",1,4,0.3333333333333333,26.3,ACCEPT,
4115,"District 66, Beside, Plot 264, 408, 452516","District 66, Beside, Plot 264","District 66, Beside, Plot 264, 408",3,4,0.9090909090909091,78.9,REVIEW,low_plausibility_and_reference_disagrees
4111,"Gandhi Market, Beside, Plot 188, 260, 380512","Gandhi Market, Beside, Plot 188","Gandhi Market, Beside, Plot 188, 260",3,4,0.9090909090909091,79.2,REVIEW,low_plausibility_and_reference_disagrees
4110,"Municipal Park, Behind, Plot 169, 223, Tamil Nadu",Municipal Park,"Municipal Park, Behind, Plot 169, 223",1,4,0.5,47.7,ACCEPT,
4109,"Sector 51, Opposite, Plot 150, 186, Hyderabad","Sector 51, Opposite, Plot 150","Sector 51, Opposite, Plot 150, 186",3,4,0.9090909090909091,83.1,ACCEPT,
4107,"Saket Extension, Beside, Plot 112, 112, 400508","Saket Extension, Beside, Plot 112","Saket Extension, Beside, Plot 112, 112",3,4,0.9090909090909091,79.4,REVIEW,low_plausibility_and_reference_disagrees
4105,"Park Road, Opposite, Plot 74, 38, Lucknow","Park Road, Opposite, Plot 74","Park Road, Opposite, Plot 74, 38",3,4,0.9090909090909091,83.0,ACCEPT,
4103,"Maple Heights, Beside, Plot 36, 963, 201804","Maple Heights, Beside","Maple Heights, Beside, Plot 36, 963",2,4,0.6666666666666666,58.1,REVIEW,low_plausibility_and_reference_disagrees
2038,"Odisha, Campus 19, Shop 463, 482, 751239","Odisha, Campus 19, Shop 463","Odisha, Campus 19, Shop 463, 482",3,4,0.9090909090909091,78.6,REVIEW,low_plausibility_and_reference_disagrees
2037,"Patna, Campus 18, Shop 452, 445, Bihar","Patna, Campus 18","Patna, Campus 18, Shop 452, 445",2,4,0.6666666666666666,51.9,ACCEPT,
2036,"District 12, Campus 17, Shop 441, 408, Kochi","District 12, Campus 17","District 12, Campus 17, Shop 441, 408",2,4,0.7272727272727273,55.0,ACCEPT,
2034,"Post Rampur, Campus 15, Shop 419, 334, 462235","Post Rampur, Campus 15","Post Rampur, Campus 15, Shop 419, 334",2,4,0.7272727272727273,57.2,REVIEW,low_plausibility_and_reference_disagrees
2032,"New Market, Campus 13, Shop 397, 260, Kolkata","New Market, Campus 13","New Market, Campus 13, Shop 397, 260",2,4,0.7272727272727273,58.6,ACCEPT,
2030,"Sector 51, Campus 11, Shop 375, 186, 600231","Sector 51, Campus 11, Shop 375","Sector 51, Campus 11, Shop 375, 186",3,4,0.9230769230769231,79.0,REVIEW,low_plausibility_and_reference_disagrees
2029,"Rosewood Layout, Campus 10, Shop 364, 149, Telangana",Rosewood Layout,"Rosewood Layout, Campus 10, Shop 364, 149",1,4,0.4444444444444444,44.6,ACCEPT,
2028,"Krishna Colony, Campus 9, Shop 353, 112, Bengaluru","Krishna Colony, Campus 9","Krishna Colony, Campus 9, Shop 353, 112",2,4,0.7272727272727273,63.0,ACCEPT,
2026,"Main Bazaar, Campus 7, Shop 331, 38, 411227","Main Bazaar, Campus 7, Shop 331","Main Bazaar, Campus 7, Shop 331, 38",3,4,0.9230769230769231,81.8,REVIEW,low_plausibility_and_reference_disagrees
2025,"Park Road, Campus 6, Shop 320, 1, Uttar Pradesh",Park Road,"Park Road, Campus 6, Shop 320, 1",1,4,0.4444444444444444,45.5,ACCEPT,
2024,"Green Residency, Campus 5, Shop 309, 963, Jaipur","Green Residency, Campus 5","Green Residency, Campus 5, Shop 309, 963",2,4,0.7272727272727273,58.4,ACCEPT,
2053,"14th Floor, Industrial Area 14, Shop 129, 38, 160254",14th Floor,"14th Floor, Industrial Area 14, Shop 129, 38",1,4,0.4,29.8,REVIEW,low_plausibility_and_reference_disagrees
2052,"Unit 244, Industrial Area 13, Shop 118, 1, West Bengal","Unit 244, Industrial Area 13, Shop 118","Unit 244, Industrial Area 13, Shop 118, 1",3,4,0.9333333333333333,89.9,ACCEPT,
2051,"Plot 9, Industrial Area 12, Shop 107, 963, Ahmedabad","Plot 9, Industrial Area 12","Plot 9, Industrial Area 12, Shop 107, 963",2,4,0.7692307692307693,63.7,ACCEPT,
2049,"Shop 85, Industrial Area 10, Shop 85, 889, 500250",Shop 85,"Shop 85, Industrial Area 10, Shop 85, 889",1,4,0.4,26.0,REVIEW,low_plausibility_and_reference_disagrees
2048,"654, Industrial Area 9, Shop 74, 852, Karnataka",654,"654, Industrial Area 9, Shop 74, 852",1,4,0.25,23.8,ACCEPT,
2047,"815, Industrial Area 8, Shop 63, 815, Mumbai","815, Industrial Area 8","815, Industrial Area 8, Shop 63, 815",2,4,0.7272727272727273,58.5,ACCEPT,
2045,"Near, Campus 6, Shop 41, 741, 226246","Near, Campus 6, Shop 41","Near, Campus 6, Shop 41, 741",3,4,0.9090909090909091,78.0,REVIEW,low_plausibility_and_reference_disagrees
2044,"Business Park 5, Campus 5, Shop 30, 704, Rajasthan",Business Park 5,"Business Park 5, Campus 5, Shop 30, 704",1,4,0.5454545454545454,46.3,ACCEPT,
2043,"Industrial Area 4, Campus 4, Shop 19, 667, Noida","Industrial Area 4, Campus 4","Industrial Area 4, Campus 4, Shop 19, 667",2,4,0.7692307692307693,58.1,ACCEPT,
2042,"Wing C, Campus 3, Shop 8, 630, 122243","Wing C, Campus 3","Wing C, Campus 3, Shop 8, 630",2,4,0.7272727272727273,56.9,REVIEW,low_plausibility_and_reference_disagrees
2040,"Near, Campus 1, Shop 485, 556, Nagpur",Near,"Near, Campus 1, Shop 485, 556",1,4,0.2857142857142857,26.1,ACCEPT,
2067,"Post Rajapur, Industrial Area 13, Shop 283, 556, Mumbai",Post Rajapur,"Post Rajapur, Industrial Area 13, Shop 283, 556",1,4,0.4,31.4,ACCEPT,
2065,"Sadar Market, Industrial Area 11, Shop 261, 482, 226266","Sadar Market, Industrial Area 11","Sadar Market, Industrial Area 11, Shop 261, 482",2,4,0.7692307692307693,60.4,REVIEW,low_plausibility_and_reference_disagrees
2064,"Central Mall, Industrial Area 10, Shop 250, 445, Rajasthan","Central Mall, Industrial Area 10, Shop 250","Central Mall, Industrial Area 10, Shop 250, 445",3,4,0.9333333333333333,84.3,ACCEPT,
2063,"Sector 84, Industrial Area 9, Shop 239, 408, Noida","Sector 84, Industrial Area 9, Shop 239","Sector 84, Industrial Area 9, Shop 239, 408",3,4,0.9333333333333333,77.8,ACCEPT,
2061,"Gandhi Nagar, Industrial Area 7, Shop 217, 334, 110262","Gandhi Nagar, Industrial Area 7, Shop 217","Gandhi Nagar, Industrial Area 7, Shop 217, 334",3,4,0.9333333333333333,80.1,REVIEW,low_plausibility_and_reference_disagrees
2060,"Gali 21, Industrial Area 6, Shop 206, 297, Maharashtra","Gali 21, Industrial Area 6, Shop 206","Gali 21, Industrial Area 6, Shop 206, 297",3,4,0.9333333333333333,85.6,ACCEPT,
2056,"Phase 5, Industrial Area 2, Shop 162, 149, Kerala","Phase 5, Industrial Area 2, Shop 162","Phase 5, Industrial Area 2, Shop 162, 149",3,4,0.9333333333333333,79.7,ACCEPT,
2055,"Block H, Industrial Area 1, Shop 151, 112, Indore","Block H, Industrial Area 1, Shop 151","Block H, Industrial Area 1, Shop 151, 112",3,4,0.9333333333333333,79.7,ACCEPT,
4102,"Phase 5, Behind, Plot 17, 926, Haryana","Phase 5, Behind","Phase 5, Behind, Plot 17, 926",2,4,0.6666666666666666,56.7,ACCEPT,
4098,"Unit 349, Behind, Plot 940, 778, Odisha","Unit 349, Behind, Plot 940","Unit 349, Behind, Plot 940, 778",3,4,0.9090909090909091,78.5,ACCEPT,
4097,"Plot 921, Opposite, Plot 921, 741, Patna","Plot 921, Opposite, Plot 921","Plot 921, Opposite, Plot 921, 741",3,4,0.9090909090909091,76.7,ACCEPT,
4095,"Shop 136, Beside, Plot 883, 667, 452496","Shop 136, Beside, Plot 883","Shop 136, Beside, Plot 883, 667",3,4,0.9090909090909091,78.5,REVIEW,low_plausibility_and_reference_disagrees
4094,"282, Behind, Plot 864, 630, Madhya Pradesh","282, Behind","282, Behind, Plot 864, 630",2,4,0.5714285714285714,60.4,ACCEPT,
4092,"Opposite, 700493, Plot 826, 556, District 43","Opposite, 700493",Opposite,2,1,0.6666666666666666,75.1,ACCEPT,
4091,"Near, 380492, Plot 807, 519, 380492","Near, 380492, Plot 807, 519",Near,4,1,0.3333333333333333,27.6,ACCEPT,
4090,"Business Park 11, 600491, Plot 788, 482, Tamil Nadu","Business Park 11, 600491, Plot 788",Business Park 11,3,1,0.6666666666666666,61.5,ACCEPT,
4089,"Industrial Area 10, 500490, Plot 769, 445, Hyderabad","Industrial Area 10, 500490, Plot 769, 445",Industrial Area 10,4,1,0.6,49.5,REVIEW,low_plausibility_and_reference_disagrees
4088,"Campus 9, 560489, Plot 750, 408, District 39","Campus 9, 560489, Plot 750",Campus 9,3,1,0.5714285714285714,53.7,REVIEW,low_plausibility_and_reference_disagrees
2086,"7th Floor, Business Park 2, Shop 492, 260, Pune",7th Floor,"7th Floor, Business Park 2, Shop 492, 260",1,4,0.4,26.3,ACCEPT,
2083,"Office 451, Business Park 14, Shop 459, 149, Uttar Pradesh","Office 451, Business Park 14, Shop 459","Office 451, Business Park 14, Shop 459, 149",3,4,0.9333333333333333,87.1,ACCEPT,
2082,"Shop 448, Business Park 13, Shop 448, 112, Gurugram",Shop 448,"Shop 448, Business Park 13, Shop 448, 112",1,4,0.4,30.8,ACCEPT,
2080,"38, Business Park 11, Shop 426, 38, 440281","38, Business Park 11","38, Business Park 11, Shop 426, 38",2,4,0.7272727272727273,57.6,REVIEW,low_plausibility_and_reference_disagrees
2079,"Opposite, Industrial Area 10, Shop 415, 1, Uttarakhand","Opposite, Industrial Area 10","Opposite, Industrial Area 10, Shop 415, 1",2,4,0.7272727272727273,69.5,ACCEPT,
2078,"Near, Industrial Area 9, Shop 404, 963, Bhubaneswar",Near,"Near, Industrial Area 9, Shop 404, 963",1,4,0.25,27.5,ACCEPT,
2076,"Campus 17, Industrial Area 7, Shop 382, 889, Kerala","Campus 17, Industrial Area 7","Campus 17, Industrial Area 7, Shop 382, 889",2,4,0.7692307692307693,59.4,ACCEPT,
2075,"Wing D, Industrial Area 6, Shop 371, 852, Indore","Wing D, Industrial Area 6, Shop 371","Wing D, Industrial Area 6, Shop 371, 852",3,4,0.9333333333333333,79.6,ACCEPT,
2072,"700273, Industrial Area 3, Shop 338, 741, West Bengal","700273, Industrial Area 3","700273, Industrial Area 3, Shop 338, 741",2,4,0.7272727272727273,65.9,ACCEPT,
2071,"Gujarat, Industrial Area 2, Shop 327, 704, Ahmedabad","Gujarat, Industrial Area 2, Shop 327","Gujarat, Industrial Area 2, Shop 327, 704",3,4,0.9230769230769231,83.8,ACCEPT,
2100,"Post Rampur, Business Park 1, Shop 147, 778, 440301","Post Rampur, Business Park 1","Post Rampur, Business Park 1, Shop 147, 778",2,4,0.7692307692307693,59.4,REVIEW,low_plausibility_and_reference_disagrees
2099,"Madhopur, Business Park 15, Shop 136, 741, Uttarakhand","Madhopur, Business Park 15, Shop 136","Madhopur, Business Park 15, Shop 136, 741",3,4,0.9230769230769231,85.6,ACCEPT,
2098,"City Centre, Business Park 14, Shop 125, 704, Bhubaneswar","City Centre, Business Park 14, Shop 125","City Centre, Business Park 14, Shop 125, 704",3,4,0.9333333333333333,85.9,ACCEPT,
2096,"Sector 18, Business Park 12, Shop 103, 630, 682297","Sector 18, Business Park 12, Shop 103","Sector 18, Business Park 12, Shop 103, 630",3,4,0.9333333333333333,79.8,REVIEW,low_plausibility_and_reference_disagrees
2095,"Vijay Nagar, Business Park 11, Shop 92, 593, Madhya Pradesh","Vijay Nagar, Business Park 11","Vijay Nagar, Business Park 11, Shop 92, 593",2,4,0.7692307692307693,71.3,ACCEPT,
2094,"Laxmi Enclave, Business Park 10, Shop 81, 556, Bhopal","Laxmi Enclave, Business Park 10","Laxmi Enclave, Business Park 10, Shop 81, 556",2,4,0.7692307692307693,61.4,ACCEPT,
2092,"Nehru Street, Business Park 8, Shop 59, 482, 700293","Nehru Street, Business Park 8","Nehru Street, Business Park 8, Shop 59, 482",2,4,0.7692307692307693,60.9,REVIEW,low_plausibility_and_reference_disagrees
2091,"Station Road, Business Park 7, Shop 48, 445, Gujarat","Station Road, Business Park 7, Shop 48","Station Road, Business Park 7, Shop 48, 445",3,4,0.9333333333333333,81.5,ACCEPT,
2090,"Shivam Apartments, Business Park 6, Shop 37, 408, Chennai","Shivam Apartments, Business Park 6","Shivam Apartments, Business Park 6, Shop 37, 408",2,4,0.7692307692307693,64.0,ACCEPT,
2088,"Block A, Business Park 4, Shop 15, 334, 560289",Block A,"Block A, Business Park 4, Shop 15, 334",1,4,0.4,27.6,REVIEW,low_plausibility_and_reference_disagrees
2087,"Tower H, Business Park 3, Shop 4, 297, Maharashtra","Tower H, Business Park 3","Tower H, Business Park 3, Shop 4, 297",2,4,0.7692307692307693,68.2,ACCEPT,
2118,"Unit 763, Near, Shop 345, 445, Odisha","Unit 763, Near","Unit 763, Near, Shop 345, 445",2,4,0.6666666666666666,52.6,ACCEPT,
2117,"Plot 264, Near, Shop 334, 408, Patna","Plot 264, Near","Plot 264, Near, Shop 334, 408",2,4,0.6666666666666666,50.4,ACCEPT,
2115,"Shop 312, Near, Shop 312, 334, 452316","Shop 312, Near, Shop 312","Shop 312, Near, Shop 312, 334",3,4,0.9090909090909091,78.2,REVIEW,low_plausibility_and_reference_disagrees
2111,"Near, Business Park 12, Shop 268, 186, 380312",Near,"Near, Business Park 12, Shop 268, 186",1,4,0.25,21.6,REVIEW,low_plausibility_and_reference_disagrees
2110,"Industrial Area 11, Business Park 11, Shop 257, 149, Chennai","Industrial Area 11, Business Park 11, Shop 257","Industrial Area 11, Business Park 11, Shop 257, 149",3,4,0.9411764705882353,82.1,ACCEPT,
2108,"Wing E, Business Park 9, Shop 235, 75, 560309","Wing E, Business Park 9, Shop 235","Wing E, Business Park 9, Shop 235, 75",3,4,0.9333333333333333,82.0,REVIEW,low_plausibility_and_reference_disagrees
2107,"Building 28, Business Park 8, Shop 224, 38, Maharashtra","Building 28, Business Park 8","Building 28, Business Park 8, Shop 224, 38",2,4,0.7692307692307693,68.1,ACCEPT,
2106,"Behind, Business Park 7, Shop 213, 1, Pune",Behind,"Behind, Business Park 7, Shop 213, 1",1,4,0.25,23.1,ACCEPT,
2104,"Rajasthan, Business Park 5, Shop 191, 926, 302305","Rajasthan, Business Park 5, Shop 191","Rajasthan, Business Park 5, Shop 191, 926",3,4,0.9230769230769231,79.7,REVIEW,low_plausibility_and_reference_disagrees
2103,"Noida, Business Park 4, Shop 180, 889, Uttar Pradesh",Noida,"Noida, Business Park 4, Shop 180, 889",1,4,0.25,32.4,ACCEPT,
4086,"Building 7, 411487, Plot 712, 334, Maharashtra","Building 7, 411487",Building 7,2,1,0.8,77.6,REVIEW,low_plausibility_and_reference_disagrees
4084,"Rajasthan, 302485, Plot 674, 260, 302485","Rajasthan, 302485, Plot 674",Rajasthan,3,1,0.4,51.0,ACCEPT,
4082,"District 33, 122483, Plot 636, 186, Gurugram","District 33, 122483",District 33,2,1,0.8,77.9,ACCEPT,
4081,"Tehsil 32, 110482, Plot 617, 149, District 32","Tehsil 32, 110482, Plot 617",Tehsil 32,3,1,0.5714285714285714,55.2,ACCEPT,
4080,"Post Rampur, 440481, Plot 598, 112, 440481","Post Rampur, 440481",Post Rampur,2,1,0.8,77.3,ACCEPT,
4079,"Madhopur, 248480, Plot 579, 75, Uttarakhand","Madhopur, 248480",Madhopur,2,1,0.6666666666666666,74.9,ACCEPT,
4077,"Railway Station, 800478, Plot 541, 1, District 28","Railway Station, 800478",Railway Station,2,1,0.8,81.1,ACCEPT,
4076,"Sector 18, 682477, Plot 522, 963, 682477","Sector 18, 682477, Plot 522",Sector 18,3,1,0.5714285714285714,51.0,ACCEPT,
4075,"Vijay Nagar, 452476, Plot 503, 926, Madhya Pradesh","Vijay Nagar, 452476, Plot 503",Vijay Nagar,3,1,0.5714285714285714,59.5,ACCEPT,
4074,"Laxmi Enclave, 462475, Plot 484, 889, Bhopal","Laxmi Enclave, 462475, Plot 484",Laxmi Enclave,3,1,0.5714285714285714,55.5,REVIEW,low_plausibility_and_reference_disagrees
4073,"Gali 24, 160474, Plot 465, 852, District 24","Gali 24, 160474",Gali 24,2,1,0.8,73.5,REVIEW,low_plausibility_and_reference_disagrees
4072,"Nehru Street, 700473, Plot 446, 815, 700473","Nehru Street, 700473, Plot 446, 815",Nehru Street,4,1,0.5,39.8,ACCEPT,
2134,"Tehsil 35, Near, Shop 22, 38, Madhya Pradesh","Tehsil 35, Near, Shop 22","Tehsil 35, Near, Shop 22, 38",3,4,0.9090909090909091,88.0,ACCEPT,
2131,"Gandhi Market, Near, Shop 488, 926, 380332",Gandhi Market,"Gandhi Market, Near, Shop 488, 926",1,4,0.5,42.7,REVIEW,low_plausibility_and_reference_disagrees
2130,"Metro Station, Near, Shop 477, 889, Tamil Nadu",Metro Station,"Metro Station, Near, Shop 477, 889",1,4,0.5,48.7,ACCEPT,
2129,"Sector 51, Near, Shop 466, 852, Hyderabad","Sector 51, Near","Sector 51, Near, Shop 466, 852",2,4,0.6666666666666666,58.4,ACCEPT,
2127,"Saket Extension, Near, Shop 444, 778, 400328","Saket Extension, Near, Shop 444","Saket Extension, Near, Shop 444, 778",3,4,0.9090909090909091,79.2,REVIEW,low_plausibility_and_reference_disagrees
2126,"Gali 27, Near, Shop 433, 741, Maharashtra","Gali 27, Near","Gali 27, Near, Shop 433, 741",2,4,0.6666666666666666,59.3,ACCEPT,
2123,"Royal Enclave, Near, Shop 400, 630, 201624","Royal Enclave, Near","Royal Enclave, Near, Shop 400, 630",2,4,0.6666666666666666,55.8,REVIEW,low_plausibility_and_reference_disagrees
2122,"Phase 5, Near, Shop 389, 593, Haryana",Phase 5,"Phase 5, Near, Shop 389, 593",1,4,0.5,36.8,ACCEPT,
2119,"20th Floor, Near, Shop 356, 482, 248320","20th Floor, Near","20th Floor, Near, Shop 356, 482",2,4,0.6666666666666666,54.0,REVIEW,low_plausibility_and_reference_disagrees
2150,"Plot 891, Opposite, Shop 198, 630, 600351","Plot 891, Opposite, Shop 198","Plot 891, Opposite, Shop 198, 630",3,4,0.9090909090909091,78.8,REVIEW,low_plausibility_and_reference_disagrees
2149,"Office 674, Opposite, Shop 187, 593, Telangana","Office 674, Opposite, Shop 187","Office 674, Opposite, Shop 187, 593",3,4,0.9090909090909091,83.2,ACCEPT,
2148,"Shop 176, Opposite, Shop 176, 556, Bengaluru","Shop 176, Opposite","Shop 176, Opposite, Shop 176, 556",2,4,0.6666666666666666,60.3,ACCEPT,
2146,"482, Opposite, Shop 154, 482, 411347",482,"482, Opposite, Shop 154, 482",1,4,0.3333333333333333,23.8,REVIEW,low_plausibility_and_reference_disagrees
2145,"Opposite, Near, Shop 143, 445, Uttar Pradesh","Opposite, Near","Opposite, Near, Shop 143, 445",2,4,0.5714285714285714,62.1,ACCEPT,
2143,"Industrial Area 14, Near, Shop 121, 371, 201644","Industrial Area 14, Near","Industrial Area 14, Near, Shop 121, 371",2,4,0.7272727272727273,58.0,REVIEW,low_plausibility_and_reference_disagrees
2142,"Campus 3, Near, Shop 110, 334, Haryana","Campus 3, Near, Shop 110","Campus 3, Near, Shop 110, 334",3,4,0.9090909090909091,79.8,ACCEPT,
2139,"Beside, Near, Shop 77, 223, 248340","Beside, Near","Beside, Near, Shop 77, 223",2,4,0.5714285714285714,52.4,REVIEW,low_plausibility_and_reference_disagrees
2138,"751339, Near, Shop 66, 186, Odisha","751339, Near","751339, Near, Shop 66, 186",2,4,0.5714285714285714,52.4,ACCEPT,
2135,"District 36, Near, Shop 33, 75, 452336",District 36,"District 36, Near, Shop 33, 75",1,4,0.5,42.6,REVIEW,low_plausibility_and_reference_disagrees
2166,"Post Rampur, Opposite, Shop 374, 223, 411367","Post Rampur, Opposite","Post Rampur, Opposite, Shop 374, 223",2,4,0.6666666666666666,56.8,REVIEW,low_plausibility_and_reference_disagrees
2165,"Madhopur, Opposite, Shop 363, 186, Uttar Pradesh","Madhopur, Opposite","Madhopur, Opposite, Shop 363, 186",2,4,0.5714285714285714,64.8,ACCEPT,
2162,"Sector 84, Opposite, Shop 330, 75, 122363",Sector 84,"Sector 84, Opposite, Shop 330, 75",1,4,0.5,35.4,REVIEW,low_plausibility_and_reference_disagrees
2160,"Shanti Nagar, Opposite, Shop 308, 1, Nagpur","Shanti Nagar, Opposite","Shanti Nagar, Opposite, Shop 308, 1",2,4,0.6666666666666666,59.9,ACCEPT,
2158,"Airport Road, Opposite, Shop 286, 926, 751359","Airport Road, Opposite, Shop 286","Airport Road, Opposite, Shop 286, 926",3,4,0.9090909090909091,79.3,REVIEW,low_plausibility_and_reference_disagrees
2157,"College Road, Opposite, Shop 275, 889, Bihar","College Road, Opposite, Shop 275","College Road, Opposite, Shop 275, 889",3,4,0.9090909090909091,77.2,ACCEPT,
2156,"Sunrise Towers, Opposite, Shop 264, 852, Kochi","Sunrise Towers, Opposite","Sunrise Towers, Opposite, Shop 264, 852",2,4,0.6666666666666666,55.8,ACCEPT,
2154,"Block C, Opposite, Shop 242, 778, 462355",Block C,"Block C, Opposite, Shop 242, 778",1,4,0.5,31.7,REVIEW,low_plausibility_and_reference_disagrees
2152,"13th Floor, Opposite, Shop 220, 704, Kolkata","13th Floor, Opposite, Shop 220","13th Floor, Opposite, Shop 220, 704",3,4,0.9090909090909091,80.7,ACCEPT,
4070,"Pearl Residency, 600471, Plot 408, 741, Chennai","Pearl Residency, 600471, Plot 408, 741",Pearl Residency,4,1,0.5,44.3,REVIEW,low_plausibility_and_reference_disagrees
4068,"Block E, 560469, Plot 370, 667, 560469","Block E, 560469, Plot 370",Block E,3,1,0.5714285714285714,47.9,REVIEW,low_plausibility_and_reference_disagrees
4067,"Tower D, 400468, Plot 351, 630, Maharashtra","Tower D, 400468",Tower D,2,1,0.8,73.5,REVIEW,low_plausibility_and_reference_disagrees
4065,"Unit 589, 226466, Plot 313, 556, District 16","Unit 589, 226466, Plot 313",Unit 589,3,1,0.5714285714285714,53.7,REVIEW,low_plausibility_and_reference_disagrees
4063,"Office 848, 201764, Plot 275, 482, Uttar Pradesh","Office 848, 201764",Office 848,2,1,0.8,78.0,REVIEW,low_plausibility_and_reference_disagrees
4062,"Shop 272, 122463, Plot 256, 445, Gurugram","Shop 272, 122463, Plot 256",Shop 272,3,1,0.5714285714285714,51.4,REVIEW,low_plausibility_and_reference_disagrees
4061,"752, 110462, Plot 237, 408, District 12","752, 110462, Plot 237, 408",752,4,1,0.3333333333333333,32.3,REVIEW,low_plausibility_and_reference_disagrees
4060,"371, 440461, Plot 218, 371, 440461","371, 440461, Plot 218, 371",371,4,1,0.3333333333333333,25.2,REVIEW,low_plausibility_and_reference_disagrees
4059,"Opposite, Uttarakhand, Plot 199, 334, Uttarakhand","Opposite, Uttarakhand, Plot 199",Opposite,3,1,0.4,48.3,ACCEPT,
4058,"Near, Odisha, Plot 180, 297, Bhubaneswar","Near, Odisha, Plot 180, 297",Near,4,1,0.3333333333333333,34.7,ACCEPT,
4057,"Business Park 8, Bihar, Plot 161, 260, District 8","Business Park 8, Bihar, Plot 161",Business Park 8,3,1,0.6666666666666666,62.0,REVIEW,low_plausibility_and_reference_disagrees
4056,"Industrial Area 7, Kerala, Plot 142, 223, 682457","Industrial Area 7, Kerala, Plot 142",Industrial Area 7,3,1,0.6666666666666666,58.8,ACCEPT,
4055,"Campus 16, Madhya Pradesh, Plot 123, 186, Madhya Pradesh","Campus 16, Madhya Pradesh",Campus 16,2,1,0.6666666666666666,65.0,ACCEPT,
2182,"Plot 500, 815, Office 336, 815, Gurugram",Plot 500,"Plot 500, 815, Office 336, 815",1,4,0.5,39.0,ACCEPT,
2180,"Shop 29, 741, Office 302, 741, 440381",Shop 29,"Shop 29, 741, Office 302, 741",1,4,0.5,34.2,REVIEW,low_plausibility_and_reference_disagrees
2179,"559, 704, Office 285, 704, Uttarakhand","559, 704","559, 704, Office 285, 704",2,4,0.5714285714285714,51.2,ACCEPT,
2178,"Near, Opposite, Shop 7, 667, 751379","Near, Opposite","Near, Opposite, Shop 7, 667",2,4,0.5714285714285714,55.6,REVIEW,low_plausibility_and_reference_disagrees
2172,"Near, Opposite, Shop 440, 445, Kolkata","Near, Opposite","Near, Opposite, Shop 440, 445",2,4,0.5714285714285714,54.5,ACCEPT,
2170,"Tamil Nadu, Opposite, Shop 418, 371, 600371",Tamil Nadu,"Tamil Nadu, Opposite, Shop 418, 371",1,4,0.5,35.8,REVIEW,low_plausibility_and_reference_disagrees
2169,"Hyderabad, Opposite, Shop 407, 334, Telangana","Hyderabad, Opposite, Shop 407","Hyderabad, Opposite, Shop 407, 334",3,4,0.8888888888888888,83.1,ACCEPT,
2198,"Post Shivpur, 408, Office 608, 408, Bhubaneswar","Post Shivpur, 408","Post Shivpur, 408, Office 608, 408",2,4,0.6666666666666666,59.6,ACCEPT,
2195,"Clock Tower, 297, Office 557, 297, Madhya Pradesh","Clock Tower, 297, Office 557","Clock Tower, 297, Office 557, 297",3,4,0.9090909090909091,86.6,ACCEPT,
2194,"Sector 17, 260, Office 540, 260, Bhopal","Sector 17, 260","Sector 17, 260, Office 540, 260",2,4,0.6666666666666666,50.0,ACCEPT,
2191,"Gali 2, 149, Office 489, 149, Gujarat","Gali 2, 149","Gali 2, 149, Office 489, 149",2,4,0.6666666666666666,49.1,ACCEPT,
2188,"Sunrise Towers, 38, Office 438, 38, 560389","Sunrise Towers, 38","Sunrise Towers, 38, Office 438, 38",2,4,0.6666666666666666,53.9,REVIEW,low_plausibility_and_reference_disagrees
2187,"Phase 4, 1, Office 421, 1, Maharashtra","Phase 4, 1, Office 421","Phase 4, 1, Office 421, 1",3,4,0.9090909090909091,88.5,ACCEPT,
2186,"Block C, 963, Office 404, 963, Pune","Block C, 963, Office 404","Block C, 963, Office 404, 963",3,4,0.9090909090909091,73.4,ACCEPT,
2214,"Office 880, 115, Office 880, 1, Madhya Pradesh","Office 880, 115, Office 880","Office 880, 115, Office 880, 1",3,4,0.9090909090909091,90.5,ACCEPT,
2212,"926, 988, Office 846, 926, 700413",926,"926, 988, Office 846, 926",1,4,0.3333333333333333,25.9,REVIEW,low_plausibility_and_reference_disagrees
2211,"Opposite, 889, Office 829, 889, Gujarat","Opposite, 889, Office 829","Opposite, 889, Office 829, 889",3,4,0.8888888888888888,80.0,ACCEPT,
2210,"Near, 852, Office 812, 852, Chennai","Near, 852","Near, 852, Office 812, 852",2,4,0.5714285714285714,46.9,ACCEPT,
2208,"Industrial Area 4, 778, Office 778, 778, 560409","Industrial Area 4, 778, Office 778","Industrial Area 4, 778, Office 778, 778",3,4,0.9230769230769231,79.5,REVIEW,low_plausibility_and_reference_disagrees
2207,"Campus 8, 741, Office 761, 741, Maharashtra","Campus 8, 741, Office 761","Campus 8, 741, Office 761, 741",3,4,0.9090909090909091,84.3,ACCEPT,
2206,"Wing G, 704, Office 744, 704, Pune","Wing G, 704, Office 744","Wing G, 704, Office 744, 704",3,4,0.9090909090909091,73.2,ACCEPT,
2204,"Near, 630, Office 710, 630, 302405",Near,"Near, 630, Office 710, 630",1,4,0.3333333333333333,28.3,REVIEW,low_plausibility_and_reference_disagrees
2203,"201704, 593, Office 693, 593, Uttar Pradesh",201704,"201704, 593, Office 693, 593",1,4,0.3333333333333333,41.7,ACCEPT,
2202,"Haryana, 556, Office 676, 556, Gurugram","Haryana, 556","Haryana, 556, Office 676, 556",2,4,0.5714285714285714,51.7,ACCEPT,
2200,"District 26, 482, Office 642, 482, 440401","District 26, 482, Office 642","District 26, 482, Office 642, 482",3,4,0.9090909090909091,78.8,REVIEW,low_plausibility_and_reference_disagrees
4054,"Wing G, Madhya Pradesh, Plot 104, 149, Bhopal","Wing G, Madhya Pradesh, Plot 104, 149",Wing G,4,1,0.4444444444444444,26.1,ACCEPT,
4052,"Near, West Bengal, Plot 66, 75, 700453","Near, West Bengal",Near,2,1,0.5,55.7,ACCEPT,
4051,"380452, Gujarat, Plot 47, 38, Gujarat","380452, Gujarat",380452,2,1,0.6666666666666666,68.0,ACCEPT,
4050,"Chennai, Tamil Nadu, Plot 28, 1, District 1","Chennai, Tamil Nadu, Plot 28",Chennai,3,1,0.3333333333333333,46.4,REVIEW,low_plausibility_and_reference_disagrees
4046,"Shivpur, Maharashtra, Plot 951, 852, District 72","Shivpur, Maharashtra",Shivpur,2,1,0.6666666666666666,65.0,REVIEW,low_plausibility_and_reference_disagrees
4045,"Sadar Market, Uttar Pradesh, Plot 932, 815, 226446","Sadar Market, Uttar Pradesh, Plot 932",Sadar Market,3,1,0.5,47.1,ACCEPT,
4044,"District Court, Rajasthan, Plot 913, 778, Rajasthan","District Court, Rajasthan, Plot 913",District Court,3,1,0.5714285714285714,55.8,ACCEPT,
4043,"Sector 84, Uttar Pradesh, Plot 894, 741, Noida","Sector 84, Uttar Pradesh, Plot 894, 741",Sector 84,4,1,0.4444444444444444,29.3,REVIEW,low_plausibility_and_reference_disagrees
4042,"Green Park, Haryana, Plot 875, 704, District 68","Green Park, Haryana",Green Park,2,1,0.8,75.8,ACCEPT,
4040,"Gali 21, Maharashtra, Plot 837, 630, Maharashtra","Gali 21, Maharashtra, Plot 837, 630",Gali 21,4,1,0.5,36.3,ACCEPT,
2230,"Kalyanpur, 323, Office 253, 593, Tamil Nadu","Kalyanpur, 323, Office 253","Kalyanpur, 323, Office 253, 593",3,4,0.8888888888888888,83.6,ACCEPT,
2229,"Main Bazaar, 310, Office 236, 556, Hyderabad","Main Bazaar, 310, Office 236","Main Bazaar, 310, Office 236, 556",3,4,0.9090909090909091,83.0,ACCEPT,
2226,"Ashok Vihar, 271, Office 185, 445, Maharashtra",Ashok Vihar,"Ashok Vihar, 271, Office 185, 445",1,4,0.5,46.8,ACCEPT,
2225,"Vijay Nagar, 258, Office 168, 408, Lucknow",Vijay Nagar,"Vijay Nagar, 258, Office 168, 408",1,4,0.5,41.4,ACCEPT,
2223,"Gandhi Marg, 232, Office 134, 334, 201724","Gandhi Marg, 232, Office 134","Gandhi Marg, 232, Office 134, 334",3,4,0.9090909090909091,78.8,REVIEW,low_plausibility_and_reference_disagrees
2222,"Nehru Street, 219, Office 117, 297, Haryana","Nehru Street, 219, Office 117","Nehru Street, 219, Office 117, 297",3,4,0.9090909090909091,80.6,ACCEPT,
2219,"Block D, 180, Office 965, 186, 248420","Block D, 180, Office 965","Block D, 180, Office 965, 186",3,4,0.9090909090909091,78.2,REVIEW,low_plausibility_and_reference_disagrees
2218,"Tower C, 167, Office 948, 149, Odisha","Tower C, 167, Office 948","Tower C, 167, Office 948, 149",3,4,0.9090909090909091,78.2,ACCEPT,
2217,"18th Floor, 154, Office 931, 112, Patna","18th Floor, 154, Office 931","18th Floor, 154, Office 931, 112",3,4,0.9090909090909091,76.6,ACCEPT,
2215,"Plot 128, 128, Office 897, 38, 452416","Plot 128, 128, Office 897","Plot 128, 128, Office 897, 38",3,4,0.9090909090909091,81.1,REVIEW,low_plausibility_and_reference_disagrees
2245,"149, Shop 245, Office 508, 149, Lucknow","149, Shop 245, Office 508","149, Shop 245, Office 508, 149",3,4,0.9090909090909091,80.0,ACCEPT,
2243,"Near, 492, Office 474, 75, 201744",Near,"Near, 492, Office 474, 75",1,4,0.3333333333333333,29.2,REVIEW,low_plausibility_and_reference_disagrees
2242,"Business Park 8, 479, Office 457, 38, Haryana",Business Park 8,"Business Park 8, 479, Office 457, 38",1,4,0.6,46.2,ACCEPT,
2239,"Wing H, 440, Office 406, 926, 248440","Wing H, 440","Wing H, 440, Office 406, 926",2,4,0.6666666666666666,47.3,REVIEW,low_plausibility_and_reference_disagrees
2238,"Building 79, 427, Office 389, 889, Odisha","Building 79, 427, Office 389","Building 79, 427, Office 389, 889",3,4,0.9090909090909091,78.8,ACCEPT,
2234,"Bhopal, 375, Office 321, 741, Madhya Pradesh",Bhopal,"Bhopal, 375, Office 321, 741",1,4,0.3333333333333333,42.6,ACCEPT,
2231,"Post Madhopur, 336, Office 270, 630, 380432","Post Madhopur, 336, Office 270","Post Madhopur, 336, Office 270, 630",3,4,0.9090909090909091,79.0,REVIEW,low_plausibility_and_reference_disagrees
2260,"Sector 83, Shop 410, Office 763, 704, Nagpur","Sector 83, Shop 410","Sector 83, Shop 410, Office 763, 704",2,4,0.7272727272727273,53.3,ACCEPT,
2258,"Krishna Colony, Shop 388, Office 729, 630, 751459","Krishna Colony, Shop 388, Office 729","Krishna Colony, Shop 388, Office 729, 630",3,4,0.9230769230769231,79.7,REVIEW,low_plausibility_and_reference_disagrees
2257,"Gali 8, Shop 377, Office 712, 593, Bihar","Gali 8, Shop 377","Gali 8, Shop 377, Office 712, 593",2,4,0.7272727272727273,49.3,ACCEPT,
2256,"Main Bazaar, Shop 366, Office 695, 556, Kochi","Main Bazaar, Shop 366, Office 695","Main Bazaar, Shop 366, Office 695, 556",3,4,0.9230769230769231,77.3,ACCEPT,
2254,"Pearl Residency, Shop 344, Office 661, 482, 462455","Pearl Residency, Shop 344, Office 661","Pearl Residency, Shop 344, Office 661, 482",3,4,0.9230769230769231,79.8,REVIEW,low_plausibility_and_reference_disagrees
2252,"Block E, Shop 322, Office 627, 408, Kolkata","Block E, Shop 322","Block E, Shop 322, Office 627, 408",2,4,0.7272727272727273,53.9,ACCEPT,
2250,"11th Floor, Shop 300, Office 593, 334, 600451","11th Floor, Shop 300","11th Floor, Shop 300, Office 593, 334",2,4,0.7272727272727273,53.8,REVIEW,low_plausibility_and_reference_disagrees
2249,"Unit 779, Shop 289, Office 576, 297, Telangana","Unit 779, Shop 289","Unit 779, Shop 289, Office 576, 297",2,4,0.7272727272727273,57.7,ACCEPT,
2248,"Plot 755, Shop 278, Office 559, 260, Bengaluru","Plot 755, Shop 278, Office 559","Plot 755, Shop 278, Office 559, 260",3,4,0.9230769230769231,83.2,ACCEPT,
4038,"Airport Road, Odisha, Plot 799, 556, District 64","Airport Road, Odisha",Airport Road,2,1,0.8,79.4,ACCEPT,
4037,"Lake View Homes, Bihar, Plot 780, 519, 800438","Lake View Homes, Bihar",Lake View Homes,2,1,0.8571428571428571,82.1,REVIEW,low_plausibility_and_reference_disagrees
4036,"Phase 5, Kerala, Plot 761, 482, Kerala","Phase 5, Kerala, Plot 761",Phase 5,3,1,0.5714285714285714,47.9,ACCEPT,
4035,"Block D, Madhya Pradesh, Plot 742, 445, Indore","Block D, Madhya Pradesh, Plot 742",Block D,3,1,0.5,39.7,ACCEPT,
4034,"Tower C, Madhya Pradesh, Plot 723, 408, District 60","Tower C, Madhya Pradesh",Tower C,2,1,0.6666666666666666,60.9,ACCEPT,
4032,"Unit 829, West Bengal, Plot 685, 334, West Bengal","Unit 829, West Bengal",Unit 829,2,1,0.6666666666666666,66.7,ACCEPT,
4031,"Plot 666, Gujarat, Plot 666, 297, Ahmedabad","Plot 666, Gujarat, Plot 666",Plot 666,3,1,0.5714285714285714,51.0,ACCEPT,
4030,"Office 287, Tamil Nadu, Plot 647, 260, District 56","Office 287, Tamil Nadu, Plot 647, 260",Office 287,4,1,0.4444444444444444,41.2,ACCEPT,
4029,"Shop 408, Telangana, Plot 628, 223, 500430","Shop 408, Telangana, Plot 628",Shop 408,3,1,0.5714285714285714,46.0,ACCEPT,
4028,"323, Karnataka, Plot 609, 186, Karnataka","323, Karnataka, Plot 609, 186",323,4,1,0.3333333333333333,27.7,ACCEPT,
4027,"149, Maharashtra, Plot 590, 149, Mumbai","149, Maharashtra",149,2,1,0.6666666666666666,53.3,ACCEPT,
4026,"Opposite, Pune, Plot 571, 112, District 52","Opposite, Pune, Plot 571",Opposite,3,1,0.4,56.2,ACCEPT,
4025,"Near, Lucknow, Plot 552, 75, 226426","Near, Lucknow, Plot 552, 75",Near,4,1,0.3333333333333333,27.6,ACCEPT,
2278,"371, Plot 326, Office 170, 371, Bhubaneswar",371,"371, Plot 326, Office 170, 371",1,4,0.2857142857142857,29.5,ACCEPT,
2277,"Opposite, Shop 98, Office 153, 334, Bihar","Opposite, Shop 98, Office 153","Opposite, Shop 98, Office 153, 334",3,4,0.9090909090909091,76.8,ACCEPT,
2276,"Near, Shop 87, Office 136, 297, Kochi","Near, Shop 87, Office 136","Near, Shop 87, Office 136, 297",3,4,0.9090909090909091,76.2,ACCEPT,
2274,"Industrial Area 10, Shop 65, Office 102, 223, 462475","Industrial Area 10, Shop 65, Office 102","Industrial Area 10, Shop 65, Office 102, 223",3,4,0.9333333333333333,79.9,REVIEW,low_plausibility_and_reference_disagrees
2272,"Wing A, Shop 43, Office 967, 149, Kolkata",Wing A,"Wing A, Shop 43, Office 967, 149",1,4,0.4444444444444444,30.9,ACCEPT,
2270,"Behind, Shop 21, Office 933, 75, 600471","Behind, Shop 21","Behind, Shop 21, Office 933, 75",2,4,0.6666666666666666,52.0,REVIEW,low_plausibility_and_reference_disagrees
2269,"500470, Shop 10, Office 916, 38, Telangana","500470, Shop 10, Office 916","500470, Shop 10, Office 916, 38",3,4,0.9090909090909091,85.2,ACCEPT,
2268,"Karnataka, Shop 498, Office 899, 1, Bengaluru","Karnataka, Shop 498","Karnataka, Shop 498, Office 899, 1",2,4,0.6666666666666666,60.8,ACCEPT,
2266,"District 17, Shop 476, Office 865, 926, 411467","District 17, Shop 476, Office 865","District 17, Shop 476, Office 865, 926",3,4,0.9230769230769231,79.4,REVIEW,low_plausibility_and_reference_disagrees
2265,"Tehsil 16, Shop 465, Office 848, 889, Uttar Pradesh","Tehsil 16, Shop 465, Office 848","Tehsil 16, Shop 465, Office 848, 889",3,4,0.9230769230769231,86.5,ACCEPT,
2294,"Municipal Park, Plot 630, Office 442, 963, Madhya Pradesh","Municipal Park, Plot 630","Municipal Park, Plot 630, Office 442, 963",2,4,0.7272727272727273,66.0,ACCEPT,
2291,"Gandhi Nagar, Plot 573, Office 391, 852, 380492","Gandhi Nagar, Plot 573","Gandhi Nagar, Plot 573, Office 391, 852",2,4,0.7272727272727273,54.7,REVIEW,low_plausibility_and_reference_disagrees
2290,"Gali 11, Plot 554, Office 374, 815, Tamil Nadu","Gali 11, Plot 554, Office 374","Gali 11, Plot 554, Office 374, 815",3,4,0.9230769230769231,84.0,ACCEPT,
2287,"Maple Heights, Plot 497, Office 323, 704, 400488","Maple Heights, Plot 497, Office 323","Maple Heights, Plot 497, Office 323, 704",3,4,0.9230769230769231,79.6,REVIEW,low_plausibility_and_reference_disagrees
2286,"Phase 1, Plot 478, Office 306, 667, Maharashtra","Phase 1, Plot 478","Phase 1, Plot 478, Office 306, 667",2,4,0.7272727272727273,59.6,ACCEPT,
2282,"Unit 539, Plot 402, Office 238, 519, Haryana","Unit 539, Plot 402","Unit 539, Plot 402, Office 238, 519",2,4,0.7272727272727273,54.5,ACCEPT,
2280,"Shop 131, Plot 364, Office 204, 445, 440481","Shop 131, Plot 364","Shop 131, Plot 364, Office 204, 445",2,4,0.7272727272727273,52.7,REVIEW,low_plausibility_and_reference_disagrees
4022,"Campus 3, Gurugram, Plot 495, 963, District 48","Campus 3, Gurugram, Plot 495",Campus 3,3,1,0.5714285714285714,51.4,ACCEPT,
4020,"Building 21, Nagpur, Plot 457, 889, Maharashtra","Building 21, Nagpur, Plot 457, 889",Building 21,4,1,0.5,45.8,ACCEPT,
4019,"Beside, Dehradun, Plot 438, 852, Dehradun","Beside, Dehradun",Beside,2,1,0.6666666666666666,67.1,ACCEPT,
4018,"751419, Bhubaneswar, Plot 419, 815, District 44","751419, Bhubaneswar",751419,2,1,0.6666666666666666,63.1,ACCEPT,
4017,"Bihar, Patna, Plot 400, 778, 800418","Bihar, Patna, Plot 400",Bihar,3,1,0.4,45.1,REVIEW,low_plausibility_and_reference_disagrees
4016,"District 42, Kochi, Plot 381, 741, Kochi","District 42, Kochi, Plot 381, 741",District 42,4,1,0.5,37.7,ACCEPT,
4015,"Tehsil 16, Indore, Plot 362, 704, District 41","Tehsil 16, Indore",Tehsil 16,2,1,0.8,76.4,ACCEPT,
4012,"New Market, Kolkata, Plot 305, 593, Kolkata","New Market, Kolkata, Plot 305, 593",New Market,4,1,0.5,38.3,ACCEPT,
4011,"Clock Tower, Ahmedabad, Plot 286, 556, District 37","Clock Tower, Ahmedabad, Plot 286",Clock Tower,3,1,0.5714285714285714,54.3,ACCEPT,
4010,"Sector 51, Chennai, Plot 267, 519, 600411","Sector 51, Chennai, Plot 267",Sector 51,3,1,0.5714285714285714,49.7,REVIEW,low_plausibility_and_reference_disagrees
4008,"Krishna Colony, Bengaluru, Plot 229, 445, Bengaluru","Krishna Colony, Bengaluru, Plot 229, 445",Krishna Colony,4,1,0.5,43.7,REVIEW,low_plausibility_and_reference_disagrees
4007,"Gali 18, Mumbai, Plot 210, 408, District 33","Gali 18, Mumbai, Plot 210",Gali 18,3,1,0.5714285714285714,52.1,ACCEPT,
2310,"Opposite, Plot 934, Office 714, 556, Tamil Nadu","Opposite, Plot 934, Office 714","Opposite, Plot 934, Office 714, 556",3,4,0.9090909090909091,84.2,ACCEPT,
2307,"Industrial Area 13, Plot 877, Office 663, 445, 400508","Industrial Area 13, Plot 877","Industrial Area 13, Plot 877, Office 663, 445",2,4,0.7692307692307693,57.0,REVIEW,low_plausibility_and_reference_disagrees
2306,"Campus 7, Plot 858, Office 646, 408, Maharashtra",Campus 7,"Campus 7, Plot 858, Office 646, 408",1,4,0.4444444444444444,38.5,ACCEPT,
2305,"Wing B, Plot 839, Office 629, 371, Lucknow","Wing B, Plot 839","Wing B, Plot 839, Office 629, 371",2,4,0.7272727272727273,53.3,ACCEPT,
2303,"Beside, Plot 801, Office 595, 297, 201804",Beside,"Beside, Plot 801, Office 595, 297",1,4,0.2857142857142857,28.6,REVIEW,low_plausibility_and_reference_disagrees
2302,"122503, Plot 782, Office 578, 260, Haryana","122503, Plot 782, Office 578","122503, Plot 782, Office 578, 260",3,4,0.9090909090909091,80.5,ACCEPT,
2299,"District 50, Plot 725, Office 527, 149, 248500","District 50, Plot 725, Office 527","District 50, Plot 725, Office 527, 149",3,4,0.9230769230769231,79.4,REVIEW,low_plausibility_and_reference_disagrees
2298,"Tehsil 49, Plot 706, Office 510, 112, Odisha","Tehsil 49, Plot 706, Office 510","Tehsil 49, Plot 706, Office 510, 112",3,4,0.9230769230769231,79.2,ACCEPT,
2295,"Sadar Market, Plot 649, Office 459, 1, 452496","Sadar Market, Plot 649, Office 459","Sadar Market, Plot 649, Office 459, 1",3,4,0.9230769230769231,84.9,REVIEW,low_plausibility_and_reference_disagrees
2326,"Sector 50, Unit 552, Office 986, 149, 411527","Sector 50, Unit 552, Office 986","Sector 50, Unit 552, Office 986, 149",3,4,0.9230769230769231,79.2,REVIEW,low_plausibility_and_reference_disagrees
2324,"Laxmi Enclave, Unit 506, Office 952, 75, Jaipur","Laxmi Enclave, Unit 506, Office 952","Laxmi Enclave, Unit 506, Office 952, 75",3,4,0.9230769230769231,82.1,ACCEPT,
2322,"Nehru Street, Unit 460, Office 918, 1, 122523","Nehru Street, Unit 460","Nehru Street, Unit 460, Office 918, 1",2,4,0.7272727272727273,57.2,REVIEW,low_plausibility_and_reference_disagrees
2320,"Green Residency, Unit 414, Office 884, 926, Nagpur","Green Residency, Unit 414, Office 884","Green Residency, Unit 414, Office 884, 926",3,4,0.9230769230769231,79.8,ACCEPT,
2317,"Tower F, Unit 345, Office 833, 815, Bihar","Tower F, Unit 345","Tower F, Unit 345, Office 833, 815",2,4,0.7272727272727273,50.0,ACCEPT,
2316,"17th Floor, Unit 322, Office 816, 778, Kochi","17th Floor, Unit 322","17th Floor, Unit 322, Office 816, 778",2,4,0.7272727272727273,51.7,ACCEPT,
2315,"Plot 30, Unit 299, Office 799, 741, 452516",Plot 30,"Plot 30, Unit 299, Office 799, 741",1,4,0.4444444444444444,30.2,REVIEW,low_plausibility_and_reference_disagrees
2314,"Office 782, Unit 276, Office 782, 704, Madhya Pradesh","Office 782, Unit 276, Office 782","Office 782, Unit 276, Office 782, 704",3,4,0.9230769230769231,87.1,ACCEPT,
2342,"Near, Unit 920, Office 359, 741, 122543",Near,"Near, Unit 920, Office 359, 741",1,4,0.2857142857142857,24.8,REVIEW,low_plausibility_and_reference_disagrees
2340,"Industrial Area 1, Unit 874, Office 325, 667, Nagpur","Industrial Area 1, Unit 874, Office 325","Industrial Area 1, Unit 874, Office 325, 667",3,4,0.9333333333333333,79.9,ACCEPT,
2338,"Wing C, Unit 828, Office 291, 593, 751539","Wing C, Unit 828, Office 291","Wing C, Unit 828, Office 291, 593",3,4,0.9230769230769231,78.8,REVIEW,low_plausibility_and_reference_disagrees
2337,"Building 18, Unit 805, Office 274, 556, Bihar","Building 18, Unit 805","Building 18, Unit 805, Office 274, 556",2,4,0.7272727272727273,52.2,ACCEPT,
2334,"Madhya Pradesh, Unit 736, Office 223, 445, 462535",Madhya Pradesh,"Madhya Pradesh, Unit 736, Office 223, 445",1,4,0.4444444444444444,38.4,REVIEW,low_plausibility_and_reference_disagrees
2332,"District 8, Unit 690, Office 189, 371, Kolkata","District 8, Unit 690, Office 189","District 8, Unit 690, Office 189, 371",3,4,0.9230769230769231,80.9,ACCEPT,
2330,"Post Shivpur, Unit 644, Office 155, 297, 600531","Post Shivpur, Unit 644","Post Shivpur, Unit 644, Office 155, 297",2,4,0.7272727272727273,54.7,REVIEW,low_plausibility_and_reference_disagrees
2329,"Lakshmipur, Unit 621, Office 138, 260, Telangana",Lakshmipur,"Lakshmipur, Unit 621, Office 138, 260",1,4,0.2857142857142857,38.8,ACCEPT,
2328,"City Centre, Unit 598, Office 121, 223, Bengaluru","City Centre, Unit 598, Office 121","City Centre, Unit 598, Office 121, 223",3,4,0.9230769230769231,83.6,ACCEPT,
4006,"Main Bazaar, Pune, Plot 191, 371, 411407","Main Bazaar, Pune, Plot 191",Main Bazaar,3,1,0.5714285714285714,56.1,ACCEPT,
4005,"Park Road, Lucknow, Plot 172, 334, Uttar Pradesh","Park Road, Lucknow, Plot 172",Park Road,3,1,0.5714285714285714,55.3,ACCEPT,
4002,"Block C, Gurugram, Plot 115, 223, 122403","Block C, Gurugram",Block C,2,1,0.8,68.4,ACCEPT,
4000,"1th Floor, Nagpur, Plot 77, 149, Nagpur","1th Floor, Nagpur, Plot 77",1th Floor,3,1,0.5714285714285714,52.2,ACCEPT,
3999,"Unit 70, Dehradun, Plot 58, 112, District 25","Unit 70, Dehradun",Unit 70,2,1,0.8,69.5,ACCEPT,
3998,"Plot 39, Bhubaneswar, Plot 39, 75, 751399","Plot 39, Bhubaneswar, Plot 39",Plot 39,3,1,0.5714285714285714,42.3,ACCEPT,
3997,"Office 625, Patna, Plot 20, 38, Bihar","Office 625, Patna, Plot 20",Office 625,3,1,0.5714285714285714,52.6,ACCEPT,
3996,"Shop 45, Kochi, Plot 1, 1, Kochi","Shop 45, Kochi, Plot 1",Shop 45,3,1,0.5714285714285714,48.3,ACCEPT,
3995,"793, Indore, Plot 981, 963, District 21","793, Indore, Plot 981, 963",793,4,1,0.3333333333333333,32.3,ACCEPT,
2357,"Saket Extension, 18th Floor, Office 614, 297, 800558","Saket Extension, 18th Floor, Office 614","Saket Extension, 18th Floor, Office 614, 297",3,4,0.9230769230769231,79.9,REVIEW,low_plausibility_and_reference_disagrees
2356,"Gali 17, 17th Floor, Office 597, 260, Kerala","Gali 17, 17th Floor","Gali 17, 17th Floor, Office 597, 260",2,4,0.7272727272727273,53.3,ACCEPT,
2355,"Park Road, 16th Floor, Office 580, 223, Indore",Park Road,"Park Road, 16th Floor, Office 580, 223",1,4,0.4444444444444444,31.6,ACCEPT,
2353,"Lotus Heights, 14th Floor, Office 546, 149, 160554","Lotus Heights, 14th Floor","Lotus Heights, 14th Floor, Office 546, 149",2,4,0.7272727272727273,56.0,REVIEW,low_plausibility_and_reference_disagrees
2352,"Phase 1, 13th Floor, Office 529, 112, West Bengal","Phase 1, 13th Floor","Phase 1, 13th Floor, Office 529, 112",2,4,0.7272727272727273,60.7,ACCEPT,
2351,"Block H, 12th Floor, Office 512, 75, Ahmedabad","Block H, 12th Floor, Office 512","Block H, 12th Floor, Office 512, 75",3,4,0.9230769230769231,85.6,ACCEPT,
2349,"Unit 82, 10th Floor, Office 478, 1, Telangana","Unit 82, 10th Floor, Office 478","Unit 82, 10th Floor, Office 478, 1",3,4,0.9230769230769231,88.1,ACCEPT,
2348,"Plot 657, 9th Floor, Office 461, 963, Bengaluru","Plot 657, 9th Floor","Plot 657, 9th Floor, Office 461, 963",2,4,0.7272727272727273,58.2,ACCEPT,
2345,"919, 6th Floor, Office 410, 852, Uttar Pradesh","919, 6th Floor","919, 6th Floor, Office 410, 852",2,4,0.6666666666666666,59.5,ACCEPT,
2373,"Industrial Area 4, 14th Floor, Office 886, 889, 160574","Industrial Area 4, 14th Floor","Industrial Area 4, 14th Floor, Office 886, 889",2,4,0.7692307692307693,57.3,REVIEW,low_plausibility_and_reference_disagrees
2372,"Campus 13, 13th Floor, Office 869, 852, West Bengal",Campus 13,"Campus 13, 13th Floor, Office 869, 852",1,4,0.4444444444444444,38.4,ACCEPT,
2371,"Wing D, 12th Floor, Office 852, 815, Ahmedabad","Wing D, 12th Floor, Office 852","Wing D, 12th Floor, Office 852, 815",3,4,0.9230769230769231,83.2,ACCEPT,
2369,"Opposite, 10th Floor, Office 818, 741, 500570",Opposite,"Opposite, 10th Floor, Office 818, 741",1,4,0.2857142857142857,30.3,REVIEW,low_plausibility_and_reference_disagrees
2368,"560569, 9th Floor, Office 801, 704, Karnataka","560569, 9th Floor","560569, 9th Floor, Office 801, 704",2,4,0.6666666666666666,57.1,ACCEPT,
2367,"Maharashtra, 8th Floor, Office 784, 667, Mumbai","Maharashtra, 8th Floor, Office 784","Maharashtra, 8th Floor, Office 784, 667",3,4,0.9090909090909091,79.5,ACCEPT,
2365,"District 41, 6th Floor, Office 750, 593, 226566","District 41, 6th Floor","District 41, 6th Floor, Office 750, 593",2,4,0.7272727272727273,54.7,REVIEW,low_plausibility_and_reference_disagrees
2364,"Tehsil 15, 5th Floor, Office 733, 556, Rajasthan","Tehsil 15, 5th Floor, Office 733","Tehsil 15, 5th Floor, Office 733, 556",3,4,0.9230769230769231,83.4,ACCEPT,
2363,"Post Madhopur, 4th Floor, Office 716, 519, Noida",Post Madhopur,"Post Madhopur, 4th Floor, Office 716, 519",1,4,0.4444444444444444,35.0,ACCEPT,
2361,"Gandhi Market, 2th Floor, Office 682, 445, 110562","Gandhi Market, 2th Floor, Office 682","Gandhi Market, 2th Floor, Office 682, 445",3,4,0.9230769230769231,79.7,REVIEW,low_plausibility_and_reference_disagrees
2360,"Central Mall, 1th Floor, Office 665, 408, Maharashtra","Central Mall, 1th Floor, Office 665","Central Mall, 1th Floor, Office 665, 408",3,4,0.9230769230769231,85.5,ACCEPT,
2359,"Sector 83, 20th Floor, Office 648, 371, Dehradun","Sector 83, 20th Floor, Office 648","Sector 83, 20th Floor, Office 648, 371",3,4,0.9230769230769231,82.4,ACCEPT,
2390,"Shanti Nagar, Tower G, Office 276, 519, Chennai","Shanti Nagar, Tower G, Office 276","Shanti Nagar, Tower G, Office 276, 519",3,4,0.9230769230769231,81.1,ACCEPT,
2387,"College Road, Tower D, Office 225, 408, Maharashtra",College Road,"College Road, Tower D, Office 225, 408",1,4,0.4444444444444444,44.2,ACCEPT,
2386,"Shivam Apartments, Tower C, Office 208, 371, Pune","Shivam Apartments, Tower C","Shivam Apartments, Tower C, Office 208, 371",2,4,0.7272727272727273,51.8,ACCEPT,
2384,"Block A, Tower A, Office 174, 297, 302585","Block A, Tower A, Office 174","Block A, Tower A, Office 174, 297",3,4,0.9230769230769231,78.8,REVIEW,low_plausibility_and_reference_disagrees
2383,"4th Floor, Tower H, Office 157, 260, Noida","4th Floor, Tower H","4th Floor, Tower H, Office 157, 260",2,4,0.7272727272727273,50.6,ACCEPT,
2380,"Office 106, Tower E, Office 106, 149, Maharashtra",Office 106,"Office 106, Tower E, Office 106, 149",1,4,0.4444444444444444,42.0,ACCEPT,
2379,"Shop 222, Tower D, Office 988, 112, Dehradun",Shop 222,"Shop 222, Tower D, Office 988, 112",1,4,0.4444444444444444,35.6,ACCEPT,
2377,"38, Tower B, Office 954, 38, 800578","38, Tower B, Office 954","38, Tower B, Office 954, 38",3,4,0.9090909090909091,80.7,REVIEW,low_plausibility_and_reference_disagrees
2375,"Near, 16th Floor, Office 920, 963, Indore",Near,"Near, 16th Floor, Office 920, 963",1,4,0.2857142857142857,23.6,ACCEPT,
3960,"Opposite, Tehsil 11, Plot 316, 667, District 61","Opposite, Tehsil 11",Opposite,2,1,0.5,69.7,ACCEPT,
3959,"Near, Tehsil 10, Plot 297, 630, 248360","Near, Tehsil 10",Near,2,1,0.5,59.7,ACCEPT,
3956,"Campus 17, Tehsil 7, Plot 240, 519, District 57","Campus 17, Tehsil 7, Plot 240",Campus 17,3,1,0.5,52.9,ACCEPT,
3955,"Wing D, Tehsil 6, Plot 221, 482, 452356","Wing D, Tehsil 6",Wing D,2,1,0.6666666666666666,66.4,ACCEPT,
3954,"Building 35, Tehsil 5, Plot 202, 445, Madhya Pradesh","Building 35, Tehsil 5, Plot 202, 445",Building 35,4,1,0.4444444444444444,47.0,ACCEPT,
3953,"Opposite, Tehsil 4, Plot 183, 408, Chandigarh","Opposite, Tehsil 4",Opposite,2,1,0.5,71.2,ACCEPT,
3952,"700353, Tehsil 3, Plot 164, 371, District 53","700353, Tehsil 3, Plot 164",700353,3,1,0.3333333333333333,48.0,ACCEPT,
3951,"Gujarat, Tehsil 2, Plot 145, 334, 380352","Gujarat, Tehsil 2, Plot 145",Gujarat,3,1,0.3333333333333333,45.5,ACCEPT,
3950,"Chennai, Tehsil 1, Plot 126, 297, Tamil Nadu","Chennai, Tehsil 1, Plot 126",Chennai,3,1,0.3333333333333333,49.1,ACCEPT,
3949,"District 50, Tehsil 50, Plot 107, 260, Hyderabad","District 50, Tehsil 50",District 50,2,1,0.6666666666666666,73.0,REVIEW,low_plausibility_and_reference_disagrees
3948,"Post Rampur, Tehsil 49, Plot 88, 223, 560349","Post Rampur, Tehsil 49, Plot 88",Post Rampur,3,1,0.5,51.1,ACCEPT,
3947,"Madhopur, Tehsil 48, Plot 69, 186, Maharashtra","Madhopur, Tehsil 48, Plot 69",Madhopur,3,1,0.3333333333333333,51.4,ACCEPT,
3945,"City Hospital, Tehsil 46, Plot 31, 112, District 46","City Hospital, Tehsil 46",City Hospital,2,1,0.6666666666666666,75.1,ACCEPT,
3944,"Sector 84, Tehsil 45, Plot 12, 75, 302345","Sector 84, Tehsil 45, Plot 12",Sector 84,3,1,0.5,47.5,ACCEPT,
3943,"Rajendra Nagar, Tehsil 44, Plot 992, 38, Uttar Pradesh","Rajendra Nagar, Tehsil 44, Plot 992",Rajendra Nagar,3,1,0.5,58.0,ACCEPT,
2406,"Industrial Area 7, Tower G, Office 548, 112, Pune","Industrial Area 7, Tower G, Office 548","Industrial Area 7, Tower G, Office 548, 112",3,4,0.9333333333333333,75.1,ACCEPT,
2404,"Wing E, Tower E, Office 514, 38, 302605","Wing E, Tower E","Wing E, Tower E, Office 514, 38",2,4,0.7272727272727273,52.0,REVIEW,low_plausibility_and_reference_disagrees
2402,"Behind, Tower C, Office 480, 963, Gurugram","Behind, Tower C, Office 480","Behind, Tower C, Office 480, 963",3,4,0.9090909090909091,81.7,ACCEPT,
2399,"Dehradun, Tower H, Office 429, 852, Uttarakhand","Dehradun, Tower H","Dehradun, Tower H, Office 429, 852",2,4,0.6666666666666666,59.6,ACCEPT,
2398,"District 74, Tower G, Office 412, 815, Bhubaneswar","District 74, Tower G","District 74, Tower G, Office 412, 815",2,4,0.7272727272727273,61.3,ACCEPT,
2394,"Main Bazaar, Tower C, Office 344, 667, Bhopal","Main Bazaar, Tower C","Main Bazaar, Tower C, Office 344, 667",2,4,0.7272727272727273,53.8,ACCEPT,
2391,"Gandhi Nagar, Tower H, Office 293, 556, Gujarat","Gandhi Nagar, Tower H","Gandhi Nagar, Tower H, Office 293, 556",2,4,0.7272727272727273,56.1,ACCEPT,
2422,"Gali 23, Block G, Office 820, 704, Haryana","Gali 23, Block G, Office 820","Gali 23, Block G, Office 820, 704",3,4,0.9230769230769231,80.5,ACCEPT,
2419,"Royal Enclave, Block D, Office 769, 593, 248620","Royal Enclave, Block D","Royal Enclave, Block D, Office 769, 593",2,4,0.7272727272727273,54.7,REVIEW,low_plausibility_and_reference_disagrees
2418,"Phase 1, Block C, Office 752, 556, Odisha","Phase 1, Block C","Phase 1, Block C, Office 752, 556",2,4,0.7272727272727273,51.4,ACCEPT,
2416,"17th Floor, Block A, Office 718, 482, 682617","17th Floor, Block A","17th Floor, Block A, Office 718, 482",2,4,0.7272727272727273,53.3,REVIEW,low_plausibility_and_reference_disagrees
2415,"Unit 601, Block H, Office 701, 445, Madhya Pradesh",Unit 601,"Unit 601, Block H, Office 701, 445",1,4,0.4444444444444444,42.3,ACCEPT,
2414,"Plot 912, Block G, Office 684, 408, Bhopal","Plot 912, Block G, Office 684","Plot 912, Block G, Office 684, 408",3,4,0.9230769230769231,78.9,ACCEPT,
2412,"Shop 86, Block E, Office 650, 334, 700613","Shop 86, Block E","Shop 86, Block E, Office 650, 334",2,4,0.7272727272727273,51.4,REVIEW,low_plausibility_and_reference_disagrees
2411,"878, Block D, Office 633, 297, Gujarat","878, Block D","878, Block D, Office 633, 297",2,4,0.6666666666666666,50.1,ACCEPT,
2410,"260, Block C, Office 616, 260, Chennai","260, Block C","260, Block C, Office 616, 260",2,4,0.6666666666666666,50.1,ACCEPT,
2408,"Near, Tower A, Office 582, 186, 560609","Near, Tower A","Near, Tower A, Office 582, 186",2,4,0.6666666666666666,49.1,REVIEW,low_plausibility_and_reference_disagrees
2407,"Business Park 8, Tower H, Office 565, 149, Maharashtra","Business Park 8, Tower H","Business Park 8, Tower H, Office 565, 149",2,4,0.7692307692307693,63.1,ACCEPT,
2437,"Wing F, Block F, Office 176, 260, Patna","Wing F, Block F","Wing F, Block F, Office 176, 260",2,4,0.7272727272727273,48.6,ACCEPT,
2435,"Beside, Block D, Office 142, 186, 452636",Beside,"Beside, Block D, Office 142, 186",1,4,0.2857142857142857,29.3,REVIEW,low_plausibility_and_reference_disagrees
2434,"462635, Block C, Office 125, 149, Madhya Pradesh","462635, Block C, Office 125","462635, Block C, Office 125, 149",3,4,0.9090909090909091,86.5,ACCEPT,
2431,"District 32, Block H, Office 973, 38, 380632",District 32,"District 32, Block H, Office 973, 38",1,4,0.4444444444444444,37.0,REVIEW,low_plausibility_and_reference_disagrees
2430,"Tehsil 31, Block G, Office 956, 1, Tamil Nadu","Tehsil 31, Block G, Office 956","Tehsil 31, Block G, Office 956, 1",3,4,0.9230769230769231,88.7,ACCEPT,
2429,"Post Madhopur, Block F, Office 939, 963, Hyderabad","Post Madhopur, Block F","Post Madhopur, Block F, Office 939, 963",2,4,0.7272727272727273,59.7,ACCEPT,
2426,"Metro Station, Block C, Office 888, 852, Maharashtra","Metro Station, Block C","Metro Station, Block C, Office 888, 852",2,4,0.7272727272727273,62.2,ACCEPT,
2425,"Sector 50, Block B, Office 871, 815, Lucknow","Sector 50, Block B","Sector 50, Block B, Office 871, 815",2,4,0.7272727272727273,54.5,ACCEPT,
2423,"Rajendra Nagar, Block H, Office 837, 741, 201924","Rajendra Nagar, Block H, Office 837","Rajendra Nagar, Block H, Office 837, 741",3,4,0.9230769230769231,79.6,REVIEW,low_plausibility_and_reference_disagrees
2454,"Ring Road, Phase 1, Office 465, 889, 462655",Ring Road,"Ring Road, Phase 1, Office 465, 889",1,4,0.4444444444444444,33.8,REVIEW,low_plausibility_and_reference_disagrees
2452,"Sunrise Towers, Phase 5, Office 431, 815, Kolkata",Sunrise Towers,"Sunrise Towers, Phase 5, Office 431, 815",1,4,0.4444444444444444,40.8,ACCEPT,
2450,"Tower C, Phase 3, Office 397, 741, Tamil Nadu","Tower C, Phase 3","Tower C, Phase 3, Office 397, 741",2,4,0.7272727272727273,57.7,ACCEPT,
2449,"10th Floor, Phase 2, Office 380, 704, Hyderabad","10th Floor, Phase 2","10th Floor, Phase 2, Office 380, 704",2,4,0.7272727272727273,58.2,ACCEPT,
2446,"Office 329, Phase 5, Office 329, 593, Maharashtra","Office 329, Phase 5","Office 329, Phase 5, Office 329, 593",2,4,0.7272727272727273,60.7,ACCEPT,
2443,"482, Phase 2, Office 278, 482, 201944","482, Phase 2, Office 278","482, Phase 2, Office 278, 482",3,4,0.9090909090909091,78.2,REVIEW,low_plausibility_and_reference_disagrees
2442,"Opposite, Block C, Office 261, 445, Haryana","Opposite, Block C","Opposite, Block C, Office 261, 445",2,4,0.6666666666666666,53.9,ACCEPT,
2439,"Industrial Area 10, Block H, Office 210, 334, 248640","Industrial Area 10, Block H","Industrial Area 10, Block H, Office 210, 334",2,4,0.7692307692307693,56.7,REVIEW,low_plausibility_and_reference_disagrees
3942,"Green Park, Tehsil 43, Plot 973, 1, Gurugram","Green Park, Tehsil 43, Plot 973, 1",Green Park,4,1,0.4444444444444444,39.9,ACCEPT,
3940,"MG Road, Tehsil 41, Plot 935, 926, 440341","MG Road, Tehsil 41, Plot 935",MG Road,3,1,0.5,44.5,ACCEPT,
3938,"Shivam Apartments, Tehsil 39, Plot 897, 852, Bhubaneswar","Shivam Apartments, Tehsil 39, Plot 897, 852",Shivam Apartments,4,1,0.4444444444444444,48.6,ACCEPT,
3937,"Phase 2, Tehsil 38, Plot 878, 815, District 38","Phase 2, Tehsil 38",Phase 2,2,1,0.6666666666666666,68.1,ACCEPT,
3936,"Block A, Tehsil 37, Plot 859, 778, 682337","Block A, Tehsil 37, Plot 859",Block A,3,1,0.5,44.5,ACCEPT,
3935,"Tower H, Tehsil 36, Plot 840, 741, Madhya Pradesh","Tower H, Tehsil 36",Tower H,2,1,0.6666666666666666,68.8,ACCEPT,
3934,"15th Floor, Tehsil 35, Plot 821, 704, Bhopal","15th Floor, Tehsil 35, Plot 821",15th Floor,3,1,0.5,48.8,ACCEPT,
3933,"Unit 550, Tehsil 34, Plot 802, 667, District 34","Unit 550, Tehsil 34, Plot 802",Unit 550,3,1,0.5,50.3,ACCEPT,
3932,"Plot 783, Tehsil 33, Plot 783, 630, 700333","Plot 783, Tehsil 33, Plot 783",Plot 783,3,1,0.5,46.0,ACCEPT,
3931,"Office 402, Tehsil 32, Plot 764, 593, Gujarat","Office 402, Tehsil 32",Office 402,2,1,0.6666666666666666,71.2,ACCEPT,
3930,"Shop 317, Tehsil 31, Plot 745, 556, Chennai","Shop 317, Tehsil 31, Plot 745",Shop 317,3,1,0.5,47.0,ACCEPT,
3928,"482, Tehsil 29, Plot 707, 482, 560329","482, Tehsil 29, Plot 707, 482",482,4,1,0.2857142857142857,23.2,ACCEPT,
3927,"Opposite, Post Rajapur, Plot 688, 445, Maharashtra","Opposite, Post Rajapur, Plot 688",Opposite,3,1,0.3333333333333333,47.4,ACCEPT,
2470,"Wing G, Phase 5, Office 737, 482, 600671","Wing G, Phase 5, Office 737","Wing G, Phase 5, Office 737, 482",3,4,0.9230769230769231,78.6,REVIEW,low_plausibility_and_reference_disagrees
2469,"Building 70, Phase 4, Office 720, 445, Telangana",Building 70,"Building 70, Phase 4, Office 720, 445",1,4,0.4444444444444444,40.7,ACCEPT,
2468,"Near, Phase 3, Office 703, 408, Bengaluru","Near, Phase 3, Office 703","Near, Phase 3, Office 703, 408",3,4,0.9090909090909091,82.5,ACCEPT,
2466,"Maharashtra, Phase 1, Office 669, 334, 411667","Maharashtra, Phase 1, Office 669","Maharashtra, Phase 1, Office 669, 334",3,4,0.9090909090909091,79.3,REVIEW,low_plausibility_and_reference_disagrees
2464,"District 65, Phase 5, Office 635, 260, Jaipur","District 65, Phase 5, Office 635","District 65, Phase 5, Office 635, 260",3,4,0.9230769230769231,79.3,ACCEPT,
2462,"Post Shivpur, Phase 3, Office 601, 186, 122663",Post Shivpur,"Post Shivpur, Phase 3, Office 601, 186",1,4,0.4444444444444444,37.3,REVIEW,low_plausibility_and_reference_disagrees
2460,"Sadar Market, Phase 1, Office 567, 112, Nagpur","Sadar Market, Phase 1","Sadar Market, Phase 1, Office 567, 112",2,4,0.7272727272727273,54.3,ACCEPT,
2458,"Sector 83, Phase 5, Office 533, 38, 751659",Sector 83,"Sector 83, Phase 5, Office 533, 38",1,4,0.4444444444444444,34.6,REVIEW,low_plausibility_and_reference_disagrees
2457,"Saket Extension, Phase 4, Office 516, 1, Bihar","Saket Extension, Phase 4","Saket Extension, Phase 4, Office 516, 1",2,4,0.7272727272727273,55.8,ACCEPT,
2456,"Ashok Vihar, Phase 3, Office 499, 963, Kochi","Ashok Vihar, Phase 3","Ashok Vihar, Phase 3, Office 499, 963",2,4,0.7272727272727273,51.7,ACCEPT,
2485,"Phase 2, Lake View Homes, Office 992, 38, Uttar Pradesh","Phase 2, Lake View Homes, Office 992","Phase 2, Lake View Homes, Office 992, 38",3,4,0.9333333333333333,88.8,ACCEPT,
2484,"Block E, Sunrise Towers, Office 975, 1, Jaipur",Block E,"Block E, Sunrise Towers, Office 975, 1",1,4,0.4444444444444444,27.6,ACCEPT,
2482,"3th Floor, Shivam Apartments, Office 941, 926, 122683","3th Floor, Shivam Apartments, Office 941","3th Floor, Shivam Apartments, Office 941, 926",3,4,0.9230769230769231,80.0,REVIEW,low_plausibility_and_reference_disagrees
2480,"Plot 168, Green Residency, Office 907, 852, Nagpur",Plot 168,"Plot 168, Green Residency, Office 907, 852",1,4,0.4444444444444444,27.3,ACCEPT,
2477,"837, Lake View Homes, Office 856, 741, Bihar","837, Lake View Homes","837, Lake View Homes, Office 856, 741",2,4,0.7272727272727273,51.7,ACCEPT,
2476,"704, Sunrise Towers, Office 839, 704, Kochi","704, Sunrise Towers","704, Sunrise Towers, Office 839, 704",2,4,0.6666666666666666,51.1,ACCEPT,
2474,"Near, Phase 3, Office 805, 630, 462675","Near, Phase 3","Near, Phase 3, Office 805, 630",2,4,0.6666666666666666,49.1,REVIEW,low_plausibility_and_reference_disagrees
2472,"Industrial Area 13, Phase 1, Office 771, 556, Kolkata","Industrial Area 13, Phase 1, Office 771","Industrial Area 13, Phase 1, Office 771, 556",3,4,0.9333333333333333,81.6,ACCEPT,
3926,"Near, Post Shivpur, Plot 669, 408, Pune","Near, Post Shivpur, Plot 669",Near,3,1,0.3333333333333333,33.5,ACCEPT,
3924,"Industrial Area 10, Post Rampur, Plot 631, 334, 302325","Industrial Area 10, Post Rampur, Plot 631",Industrial Area 10,3,1,0.6,54.0,ACCEPT,
3923,"Campus 4, Post Madhopur, Plot 612, 297, Uttar Pradesh","Campus 4, Post Madhopur, Plot 612, 297",Campus 4,4,1,0.4444444444444444,38.4,ACCEPT,
3922,"Wing C, Post Kalyanpur, Plot 593, 260, Gurugram","Wing C, Post Kalyanpur, Plot 593",Wing C,3,1,0.5,40.0,ACCEPT,
3921,"Building 2, Post Rajapur, Plot 574, 223, District 22","Building 2, Post Rajapur, Plot 574, 223",Building 2,4,1,0.4444444444444444,39.6,ACCEPT,
3920,"Near, Post Shivpur, Plot 555, 186, 440321","Near, Post Shivpur, Plot 555, 186",Near,4,1,0.2857142857142857,23.6,ACCEPT,
3919,"248320, Post Lakshmipur, Plot 536, 149, Uttarakhand","248320, Post Lakshmipur, Plot 536",248320,3,1,0.3333333333333333,41.6,ACCEPT,
3917,"Patna, Post Madhopur, Plot 498, 75, District 18","Patna, Post Madhopur, Plot 498, 75",Patna,4,1,0.2857142857142857,32.3,REVIEW,low_plausibility_and_reference_disagrees
3916,"District 17, Post Kalyanpur, Plot 479, 38, 682317","District 17, Post Kalyanpur, Plot 479",District 17,3,1,0.5,44.0,ACCEPT,
3914,"Shivpur, Post Shivpur, Plot 441, 963, District 15","Shivpur, Post Shivpur",Shivpur,2,1,0.5,63.6,REVIEW,low_plausibility_and_reference_disagrees
3912,"Central Mall, Post Rampur, Plot 403, 889, West Bengal","Central Mall, Post Rampur, Plot 403",Central Mall,3,1,0.5,53.3,ACCEPT,
3911,"Sector 51, Post Madhopur, Plot 384, 852, Ahmedabad","Sector 51, Post Madhopur, Plot 384, 852",Sector 51,4,1,0.4444444444444444,35.3,REVIEW,low_plausibility_and_reference_disagrees
2500,"440701, Sunrise Towers, Office 348, 593, Maharashtra",440701,"440701, Sunrise Towers, Office 348, 593",1,4,0.2857142857142857,31.5,ACCEPT,
2499,"Uttarakhand, Royal Enclave, Office 331, 556, Dehradun","Uttarakhand, Royal Enclave, Office 331","Uttarakhand, Royal Enclave, Office 331, 556",3,4,0.9090909090909091,82.9,ACCEPT,
2497,"District 23, Lotus Heights, Office 297, 482, 800698","District 23, Lotus Heights","District 23, Lotus Heights, Office 297, 482",2,4,0.7272727272727273,56.3,REVIEW,low_plausibility_and_reference_disagrees
2496,"Tehsil 47, Green Residency, Office 280, 445, Kerala","Tehsil 47, Green Residency","Tehsil 47, Green Residency, Office 280, 445",2,4,0.7272727272727273,56.3,ACCEPT,
2495,"Post Madhopur, Maple Heights, Office 263, 408, Indore","Post Madhopur, Maple Heights","Post Madhopur, Maple Heights, Office 263, 408",2,4,0.7272727272727273,57.0,ACCEPT,
2493,"City Centre, Lake View Homes, Office 229, 334, 160694","City Centre, Lake View Homes","City Centre, Lake View Homes, Office 229, 334",2,4,0.7692307692307693,57.0,REVIEW,low_plausibility_and_reference_disagrees
2492,"District Court, Sunrise Towers, Office 212, 297, West Bengal","District Court, Sunrise Towers, Office 212","District Court, Sunrise Towers, Office 212, 297",3,4,0.9230769230769231,86.1,ACCEPT,
2491,"Sector 17, Royal Enclave, Office 195, 260, Ahmedabad","Sector 17, Royal Enclave, Office 195","Sector 17, Royal Enclave, Office 195, 260",3,4,0.9230769230769231,83.8,ACCEPT,
2489,"Rosewood Layout, Lotus Heights, Office 161, 186, 500690","Rosewood Layout, Lotus Heights, Office 161","Rosewood Layout, Lotus Heights, Office 161, 186",3,4,0.9230769230769231,80.1,REVIEW,low_plausibility_and_reference_disagrees
2516,"Tower E, Main Bazaar, Office 620, 186, Kerala","Tower E, Main Bazaar, Office 620","Tower E, Main Bazaar, Office 620, 186",3,4,0.9230769230769231,79.3,ACCEPT,
2515,"16th Floor, Park Road, Office 603, 149, Indore","16th Floor, Park Road, Office 603","16th Floor, Park Road, Office 603, 149",3,4,0.9230769230769231,79.4,ACCEPT,
2512,"Office 552, Nehru Street, Office 552, 38, West Bengal","Office 552, Nehru Street","Office 552, Nehru Street, Office 552, 38",2,4,0.7272727272727273,64.3,ACCEPT,
2511,"Shop 177, Station Road, Office 535, 1, Ahmedabad","Shop 177, Station Road, Office 535","Shop 177, Station Road, Office 535, 1",3,4,0.9230769230769231,88.3,ACCEPT,
2509,"926, Lake View Road, Office 501, 926, 500710",926,"926, Lake View Road, Office 501, 926",1,4,0.25,19.6,REVIEW,low_plausibility_and_reference_disagrees
2508,"Opposite, Sunrise Towers, Office 484, 889, Karnataka",Opposite,"Opposite, Sunrise Towers, Office 484, 889",1,4,0.2857142857142857,32.1,ACCEPT,
2507,"Near, Royal Enclave, Office 467, 852, Mumbai","Near, Royal Enclave","Near, Royal Enclave, Office 467, 852",2,4,0.6666666666666666,53.3,ACCEPT,
2503,"Wing H, Maple Heights, Office 399, 704, Noida","Wing H, Maple Heights","Wing H, Maple Heights, Office 399, 704",2,4,0.7272727272727273,52.2,ACCEPT,
2534,"Behind, Ring Road, Office 926, 852, Bhopal",Behind,"Behind, Ring Road, Office 926, 852",1,4,0.2857142857142857,27.9,ACCEPT,
2532,"West Bengal, Nehru Street, Office 892, 778, 700733",West Bengal,"West Bengal, Nehru Street, Office 892, 778",1,4,0.4444444444444444,32.7,REVIEW,low_plausibility_and_reference_disagrees
2531,"Ahmedabad, Station Road, Office 875, 741, Gujarat","Ahmedabad, Station Road","Ahmedabad, Station Road, Office 875, 741",2,4,0.6666666666666666,57.0,ACCEPT,
2530,"District 56, MG Road, Office 858, 704, Chennai","District 56, MG Road, Office 858","District 56, MG Road, Office 858, 704",3,4,0.9230769230769231,80.9,ACCEPT,
2528,"Post Shivpur, Airport Road, Office 824, 630, 560729","Post Shivpur, Airport Road, Office 824","Post Shivpur, Airport Road, Office 824, 630",3,4,0.9230769230769231,79.8,REVIEW,low_plausibility_and_reference_disagrees
2527,"Lakshmipur, College Road, Office 807, 593, Maharashtra","Lakshmipur, College Road","Lakshmipur, College Road, Office 807, 593",2,4,0.6666666666666666,63.1,ACCEPT,
2524,"Sector 50, Ring Road, Office 756, 482, 302725","Sector 50, Ring Road","Sector 50, Ring Road, Office 756, 482",2,4,0.7272727272727273,53.8,REVIEW,low_plausibility_and_reference_disagrees
2523,"Rajendra Nagar, Gandhi Marg, Office 739, 445, Uttar Pradesh",Rajendra Nagar,"Rajendra Nagar, Gandhi Marg, Office 739, 445",1,4,0.4444444444444444,45.0,ACCEPT,
2522,"Green Park, Nehru Street, Office 722, 408, Gurugram","Green Park, Nehru Street, Office 722","Green Park, Nehru Street, Office 722, 408",3,4,0.9230769230769231,82.7,ACCEPT,
2520,"MG Road, MG Road, Office 688, 334, 440721","MG Road, MG Road, Office 688","MG Road, MG Road, Office 688, 334",3,4,0.9230769230769231,78.8,REVIEW,low_plausibility_and_reference_disagrees
2550,"Block G, MG Road, Office 299, 445, Chennai","Block G, MG Road, Office 299","Block G, MG Road, Office 299, 445",3,4,0.9230769230769231,80.5,ACCEPT,
2548,"9th Floor, Airport Road, Office 265, 371, 560749",9th Floor,"9th Floor, Airport Road, Office 265, 371",1,4,0.4444444444444444,30.4,REVIEW,low_plausibility_and_reference_disagrees
2543,"796, Gandhi Marg, Office 180, 186, Uttar Pradesh",796,"796, Gandhi Marg, Office 180, 186",1,4,0.2857142857142857,29.7,ACCEPT,
2542,"149, Nehru Street, Office 163, 149, Gurugram","149, Nehru Street, Office 163","149, Nehru Street, Office 163, 149",3,4,0.9090909090909091,82.0,ACCEPT,
2539,"Business Park 5, Lake View Road, Office 112, 38, Uttarakhand",Business Park 5,"Business Park 5, Lake View Road, Office 112, 38",1,4,0.5,42.4,ACCEPT,
2538,"Industrial Area 4, Airport Road, Office 994, 1, Bhubaneswar","Industrial Area 4, Airport Road","Industrial Area 4, Airport Road, Office 994, 1",2,4,0.7692307692307693,67.7,ACCEPT,
2535,"Building 56, Park Road, Office 943, 889, Madhya Pradesh",Building 56,"Building 56, Park Road, Office 943, 889",1,4,0.4444444444444444,44.5,ACCEPT,
3910,"Shanti Nagar, Post Kalyanpur, Plot 365, 815, District 11","Shanti Nagar, Post Kalyanpur, Plot 365",Shanti Nagar,3,1,0.5,50.5,REVIEW,low_plausibility_and_reference_disagrees
3909,"Rosewood Layout, Post Rajapur, Plot 346, 778, 500310","Rosewood Layout, Post Rajapur",Rosewood Layout,2,1,0.6666666666666666,71.0,REVIEW,low_plausibility_and_reference_disagrees
3908,"Gali 9, Post Shivpur, Plot 327, 741, Karnataka","Gali 9, Post Shivpur, Plot 327",Gali 9,3,1,0.5,42.6,ACCEPT,
3907,"College Road, Post Lakshmipur, Plot 308, 704, Mumbai","College Road, Post Lakshmipur, Plot 308",College Road,3,1,0.5,45.3,ACCEPT,
3906,"Main Bazaar, Post Rampur, Plot 289, 667, District 7","Main Bazaar, Post Rampur, Plot 289",Main Bazaar,3,1,0.5,51.5,ACCEPT,
3905,"Lotus Heights, Post Madhopur, Plot 270, 630, 226306","Lotus Heights, Post Madhopur, Plot 270",Lotus Heights,3,1,0.5,48.1,ACCEPT,
3904,"Phase 5, Post Kalyanpur, Plot 251, 593, Rajasthan","Phase 5, Post Kalyanpur, Plot 251",Phase 5,3,1,0.5,42.5,ACCEPT,
3903,"Block H, Post Rajapur, Plot 232, 556, Noida","Block H, Post Rajapur, Plot 232, 556",Block H,4,1,0.4444444444444444,27.1,ACCEPT,
3902,"Tower G, Post Shivpur, Plot 213, 519, District 3","Tower G, Post Shivpur, Plot 213",Tower G,3,1,0.5,45.1,ACCEPT,
3900,"Unit 790, Post Rampur, Plot 175, 445, Maharashtra","Unit 790, Post Rampur, Plot 175",Unit 790,3,1,0.5,48.3,ACCEPT,
3899,"Plot 156, Post Madhopur, Plot 156, 408, Dehradun","Plot 156, Post Madhopur",Plot 156,2,1,0.6666666666666666,62.9,ACCEPT,
3898,"Office 740, Post Kalyanpur, Plot 137, 371, District 74","Office 740, Post Kalyanpur, Plot 137, 371",Office 740,4,1,0.4444444444444444,38.2,ACCEPT,
3897,"Shop 453, Post Rajapur, Plot 118, 334, 800298","Shop 453, Post Rajapur",Shop 453,2,1,0.6666666666666666,63.5,ACCEPT,
3896,"405, Post Shivpur, Plot 99, 297, Kerala","405, Post Shivpur, Plot 99",405,3,1,0.3333333333333333,34.2,ACCEPT,
2566,"411767, Main Bazaar, Office 571, 38, Maharashtra","411767, Main Bazaar","411767, Main Bazaar, Office 571, 38",2,4,0.6666666666666666,62.0,ACCEPT,
2565,"Uttar Pradesh, Park Road, Office 554, 1, Lucknow",Uttar Pradesh,"Uttar Pradesh, Park Road, Office 554, 1",1,4,0.4444444444444444,39.9,ACCEPT,
2559,"Main Bazaar, Lake View Road, Office 452, 778, 248760","Main Bazaar, Lake View Road, Office 452","Main Bazaar, Lake View Road, Office 452, 778",3,4,0.9333333333333333,79.9,REVIEW,low_plausibility_and_reference_disagrees
2558,"Municipal Park, Airport Road, Office 435, 741, Odisha","Municipal Park, Airport Road","Municipal Park, Airport Road, Office 435, 741",2,4,0.7272727272727273,57.0,ACCEPT,
2557,"Sector 83, College Road, Office 418, 704, Patna","Sector 83, College Road","Sector 83, College Road, Office 418, 704",2,4,0.7272727272727273,53.1,ACCEPT,
2555,"Vijay Nagar, Park Road, Office 384, 630, 452756","Vijay Nagar, Park Road, Office 384","Vijay Nagar, Park Road, Office 384, 630",3,4,0.9230769230769231,79.5,REVIEW,low_plausibility_and_reference_disagrees
2554,"Gali 5, Ring Road, Office 367, 593, Madhya Pradesh","Gali 5, Ring Road","Gali 5, Ring Road, Office 367, 593",2,4,0.7272727272727273,62.5,ACCEPT,
2551,"Phase 2, Station Road, Office 316, 482, Gujarat",Phase 2,"Phase 2, Station Road, Office 316, 482",1,4,0.4444444444444444,29.2,ACCEPT,
2582,"Tower G, Gali 3, Office 843, 630, Haryana","Tower G, Gali 3, Office 843",Tower G,3,1,0.5,46.5,REVIEW,low_plausibility_and_reference_disagrees
2581,"2th Floor, Gali 2, Office 826, 593, Delhi","2th Floor, Gali 2",2th Floor,2,1,0.6666666666666666,75.4,REVIEW,low_plausibility_and_reference_disagrees
2579,"Plot 51, Gali 30, Office 792, 519, 248780","Plot 51, Gali 30",Plot 51,2,1,0.6666666666666666,70.8,REVIEW,low_plausibility_and_reference_disagrees
2578,"Office 775, Gali 29, Office 775, 482, Odisha","Office 775, Gali 29, Office 775",Office 775,3,1,0.5,48.8,REVIEW,low_plausibility_and_reference_disagrees
2577,"Shop 404, Gali 28, Office 758, 445, Patna","Shop 404, Gali 28, Office 758, 445",Shop 404,4,1,0.4444444444444444,30.6,REVIEW,low_plausibility_and_reference_disagrees
2576,"326, Gali 27, Office 741, 408, District 27","326, Gali 27, Office 741",326,3,1,0.3333333333333333,40.2,REVIEW,low_plausibility_and_reference_disagrees
2571,"Industrial Area 7, Station Road, Office 656, 223, 380772","Industrial Area 7, Station Road, Office 656","Industrial Area 7, Station Road, Office 656, 223",3,4,0.9333333333333333,80.2,REVIEW,low_plausibility_and_reference_disagrees
2570,"Campus 11, MG Road, Office 639, 186, Tamil Nadu",Campus 11,"Campus 11, MG Road, Office 639, 186",1,4,0.4444444444444444,39.6,ACCEPT,
2569,"Wing B, Lake View Road, Office 622, 149, Hyderabad","Wing B, Lake View Road, Office 622","Wing B, Lake View Road, Office 622, 149",3,4,0.9333333333333333,83.7,ACCEPT,
2567,"Beside, College Road, Office 588, 75, 400768","Beside, College Road","Beside, College Road, Office 588, 75",2,4,0.6666666666666666,55.0,REVIEW,low_plausibility_and_reference_disagrees
2597,"Patna, Gali 18, Office 199, 186, Bihar","Patna, Gali 18",Patna,2,1,0.5,66.4,ACCEPT,
2595,"Tehsil 46, Gali 16, Office 165, 112, District 46","Tehsil 46, Gali 16, Office 165",Tehsil 46,3,1,0.5,51.8,ACCEPT,
2593,"Lakshmipur, Gali 14, Office 131, 38, Chandigarh","Lakshmipur, Gali 14, Office 131",Lakshmipur,3,1,0.3333333333333333,51.6,ACCEPT,
2592,"New Market, Gali 13, Office 114, 1, Kolkata","New Market, Gali 13",New Market,2,1,0.6666666666666666,74.7,REVIEW,low_plausibility_and_reference_disagrees
2590,"Sector 17, Gali 11, Office 979, 926, 600791","Sector 17, Gali 11, Office 979",Sector 17,3,1,0.5,47.5,ACCEPT,
2589,"Rosewood Layout, Gali 10, Office 962, 889, Telangana","Rosewood Layout, Gali 10, Office 962, 889",Rosewood Layout,4,1,0.4444444444444444,44.6,REVIEW,low_plausibility_and_reference_disagrees
2588,"Krishna Colony, Gali 9, Office 945, 852, Bengaluru","Krishna Colony, Gali 9, Office 945, 852",Krishna Colony,4,1,0.4444444444444444,44.6,REVIEW,low_plausibility_and_reference_disagrees
2587,"College Road, Gali 8, Office 928, 815, 400788","College Road, Gali 8, Office 928, 815",College Road,4,1,0.4444444444444444,38.1,REVIEW,low_plausibility_and_reference_disagrees
2586,"Main Bazaar, Gali 7, Office 911, 778, Maharashtra","Main Bazaar, Gali 7, Office 911",Main Bazaar,3,1,0.5,55.4,REVIEW,low_plausibility_and_reference_disagrees
2584,"Phase 5, Gali 5, Office 877, 704, District 35","Phase 5, Gali 5, Office 877",Phase 5,3,1,0.5,49.8,REVIEW,low_plausibility_and_reference_disagrees
2583,"Block H, Gali 4, Office 860, 667, 202084","Block H, Gali 4, Office 860",Block H,3,1,0.5,45.5,REVIEW,low_plausibility_and_reference_disagrees
2612,"Plot 678, Green Park, Office 454, 741, Kolkata","Plot 678, Green Park, Office 454","Plot 678, Green Park, Office 454, 741",3,4,0.9230769230769231,80.9,ACCEPT,
2607,"Opposite, Gali 28, Office 369, 556, District 58","Opposite, Gali 28, Office 369",Opposite,3,1,0.3333333333333333,50.3,ACCEPT,
2606,"Near, Gali 27, Office 352, 519, 411807","Near, Gali 27, Office 352",Near,3,1,0.3333333333333333,38.4,ACCEPT,
2605,"Business Park 11, Gali 26, Office 335, 482, Uttar Pradesh","Business Park 11, Gali 26",Business Park 11,2,1,0.75,81.3,ACCEPT,
2604,"Industrial Area 10, Gali 25, Office 318, 445, Jaipur","Industrial Area 10, Gali 25, Office 318",Industrial Area 10,3,1,0.6,56.0,REVIEW,low_plausibility_and_reference_disagrees
2603,"Campus 4, Gali 24, Office 301, 408, District 54","Campus 4, Gali 24",Campus 4,2,1,0.6666666666666666,73.6,REVIEW,low_plausibility_and_reference_disagrees
2602,"Wing C, Gali 23, Office 284, 371, 122803","Wing C, Gali 23, Office 284",Wing C,3,1,0.5,42.7,REVIEW,low_plausibility_and_reference_disagrees
2601,"Building 42, Gali 22, Office 267, 334, Delhi","Building 42, Gali 22",Building 42,2,1,0.6666666666666666,75.8,REVIEW,low_plausibility_and_reference_disagrees
2600,"Near, Gali 21, Office 250, 297, Nagpur","Near, Gali 21, Office 250, 297",Near,4,1,0.2857142857142857,25.4,ACCEPT,
2599,"248800, Gali 20, Office 233, 260, District 50","248800, Gali 20, Office 233",248800,3,1,0.3333333333333333,47.0,REVIEW,low_plausibility_and_reference_disagrees
3894,"Opposite, Rampur, Plot 61, 223, District 70","Opposite, Rampur, Plot 61",Opposite,3,1,0.4,54.9,ACCEPT,
3891,"Industrial Area 7, Rajapur, Plot 4, 112, Ahmedabad","Industrial Area 7, Rajapur, Plot 4, 112",Industrial Area 7,4,1,0.6,49.7,ACCEPT,
3890,"Campus 11, Shivpur, Plot 984, 75, District 66","Campus 11, Shivpur, Plot 984",Campus 11,3,1,0.5714285714285714,53.3,ACCEPT,
3889,"Wing B, Lakshmipur, Plot 965, 38, 500290","Wing B, Lakshmipur, Plot 965, 38",Wing B,4,1,0.5,29.3,ACCEPT,
3888,"Building 49, Rampur, Plot 946, 1, Karnataka","Building 49, Rampur, Plot 946",Building 49,3,1,0.5714285714285714,54.5,ACCEPT,
3887,"Beside, Madhopur, Plot 927, 963, Mumbai","Beside, Madhopur",Beside,2,1,0.6666666666666666,66.4,ACCEPT,
3886,"411287, Kalyanpur, Plot 908, 926, District 62","411287, Kalyanpur, Plot 908",411287,3,1,0.4,47.0,ACCEPT,
3883,"District 59, Lakshmipur, Plot 851, 815, Noida","District 59, Lakshmipur, Plot 851",District 59,3,1,0.5714285714285714,47.8,ACCEPT,
3882,"Tehsil 33, Rampur, Plot 832, 778, District 58","Tehsil 33, Rampur",Tehsil 33,2,1,0.8,76.4,ACCEPT,
3880,"Sadar Market, Kalyanpur, Plot 794, 704, Nagpur","Sadar Market, Kalyanpur, Plot 794",Sadar Market,3,1,0.5714285714285714,51.1,ACCEPT,
3879,"City Library, Rajapur, Plot 775, 667, District 55","City Library, Rajapur",City Library,2,1,0.8,77.7,REVIEW,low_plausibility_and_reference_disagrees
2641,"815, Gandhi Nagar, Office 947, 815, 110842","815, Gandhi Nagar, Office 947","815, Gandhi Nagar, Office 947, 815",3,4,0.9090909090909091,78.9,REVIEW,low_plausibility_and_reference_disagrees
2632,"700833, Green Park, Office 794, 482, West Bengal","700833, Green Park, Office 794","700833, Green Park, Office 794, 482",3,4,0.9090909090909091,85.0,ACCEPT,
3878,"Sector 18, Shivpur, Plot 756, 630, 751279","Sector 18, Shivpur, Plot 756",Sector 18,3,1,0.5714285714285714,49.7,REVIEW,low_plausibility_and_reference_disagrees
3877,"Saket Extension, Lakshmipur, Plot 737, 593, Bihar","Saket Extension, Lakshmipur, Plot 737",Saket Extension,3,1,0.5714285714285714,51.7,REVIEW,low_plausibility_and_reference_disagrees
3876,"Ashok Vihar, Rampur, Plot 718, 556, Kochi","Ashok Vihar, Rampur",Ashok Vihar,2,1,0.8,77.0,REVIEW,low_plausibility_and_reference_disagrees
3875,"Gali 6, Madhopur, Plot 699, 519, District 51","Gali 6, Madhopur, Plot 699, 519",Gali 6,4,1,0.5,37.0,ACCEPT,
3874,"Ring Road, Kalyanpur, Plot 680, 482, 462275","Ring Road, Kalyanpur, Plot 680, 482",Ring Road,4,1,0.5,33.8,ACCEPT,
3872,"Green Residency, Shivpur, Plot 642, 408, Kolkata","Green Residency, Shivpur, Plot 642",Green Residency,3,1,0.5714285714285714,57.1,ACCEPT,
3871,"Phase 2, Lakshmipur, Plot 623, 371, District 47","Phase 2, Lakshmipur",Phase 2,2,1,0.8,66.5,ACCEPT,
3870,"Block G, Rampur, Plot 604, 334, 600271","Block G, Rampur, Plot 604, 334",Block G,4,1,0.5,33.3,ACCEPT,
3869,"Tower F, Madhopur, Plot 585, 297, Telangana","Tower F, Madhopur, Plot 585",Tower F,3,1,0.5714285714285714,48.3,ACCEPT,
3868,"9th Floor, Kalyanpur, Plot 566, 260, Bengaluru","9th Floor, Kalyanpur, Plot 566",9th Floor,3,1,0.5714285714285714,50.3,ACCEPT,
3867,"Unit 31, Rajapur, Plot 547, 223, District 43","Unit 31, Rajapur, Plot 547, 223",Unit 31,4,1,0.5,39.5,ACCEPT,
3866,"Plot 528, Shivpur, Plot 528, 186, 411267","Plot 528, Shivpur",Plot 528,2,1,0.8,71.8,ACCEPT,
3864,"Shop 90, Rampur, Plot 490, 112, Jaipur","Shop 90, Rampur, Plot 490",Shop 90,3,1,0.5714285714285714,47.9,ACCEPT,
3863,"875, Madhopur, Plot 471, 75, District 39","875, Madhopur",875,2,1,0.6666666666666666,59.2,ACCEPT,
2662,"District 38, Green Park, Office 405, 593, Gurugram",District 38,"District 38, Green Park, Office 405, 593",1,4,0.4444444444444444,37.0,ACCEPT,
2652,"Nehru Street, Green Park, Office 235, 223, West Bengal","Nehru Street, Green Park, Office 235","Nehru Street, Green Park, Office 235, 223",3,4,0.9230769230769231,85.6,ACCEPT,
2651,"Royal Enclave, Gandhi Nagar, Office 218, 186, Ahmedabad",Royal Enclave,"Royal Enclave, Gandhi Nagar, Office 218, 186",1,4,0.4444444444444444,39.0,ACCEPT,
3854,"Behind, Main Bazaar, Plot 300, 741, 462255",Behind,"Behind, Main Bazaar, Plot 300, 741",1,4,0.2857142857142857,27.9,REVIEW,low_plausibility_and_reference_disagrees
3852,"West Bengal, New Market, Plot 262, 667, Kolkata","West Bengal, New Market, Plot 262","West Bengal, New Market, Plot 262, 667",3,4,0.9230769230769231,81.1,ACCEPT,
3850,"District 26, Sadar Market, Plot 224, 593, 600251",District 26,"District 26, Sadar Market, Plot 224, 593",1,4,0.4444444444444444,34.0,REVIEW,low_plausibility_and_reference_disagrees
3849,"Tehsil 50, Main Bazaar, Plot 205, 556, Telangana",Tehsil 50,"Tehsil 50, Main Bazaar, Plot 205, 556",1,4,0.4444444444444444,36.7,ACCEPT,
2678,"Plot 933, Sector 6, Office 677, 186, Bhubaneswar","Plot 933, Sector 6",Plot 933,2,1,0.6666666666666666,71.9,ACCEPT,
2677,"Office 660, Sector 5, Office 660, 149, District 53","Office 660, Sector 5, Office 660",Office 660,3,1,0.5,52.0,ACCEPT,
2676,"Shop 495, Sector 4, Office 643, 112, 682877","Shop 495, Sector 4, Office 643",Shop 495,3,1,0.5,45.0,ACCEPT,
2675,"714, Sector 3, Office 626, 75, Madhya Pradesh","714, Sector 3, Office 626",714,3,1,0.3333333333333333,40.6,ACCEPT,
2672,"Near, Green Park, Office 575, 963, 700873","Near, Green Park, Office 575","Near, Green Park, Office 575, 963",3,4,0.9090909090909091,78.8,REVIEW,low_plausibility_and_reference_disagrees
3846,"Municipal Park, Gandhi Market, Plot 148, 445, Maharashtra","Municipal Park, Gandhi Market, Plot 148","Municipal Park, Gandhi Market, Plot 148, 445",3,4,0.9230769230769231,85.9,ACCEPT,
3845,"Sector 84, Sadar Market, Plot 129, 408, Lucknow","Sector 84, Sadar Market, Plot 129","Sector 84, Sadar Market, Plot 129, 408",3,4,0.9230769230769231,81.1,ACCEPT,
3843,"Rajendra Nagar, City Centre, Plot 91, 334, 201544","Rajendra Nagar, City Centre","Rajendra Nagar, City Centre, Plot 91, 334",2,4,0.7272727272727273,60.3,REVIEW,low_plausibility_and_reference_disagrees
3842,"Gali 3, New Market, Plot 72, 297, Haryana","Gali 3, New Market, Plot 72","Gali 3, New Market, Plot 72, 297",3,4,0.9230769230769231,80.3,ACCEPT,
3839,"Maple Heights, Main Bazaar, Plot 15, 186, 248240",Maple Heights,"Maple Heights, Main Bazaar, Plot 15, 186",1,4,0.4444444444444444,37.5,REVIEW,low_plausibility_and_reference_disagrees
3838,"Phase 5, City Centre, Plot 995, 149, Odisha",Phase 5,"Phase 5, City Centre, Plot 995, 149",1,4,0.4444444444444444,29.5,ACCEPT,
3837,"Block F, New Market, Plot 976, 112, Patna","Block F, New Market","Block F, New Market, Plot 976, 112",2,4,0.7272727272727273,53.6,ACCEPT,
3835,"16th Floor, Sadar Market, Plot 938, 38, 452236","16th Floor, Sadar Market","16th Floor, Sadar Market, Plot 938, 38",2,4,0.7272727272727273,59.3,REVIEW,low_plausibility_and_reference_disagrees
3834,"Unit 271, Main Bazaar, Plot 919, 1, Madhya Pradesh",Unit 271,"Unit 271, Main Bazaar, Plot 919, 1",1,4,0.4444444444444444,42.3,ACCEPT,
2694,"Tehsil 45, Sector 22, Office 949, 778, Madhya Pradesh","Tehsil 45, Sector 22, Office 949",Tehsil 45,3,1,0.5,51.7,ACCEPT,
2692,"Kalyanpur, Sector 20, Office 915, 704, District 68","Kalyanpur, Sector 20, Office 915, 704",Kalyanpur,4,1,0.2857142857142857,39.1,REVIEW,low_plausibility_and_reference_disagrees
2691,"Gandhi Market, Sector 19, Office 898, 667, 380892","Gandhi Market, Sector 19",Gandhi Market,2,1,0.6666666666666666,74.5,ACCEPT,
2690,"Metro Station, Sector 18, Office 881, 630, Tamil Nadu","Metro Station, Sector 18, Office 881, 630",Metro Station,4,1,0.4444444444444444,42.4,REVIEW,low_plausibility_and_reference_disagrees
2689,"Rosewood Layout, Sector 17, Office 864, 593, District 65","Rosewood Layout, Sector 17",Rosewood Layout,2,1,0.6666666666666666,77.4,REVIEW,low_plausibility_and_reference_disagrees
2688,"Krishna Colony, Sector 16, Office 847, 556, 560889","Krishna Colony, Sector 16, Office 847",Krishna Colony,3,1,0.5,50.9,REVIEW,low_plausibility_and_reference_disagrees
2686,"Main Bazaar, Sector 14, Office 813, 482, Pune","Main Bazaar, Sector 14",Main Bazaar,2,1,0.6666666666666666,72.0,ACCEPT,
2683,"Phase 2, Sector 11, Office 762, 371, Uttar Pradesh","Phase 2, Sector 11, Office 762, 371",Phase 2,4,1,0.4444444444444444,38.4,ACCEPT,
2682,"Block C, Sector 10, Office 745, 334, Gurugram","Block C, Sector 10, Office 745, 334",Block C,4,1,0.4444444444444444,32.6,ACCEPT,
2681,"Tower B, Sector 9, Office 728, 297, District 57","Tower B, Sector 9",Tower B,2,1,0.6666666666666666,70.3,ACCEPT,
2680,"1th Floor, Sector 8, Office 711, 260, 440881","1th Floor, Sector 8, Office 711",1th Floor,3,1,0.5,46.4,ACCEPT,
2679,"Unit 679, Sector 7, Office 694, 223, Uttarakhand","Unit 679, Sector 7, Office 694, 223",Unit 679,4,1,0.4444444444444444,38.5,ACCEPT,
2710,"Office 322, Municipal Park, Office 322, 371, Tamil Nadu","Office 322, Municipal Park","Office 322, Municipal Park, Office 322, 371",2,4,0.7272727272727273,62.6,ACCEPT,
2709,"Shop 359, Railway Station, Office 305, 334, Hyderabad",Shop 359,"Shop 359, Railway Station, Office 305, 334",1,4,0.4444444444444444,31.5,ACCEPT,
2706,"Opposite, Sector 34, Office 254, 223, Maharashtra","Opposite, Sector 34",Opposite,2,1,0.5,70.2,ACCEPT,
2705,"Near, Sector 33, Office 237, 186, Lucknow","Near, Sector 33, Office 237",Near,3,1,0.3333333333333333,37.6,ACCEPT,
2702,"Campus 3, Sector 30, Office 186, 75, Haryana","Campus 3, Sector 30, Office 186, 75",Campus 3,4,1,0.4444444444444444,33.3,ACCEPT,
2701,"Wing F, Sector 29, Office 169, 38, Delhi","Wing F, Sector 29, Office 169, 38",Wing F,4,1,0.4444444444444444,26.8,ACCEPT,
2700,"Building 61, Sector 28, Office 152, 1, District 1","Building 61, Sector 28, Office 152",Building 61,3,1,0.5,49.8,ACCEPT,
2699,"Beside, Sector 27, Office 135, 963, 248900","Beside, Sector 27, Office 135",Beside,3,1,0.3333333333333333,40.7,ACCEPT,
2698,"751899, Sector 26, Office 118, 926, Odisha","751899, Sector 26, Office 118",751899,3,1,0.3333333333333333,40.7,ACCEPT,
2697,"Bihar, Sector 25, Office 101, 889, Patna","Bihar, Sector 25, Office 101",Bihar,3,1,0.3333333333333333,37.7,REVIEW,low_plausibility_and_reference_disagrees
2696,"Kochi, Sector 24, Office 983, 852, District 72","Kochi, Sector 24, Office 983, 852",Kochi,4,1,0.2857142857142857,32.9,REVIEW,low_plausibility_and_reference_disagrees
2695,"District 71, Sector 23, Office 966, 815, 452896","District 71, Sector 23, Office 966",District 71,3,1,0.5,47.9,ACCEPT,
2726,"Post Shivpur, Municipal Park, Office 594, 963, 411027","Post Shivpur, Municipal Park, Office 594","Post Shivpur, Municipal Park, Office 594, 963",3,4,0.9230769230769231,80.0,REVIEW,low_plausibility_and_reference_disagrees
2722,"Green Park, Metro Station, Office 526, 815, Haryana","Green Park, Metro Station","Green Park, Metro Station, Office 526, 815",2,4,0.7272727272727273,57.8,ACCEPT,
2719,"Lake View Road, City Library, Office 475, 704, 248020","Lake View Road, City Library","Lake View Road, City Library, Office 475, 704",2,4,0.7692307692307693,57.0,REVIEW,low_plausibility_and_reference_disagrees
2715,"Block D, Clock Tower, Office 407, 556, 452016",Block D,"Block D, Clock Tower, Office 407, 556",1,4,0.4444444444444444,28.2,REVIEW,low_plausibility_and_reference_disagrees
2714,"Tower C, Metro Station, Office 390, 519, Madhya Pradesh","Tower C, Metro Station, Office 390","Tower C, Metro Station, Office 390, 519",3,4,0.9230769230769231,87.3,ACCEPT,
2711,"Plot 561, City Library, Office 339, 408, 380012","Plot 561, City Library","Plot 561, City Library, Office 339, 408",2,4,0.7272727272727273,54.7,REVIEW,low_plausibility_and_reference_disagrees
3830,"446, Sadar Market, Plot 843, 852, Tamil Nadu","446, Sadar Market","446, Sadar Market, Plot 843, 852",2,4,0.6666666666666666,61.0,ACCEPT,
3829,"815, Main Bazaar, Plot 824, 815, Hyderabad","815, Main Bazaar, Plot 824","815, Main Bazaar, Plot 824, 815",3,4,0.9090909090909091,82.7,ACCEPT,
3827,"Near, Clock Tower, Plot 786, 741, 400228","Near, Clock Tower","Near, Clock Tower, Plot 786, 741",2,4,0.6666666666666666,54.7,REVIEW,low_plausibility_and_reference_disagrees
3826,"Business Park 2, Metro Station, Plot 767, 704, Maharashtra","Business Park 2, Metro Station","Business Park 2, Metro Station, Plot 767, 704",2,4,0.7692307692307693,67.4,ACCEPT,
3825,"Industrial Area 1, City Hospital, Plot 748, 667, Lucknow","Industrial Area 1, City Hospital, Plot 748","Industrial Area 1, City Hospital, Plot 748, 667",3,4,0.9333333333333333,81.8,ACCEPT,
3822,"Building 63, Municipal Park, Plot 691, 556, Haryana",Building 63,"Building 63, Municipal Park, Plot 691, 556",1,4,0.4444444444444444,34.2,ACCEPT,
3819,"Uttarakhand, Clock Tower, Plot 634, 445, 248220","Uttarakhand, Clock Tower, Plot 634","Uttarakhand, Clock Tower, Plot 634, 445",3,4,0.9090909090909091,79.5,REVIEW,low_plausibility_and_reference_disagrees
3818,"Bhubaneswar, Metro Station, Plot 615, 408, Odisha","Bhubaneswar, Metro Station","Bhubaneswar, Metro Station, Plot 615, 408",2,4,0.6666666666666666,58.7,ACCEPT,
3817,"District 68, City Hospital, Plot 596, 371, Patna","District 68, City Hospital, Plot 596","District 68, City Hospital, Plot 596, 371",3,4,0.9230769230769231,77.6,ACCEPT,
3815,"Post Madhopur, City Library, Plot 558, 297, 452216","Post Madhopur, City Library","Post Madhopur, City Library, Plot 558, 297",2,4,0.7272727272727273,59.0,REVIEW,low_plausibility_and_reference_disagrees
2742,"Shop 223, New Market, Office 866, 556, 122043","Shop 223, New Market","Shop 223, New Market, Office 866, 556",2,4,0.7272727272727273,53.8,REVIEW,low_plausibility_and_reference_disagrees
2740,"482, Sadar Market, Office 832, 482, Nagpur","482, Sadar Market, Office 832","482, Sadar Market, Office 832, 482",3,4,0.9090909090909091,78.9,ACCEPT,
2738,"Near, Metro Station, Office 798, 408, 751039","Near, Metro Station, Office 798","Near, Metro Station, Office 798, 408",3,4,0.9090909090909091,79.2,REVIEW,low_plausibility_and_reference_disagrees
2737,"Business Park 8, City Hospital, Office 781, 371, Bihar",Business Park 8,"Business Park 8, City Hospital, Office 781, 371",1,4,0.5454545454545454,34.2,ACCEPT,
2736,"Industrial Area 7, Central Mall, Office 764, 334, Kochi","Industrial Area 7, Central Mall, Office 764","Industrial Area 7, Central Mall, Office 764, 334",3,4,0.9333333333333333,78.1,ACCEPT,
2734,"Wing G, Municipal Park, Office 730, 260, 462035",Wing G,"Wing G, Municipal Park, Office 730, 260",1,4,0.4444444444444444,25.0,REVIEW,low_plausibility_and_reference_disagrees
2729,"Hyderabad, City Hospital, Office 645, 75, Telangana","Hyderabad, City Hospital, Office 645","Hyderabad, City Hospital, Office 645, 75",3,4,0.9090909090909091,86.0,ACCEPT,
2728,"District 29, Central Mall, Office 628, 38, Bengaluru","District 29, Central Mall","District 29, Central Mall, Office 628, 38",2,4,0.7272727272727273,62.1,ACCEPT,
3814,"Kalyanpur, Municipal Park, Plot 539, 260, Madhya Pradesh","Kalyanpur, Municipal Park, Plot 539","Kalyanpur, Municipal Park, Plot 539, 260",3,4,0.9090909090909091,87.4,ACCEPT,
3811,"Gandhi Nagar, Clock Tower, Plot 482, 149, Gujarat",Gandhi Nagar,"Gandhi Nagar, Clock Tower, Plot 482, 149",1,4,0.4444444444444444,37.4,ACCEPT,
3808,"Airport Road, Central Mall, Plot 425, 38, 560209",Airport Road,"Airport Road, Central Mall, Plot 425, 38",1,4,0.4444444444444444,35.8,REVIEW,low_plausibility_and_reference_disagrees
3806,"Pearl Residency, Municipal Park, Plot 387, 963, Pune",Pearl Residency,"Pearl Residency, Municipal Park, Plot 387, 963",1,4,0.4444444444444444,33.0,ACCEPT,
3803,"Tower D, Clock Tower, Plot 330, 852, Uttar Pradesh","Tower D, Clock Tower, Plot 330","Tower D, Clock Tower, Plot 330, 852",3,4,0.9230769230769231,86.3,ACCEPT,
3800,"Plot 273, Central Mall, Plot 273, 741, 440201","Plot 273, Central Mall","Plot 273, Central Mall, Plot 273, 741",2,4,0.7272727272727273,57.2,REVIEW,low_plausibility_and_reference_disagrees
3799,"Office 855, City Library, Plot 254, 704, Uttarakhand",Office 855,"Office 855, City Library, Plot 254, 704",1,4,0.4444444444444444,39.6,ACCEPT,
2757,"Railway Station, New Market, Office 222, 112, Bihar","Railway Station, New Market","Railway Station, New Market, Office 222, 112",2,4,0.7272727272727273,54.6,ACCEPT,
2756,"Sector 84, Gandhi Market, Office 205, 75, Kochi",Sector 84,"Sector 84, Gandhi Market, Office 205, 75",1,4,0.4444444444444444,28.7,ACCEPT,
2749,"Phase 2, Main Bazaar, Office 985, 815, Telangana","Phase 2, Main Bazaar, Office 985","Phase 2, Main Bazaar, Office 985, 815",3,4,0.9230769230769231,83.4,ACCEPT,
2746,"7th Floor, Gandhi Market, Office 934, 704, 411047","7th Floor, Gandhi Market, Office 934","7th Floor, Gandhi Market, Office 934, 704",3,4,0.9230769230769231,79.7,REVIEW,low_plausibility_and_reference_disagrees
2745,"Unit 199, Sadar Market, Office 917, 667, Uttar Pradesh","Unit 199, Sadar Market, Office 917","Unit 199, Sadar Market, Office 917, 667",3,4,0.9230769230769231,86.8,ACCEPT,
2744,"Plot 189, Main Bazaar, Office 900, 630, Jaipur","Plot 189, Main Bazaar","Plot 189, Main Bazaar, Office 900, 630",2,4,0.7272727272727273,54.3,ACCEPT,
2774,"203, Shivpur, Office 511, 741, District 75","203, Shivpur, Office 511",203,3,1,0.4,40.2,ACCEPT,
2773,"704, Lakshmipur, Office 494, 704, 160074","704, Lakshmipur, Office 494, 704",704,4,1,0.3333333333333333,21.5,ACCEPT,
2772,"Opposite, New Market, Office 477, 667, West Bengal","Opposite, New Market, Office 477","Opposite, New Market, Office 477, 667",3,4,0.9090909090909091,85.2,ACCEPT,
2771,"Near, Gandhi Market, Office 460, 630, Ahmedabad","Near, Gandhi Market, Office 460","Near, Gandhi Market, Office 460, 630",3,4,0.9090909090909091,83.3,ACCEPT,
2769,"Industrial Area 10, Main Bazaar, Office 426, 556, 500070","Industrial Area 10, Main Bazaar, Office 426","Industrial Area 10, Main Bazaar, Office 426, 556",3,4,0.9333333333333333,80.2,REVIEW,low_plausibility_and_reference_disagrees
2768,"Campus 9, City Centre, Office 409, 519, Karnataka","Campus 9, City Centre","Campus 9, City Centre, Office 409, 519",2,4,0.7272727272727273,59.2,ACCEPT,
2767,"Wing H, New Market, Office 392, 482, Mumbai","Wing H, New Market, Office 392","Wing H, New Market, Office 392, 482",3,4,0.9230769230769231,79.0,ACCEPT,
2765,"Opposite, Sadar Market, Office 358, 408, 226066","Opposite, Sadar Market","Opposite, Sadar Market, Office 358, 408",2,4,0.6666666666666666,54.7,REVIEW,low_plausibility_and_reference_disagrees
2764,"302065, Main Bazaar, Office 341, 371, Rajasthan",302065,"302065, Main Bazaar, Office 341, 371",1,4,0.2857142857142857,31.0,ACCEPT,
2763,"Uttar Pradesh, City Centre, Office 324, 334, Noida","Uttar Pradesh, City Centre, Office 324","Uttar Pradesh, City Centre, Office 324, 334",3,4,0.9230769230769231,77.8,ACCEPT,
2761,"District 62, Gandhi Market, Office 290, 260, 110062","District 62, Gandhi Market, Office 290","District 62, Gandhi Market, Office 290, 260",3,4,0.9230769230769231,79.8,REVIEW,low_plausibility_and_reference_disagrees
2760,"Tehsil 11, Sadar Market, Office 273, 223, Maharashtra","Tehsil 11, Sadar Market","Tehsil 11, Sadar Market, Office 273, 223",2,4,0.7272727272727273,62.7,ACCEPT,
2759,"Post Madhopur, Main Bazaar, Office 256, 186, Dehradun","Post Madhopur, Main Bazaar","Post Madhopur, Main Bazaar, Office 256, 186",2,4,0.7272727272727273,59.8,ACCEPT,
2790,"Municipal Park, Rampur, Office 783, 334, District 16","Municipal Park, Rampur",Municipal Park,2,1,0.8,81.3,ACCEPT,
2789,"Sector 18, Madhopur, Office 766, 297, 500090","Sector 18, Madhopur, Office 766, 297",Sector 18,4,1,0.5,33.0,REVIEW,low_plausibility_and_reference_disagrees
2788,"Krishna Colony, Kalyanpur, Office 749, 260, Karnataka","Krishna Colony, Kalyanpur",Krishna Colony,2,1,0.8,76.2,REVIEW,low_plausibility_and_reference_disagrees
2786,"Gali 27, Shivpur, Office 715, 186, District 12","Gali 27, Shivpur, Office 715",Gali 27,3,1,0.5714285714285714,48.7,ACCEPT,
2784,"Ring Road, Rampur, Office 681, 112, Rajasthan","Ring Road, Rampur, Office 681, 112",Ring Road,4,1,0.5,39.1,ACCEPT,
2782,"Phase 5, Kalyanpur, Office 647, 38, District 8","Phase 5, Kalyanpur",Phase 5,2,1,0.8,68.1,ACCEPT,
2781,"Block F, Rajapur, Office 630, 1, 110082","Block F, Rajapur",Block F,2,1,0.8,70.2,ACCEPT,
2780,"Tower E, Shivpur, Office 613, 963, Maharashtra","Tower E, Shivpur, Office 613",Tower E,3,1,0.5714285714285714,48.7,ACCEPT,
2779,"20th Floor, Lakshmipur, Office 596, 926, Dehradun","20th Floor, Lakshmipur",20th Floor,2,1,0.8,70.6,ACCEPT,
2778,"Unit 958, Rampur, Office 579, 889, District 4","Unit 958, Rampur, Office 579, 889",Unit 958,4,1,0.5,39.0,ACCEPT,
2777,"Plot 816, Madhopur, Office 562, 852, 800078","Plot 816, Madhopur",Plot 816,2,1,0.8,70.6,ACCEPT,
2776,"Office 545, Kalyanpur, Office 545, 815, Kerala","Office 545, Kalyanpur, Office 545",Office 545,3,1,0.5714285714285714,46.7,ACCEPT,
2775,"Shop 87, Rajapur, Office 528, 778, Indore","Shop 87, Rajapur, Office 528",Shop 87,3,1,0.5714285714285714,44.5,ACCEPT,
2805,"Opposite, Rajapur, Office 139, 889, District 31","Opposite, Rajapur, Office 139",Opposite,3,1,0.4,50.3,ACCEPT,
2804,"Near, Shivpur, Office 122, 852, 302105","Near, Shivpur",Near,2,1,0.6666666666666666,63.9,ACCEPT,
2803,"Business Park 14, Lakshmipur, Office 105, 815, Uttar Pradesh","Business Park 14, Lakshmipur, Office 105, 815",Business Park 14,4,1,0.6,47.4,REVIEW,low_plausibility_and_reference_disagrees
2802,"Industrial Area 13, Rampur, Office 987, 778, Gurugram","Industrial Area 13, Rampur",Industrial Area 13,2,1,0.8571428571428571,82.9,ACCEPT,
2801,"Campus 2, Madhopur, Office 970, 741, District 27","Campus 2, Madhopur, Office 970",Campus 2,3,1,0.5714285714285714,49.3,ACCEPT,
2800,"Wing A, Kalyanpur, Office 953, 704, 440101","Wing A, Kalyanpur, Office 953",Wing A,3,1,0.5714285714285714,40.7,ACCEPT,
2799,"Building 80, Rajapur, Office 936, 667, Uttarakhand","Building 80, Rajapur",Building 80,2,1,0.8,77.2,ACCEPT,
2798,"Behind, Shivpur, Office 919, 630, Bhubaneswar","Behind, Shivpur",Behind,2,1,0.6666666666666666,70.1,ACCEPT,
2797,"800098, Lakshmipur, Office 902, 593, District 23","800098, Lakshmipur, Office 902, 593",800098,4,1,0.3333333333333333,34.0,ACCEPT,
2796,"Kerala, Rampur, Office 885, 556, 682097","Kerala, Rampur",Kerala,2,1,0.6666666666666666,70.9,REVIEW,low_plausibility_and_reference_disagrees
2793,"Tehsil 44, Rajapur, Office 834, 445, District 19","Tehsil 44, Rajapur",Tehsil 44,2,1,0.8,75.0,ACCEPT,
2791,"Gandhi Market, Lakshmipur, Office 800, 371, Ahmedabad","Gandhi Market, Lakshmipur, Office 800",Gandhi Market,3,1,0.5714285714285714,51.8,ACCEPT,
2822,"Sector 51, Post Shivpur, Office 428, 519, Gurugram","Sector 51, Post Shivpur, Office 428",Sector 51,3,1,0.5,44.6,REVIEW,low_plausibility_and_reference_disagrees
2821,"Gandhi Nagar, Post Lakshmipur, Office 411, 482, District 47","Gandhi Nagar, Post Lakshmipur, Office 411",Gandhi Nagar,3,1,0.5,48.0,REVIEW,low_plausibility_and_reference_disagrees
2820,"Shanti Nagar, Post Rampur, Office 394, 445, 440121","Shanti Nagar, Post Rampur, Office 394, 445",Shanti Nagar,4,1,0.4444444444444444,34.4,REVIEW,low_plausibility_and_reference_disagrees
2819,"Gali 30, Post Madhopur, Office 377, 408, Uttarakhand","Gali 30, Post Madhopur, Office 377, 408",Gali 30,4,1,0.4444444444444444,33.6,ACCEPT,
2818,"Airport Road, Post Kalyanpur, Office 360, 371, Bhubaneswar","Airport Road, Post Kalyanpur",Airport Road,2,1,0.6666666666666666,68.2,ACCEPT,
2817,"College Road, Post Rajapur, Office 343, 334, District 43","College Road, Post Rajapur, Office 343",College Road,3,1,0.5,50.5,ACCEPT,
2815,"Phase 2, Post Lakshmipur, Office 309, 260, Madhya Pradesh","Phase 2, Post Lakshmipur, Office 309, 260",Phase 2,4,1,0.4444444444444444,35.3,ACCEPT,
2814,"Block G, Post Rampur, Office 292, 223, Bhopal","Block G, Post Rampur, Office 292",Block G,3,1,0.5,40.6,ACCEPT,
2813,"Tower F, Post Madhopur, Office 275, 186, District 39","Tower F, Post Madhopur, Office 275",Tower F,3,1,0.5,43.3,ACCEPT,
2812,"13th Floor, Post Kalyanpur, Office 258, 149, 700113","13th Floor, Post Kalyanpur, Office 258, 149",13th Floor,4,1,0.4444444444444444,30.4,ACCEPT,
2811,"Unit 718, Post Rajapur, Office 241, 112, Gujarat","Unit 718, Post Rajapur, Office 241",Unit 718,3,1,0.5,42.3,ACCEPT,
2810,"Plot 444, Post Shivpur, Office 224, 75, Chennai","Plot 444, Post Shivpur, Office 224, 75",Plot 444,4,1,0.4444444444444444,31.2,ACCEPT,
2809,"Office 207, Post Lakshmipur, Office 207, 38, District 35","Office 207, Post Lakshmipur, Office 207, 38",Office 207,4,1,0.4444444444444444,36.8,ACCEPT,
2807,"632, Post Madhopur, Office 173, 963, Maharashtra","632, Post Madhopur, Office 173",632,3,1,0.3333333333333333,35.6,ACCEPT,
2838,"Opposite, Post Rampur, Office 700, 112, Odisha","Opposite, Post Rampur, Office 700",Opposite,3,1,0.3333333333333333,42.1,ACCEPT,
2837,"Near, Post Madhopur, Office 683, 75, Patna","Near, Post Madhopur, Office 683, 75",Near,4,1,0.2857142857142857,20.9,ACCEPT,
2836,"Business Park 2, Post Kalyanpur, Office 666, 38, District 62","Business Park 2, Post Kalyanpur",Business Park 2,2,1,0.75,70.6,REVIEW,low_plausibility_and_reference_disagrees
2835,"Industrial Area 1, Post Rajapur, Office 649, 1, 452136","Industrial Area 1, Post Rajapur, Office 649, 1",Industrial Area 1,4,1,0.5454545454545454,39.4,ACCEPT,
2834,"Campus 15, Post Shivpur, Office 632, 963, Madhya Pradesh","Campus 15, Post Shivpur",Campus 15,2,1,0.6666666666666666,68.0,ACCEPT,
2833,"Wing B, Post Lakshmipur, Office 615, 926, Chandigarh","Wing B, Post Lakshmipur",Wing B,2,1,0.6666666666666666,58.2,ACCEPT,
2832,"Building 33, Post Rampur, Office 598, 889, District 58","Building 33, Post Rampur, Office 598, 889",Building 33,4,1,0.4444444444444444,40.0,ACCEPT,
2831,"Beside, Post Madhopur, Office 581, 852, 380132","Beside, Post Madhopur, Office 581",Beside,3,1,0.3333333333333333,37.3,ACCEPT,
2830,"600131, Post Kalyanpur, Office 564, 815, Tamil Nadu","600131, Post Kalyanpur",600131,2,1,0.5,59.4,ACCEPT,
2829,"Telangana, Post Rajapur, Office 547, 778, Hyderabad","Telangana, Post Rajapur, Office 547, 778",Telangana,4,1,0.2857142857142857,34.6,REVIEW,low_plausibility_and_reference_disagrees
2828,"Bengaluru, Post Shivpur, Office 530, 741, District 54","Bengaluru, Post Shivpur",Bengaluru,2,1,0.5,67.3,REVIEW,low_plausibility_and_reference_disagrees
2827,"District 53, Post Lakshmipur, Office 513, 704, 400128","District 53, Post Lakshmipur, Office 513, 704",District 53,4,1,0.4444444444444444,30.9,ACCEPT,
2826,"Tehsil 27, Post Rampur, Office 496, 667, Maharashtra","Tehsil 27, Post Rampur",Tehsil 27,2,1,0.6666666666666666,68.7,ACCEPT,
2825,"Madhopur, Post Madhopur, Office 479, 630, District 51","Madhopur, Post Madhopur, Office 479",Madhopur,3,1,0.3333333333333333,44.8,REVIEW,low_plausibility_and_reference_disagrees
2824,"Main Bazaar, Post Kalyanpur, Office 462, 593, 302125","Main Bazaar, Post Kalyanpur, Office 462",Main Bazaar,3,1,0.5,43.4,ACCEPT,
2823,"City Library, Post Rajapur, Office 445, 556, Uttar Pradesh","City Library, Post Rajapur, Office 445, 556",City Library,4,1,0.4444444444444444,42.4,REVIEW,low_plausibility_and_reference_disagrees
2854,"Laxmi Enclave, Tehsil 5, Office 972, 704, Madhya Pradesh","Laxmi Enclave, Tehsil 5",Laxmi Enclave,2,1,0.6666666666666666,78.0,ACCEPT,
2853,"Rajendra Nagar, Tehsil 4, Office 955, 667, Chandigarh","Rajendra Nagar, Tehsil 4, Office 955, 667",Rajendra Nagar,4,1,0.4444444444444444,44.1,ACCEPT,
2852,"Gali 3, Tehsil 3, Office 938, 630, District 3","Gali 3, Tehsil 3",Gali 3,2,1,0.6666666666666666,68.1,ACCEPT,
2851,"Station Road, Tehsil 2, Office 921, 593, 380152","Station Road, Tehsil 2, Office 921",Station Road,3,1,0.5,50.0,ACCEPT,
2850,"MG Road, Tehsil 1, Office 904, 556, Tamil Nadu","MG Road, Tehsil 1, Office 904",MG Road,3,1,0.5,47.0,ACCEPT,
2848,"Phase 5, Tehsil 49, Office 870, 482, District 74","Phase 5, Tehsil 49, Office 870, 482",Phase 5,4,1,0.4444444444444444,36.3,ACCEPT,
2847,"Block H, Tehsil 48, Office 853, 445, 400148","Block H, Tehsil 48, Office 853",Block H,3,1,0.5,42.4,ACCEPT,
2846,"Tower G, Tehsil 47, Office 836, 408, Maharashtra","Tower G, Tehsil 47",Tower G,2,1,0.6666666666666666,68.6,ACCEPT,
2845,"6th Floor, Tehsil 46, Office 819, 371, Lucknow","6th Floor, Tehsil 46, Office 819",6th Floor,3,1,0.5,46.4,ACCEPT,
2844,"Unit 478, Tehsil 45, Office 802, 334, District 70","Unit 478, Tehsil 45, Office 802, 334",Unit 478,4,1,0.4444444444444444,37.8,ACCEPT,
2843,"Plot 72, Tehsil 44, Office 785, 297, 201444","Plot 72, Tehsil 44",Plot 72,2,1,0.6666666666666666,67.2,ACCEPT,
2842,"Office 768, Tehsil 43, Office 768, 260, Haryana","Office 768, Tehsil 43, Office 768, 260",Office 768,4,1,0.4444444444444444,35.2,ACCEPT,
2841,"Shop 314, Tehsil 42, Office 751, 223, Delhi","Shop 314, Tehsil 42, Office 751",Shop 314,3,1,0.5,42.9,ACCEPT,
2840,"162, Tehsil 41, Office 734, 186, District 66","162, Tehsil 41, Office 734",162,3,1,0.3333333333333333,38.5,ACCEPT,
2870,"Near, Tehsil 21, Office 345, 297, 600171","Near, Tehsil 21",Near,2,1,0.5,60.3,ACCEPT,
2869,"Business Park 5, Tehsil 20, Office 328, 260, Telangana","Business Park 5, Tehsil 20, Office 328, 260",Business Park 5,4,1,0.5454545454545454,43.0,ACCEPT,
2868,"Industrial Area 4, Tehsil 19, Office 311, 223, Bengaluru","Industrial Area 4, Tehsil 19, Office 311",Industrial Area 4,3,1,0.6,56.1,ACCEPT,
2866,"Wing C, Tehsil 17, Office 277, 149, 411167","Wing C, Tehsil 17, Office 277",Wing C,3,1,0.5,40.7,ACCEPT,
2864,"Near, Tehsil 15, Office 243, 75, Jaipur","Near, Tehsil 15, Office 243, 75",Near,4,1,0.2857142857142857,24.8,ACCEPT,
2863,"201464, Tehsil 14, Office 226, 38, District 14","201464, Tehsil 14, Office 226, 38",201464,4,1,0.2857142857142857,35.4,ACCEPT,
2862,"Haryana, Tehsil 13, Office 209, 1, 122163","Haryana, Tehsil 13, Office 209",Haryana,3,1,0.3333333333333333,40.2,ACCEPT,
2860,"District 11, Tehsil 11, Office 175, 926, Nagpur","District 11, Tehsil 11, Office 175",District 11,3,1,0.5,47.9,REVIEW,low_plausibility_and_reference_disagrees
2858,"Shivpur, Tehsil 9, Office 141, 852, Odisha","Shivpur, Tehsil 9, Office 141",Shivpur,3,1,0.3333333333333333,43.4,ACCEPT,
2857,"New Market, Tehsil 8, Office 124, 815, Patna","New Market, Tehsil 8, Office 124",New Market,3,1,0.5,46.6,ACCEPT,
2856,"Central Mall, Tehsil 7, Office 107, 778, District 7","Central Mall, Tehsil 7, Office 107",Central Mall,3,1,0.5,53.6,ACCEPT,
2871,"Opposite, Tehsil 22, Office 362, 334, District 22","Opposite, Tehsil 22, Office 362, 334",Opposite,4,1,0.2857142857142857,37.8,ACCEPT,
3798,"Shop 362, Municipal Park, Plot 235, 667, Bhubaneswar",Shop 362,"Shop 362, Municipal Park, Plot 235, 667",1,4,0.4444444444444444,35.6,ACCEPT,
3795,"Opposite, Sector 34, Plot 178, 556, Madhya Pradesh","Opposite, Sector 34, Plot 178",Opposite,3,1,0.3333333333333333,52.3,ACCEPT,
3794,"Near, Sector 33, Plot 159, 519, Bhopal","Near, Sector 33",Near,2,1,0.5,59.7,ACCEPT,
3793,"Business Park 14, Sector 32, Plot 140, 482, District 44","Business Park 14, Sector 32, Plot 140",Business Park 14,3,1,0.6,58.9,REVIEW,low_plausibility_and_reference_disagrees
3792,"Industrial Area 13, Sector 31, Plot 121, 445, 700193","Industrial Area 13, Sector 31, Plot 121, 445",Industrial Area 13,4,1,0.5454545454545454,42.3,ACCEPT,
3791,"Campus 12, Sector 30, Plot 102, 408, Gujarat","Campus 12, Sector 30, Plot 102, 408",Campus 12,4,1,0.4444444444444444,35.4,ACCEPT,
3790,"Wing G, Sector 29, Plot 83, 371, Chennai","Wing G, Sector 29",Wing G,2,1,0.6666666666666666,64.7,ACCEPT,
3789,"Building 30, Sector 28, Plot 64, 334, District 40","Building 30, Sector 28, Plot 64",Building 30,3,1,0.5,55.4,ACCEPT,
3788,"Near, Sector 27, Plot 45, 297, 560189","Near, Sector 27, Plot 45",Near,3,1,0.3333333333333333,39.4,ACCEPT,
3787,"400188, Sector 26, Plot 26, 260, Maharashtra","400188, Sector 26, Plot 26",400188,3,1,0.3333333333333333,48.0,ACCEPT,
3786,"Maharashtra, Sector 25, Plot 7, 223, Pune","Maharashtra, Sector 25, Plot 7, 223",Maharashtra,4,1,0.2857142857142857,33.9,REVIEW,low_plausibility_and_reference_disagrees
3785,"Lucknow, Sector 24, Plot 987, 186, District 36","Lucknow, Sector 24, Plot 987, 186",Lucknow,4,1,0.2857142857142857,37.8,REVIEW,low_plausibility_and_reference_disagrees
3782,"Post Shivpur, Sector 21, Plot 930, 75, Gurugram","Post Shivpur, Sector 21, Plot 930",Post Shivpur,3,1,0.5,52.1,REVIEW,low_plausibility_and_reference_disagrees
3781,"Lakshmipur, Sector 20, Plot 911, 38, District 32","Lakshmipur, Sector 20",Lakshmipur,2,1,0.5,72.2,REVIEW,low_plausibility_and_reference_disagrees
3780,"Sadar Market, Sector 19, Plot 892, 1, 440181","Sadar Market, Sector 19",Sadar Market,2,1,0.6666666666666666,72.2,ACCEPT,
3779,"Clock Tower, Sector 18, Plot 873, 963, Uttarakhand","Clock Tower, Sector 18, Plot 873, 963",Clock Tower,4,1,0.4444444444444444,43.1,ACCEPT,
3778,"Krishna Colony, Sector 17, Plot 854, 926, District 29","Krishna Colony, Sector 17, Plot 854",Krishna Colony,3,1,0.5,57.3,REVIEW,low_plausibility_and_reference_disagrees
3777,"Saket Extension, Sector 16, Plot 835, 889, 800178","Saket Extension, Sector 16, Plot 835",Saket Extension,3,1,0.5,53.8,REVIEW,low_plausibility_and_reference_disagrees
3776,"Gali 27, Sector 15, Plot 816, 852, Kerala","Gali 27, Sector 15",Gali 27,2,1,0.6666666666666666,66.6,ACCEPT,
3775,"Park Road, Sector 14, Plot 797, 815, Indore","Park Road, Sector 14, Plot 797, 815",Park Road,4,1,0.4444444444444444,33.8,ACCEPT,
3774,"Ring Road, Sector 13, Plot 778, 778, District 25","Ring Road, Sector 13, Plot 778",Ring Road,3,1,0.5,51.8,ACCEPT,
3773,"Lake View Homes, Sector 12, Plot 759, 741, 160174","Lake View Homes, Sector 12",Lake View Homes,2,1,0.75,75.4,REVIEW,low_plausibility_and_reference_disagrees
3772,"Phase 5, Sector 11, Plot 740, 704, West Bengal","Phase 5, Sector 11, Plot 740, 704",Phase 5,4,1,0.4444444444444444,37.8,ACCEPT,
3771,"Block D, Sector 10, Plot 721, 667, Ahmedabad","Block D, Sector 10, Plot 721, 667",Block D,4,1,0.4444444444444444,35.4,ACCEPT,
3770,"Tower C, Sector 9, Plot 702, 630, District 21","Tower C, Sector 9, Plot 702, 630",Tower C,4,1,0.4444444444444444,38.7,ACCEPT,
3769,"10th Floor, Sector 8, Plot 683, 593, 500170","10th Floor, Sector 8, Plot 683, 593",10th Floor,4,1,0.4444444444444444,35.8,ACCEPT,
3768,"Unit 751, Sector 7, Plot 664, 556, Karnataka","Unit 751, Sector 7, Plot 664",Unit 751,3,1,0.5,49.9,ACCEPT,
3767,"Plot 645, Sector 6, Plot 645, 519, Mumbai","Plot 645, Sector 6, Plot 645, 519",Plot 645,4,1,0.4444444444444444,33.2,ACCEPT,
3765,"Shop 498, Sector 4, Plot 607, 445, 226166","Shop 498, Sector 4, Plot 607",Shop 498,3,1,0.5,47.1,ACCEPT,
3763,"371, Sector 2, Plot 569, 371, Noida","371, Sector 2, Plot 569",371,3,1,0.3333333333333333,35.7,ACCEPT,
3761,"Near, Gandhi Nagar, Plot 531, 297, 110162","Near, Gandhi Nagar","Near, Gandhi Nagar, Plot 531, 297",2,4,0.6666666666666666,55.2,REVIEW,low_plausibility_and_reference_disagrees
3751,"District 2, Gandhi Nagar, Plot 341, 926, Ahmedabad","District 2, Gandhi Nagar","District 2, Gandhi Nagar, Plot 341, 926",2,4,0.7272727272727273,63.0,ACCEPT,
2918,"Gali 9, Bhubaneswar, Office 262, 75, District 69","Gali 9, Bhubaneswar, Office 262",Gali 9,3,1,0.5714285714285714,42.5,ACCEPT,
2917,"College Road, Patna, Office 245, 38, 800218","College Road, Patna, Office 245, 38",College Road,4,1,0.5,39.8,ACCEPT,
2916,"Main Bazaar, Kochi, Office 228, 1, Kerala","Main Bazaar, Kochi, Office 228",Main Bazaar,3,1,0.5714285714285714,50.0,ACCEPT,
2915,"Royal Enclave, Indore, Office 211, 963, Indore","Royal Enclave, Indore",Royal Enclave,2,1,0.8,79.5,ACCEPT,
2914,"Phase 5, Bhopal, Office 194, 926, District 65","Phase 5, Bhopal, Office 194",Phase 5,3,1,0.5714285714285714,49.8,ACCEPT,
2912,"Tower A, Kolkata, Office 160, 852, West Bengal","Tower A, Kolkata, Office 160",Tower A,3,1,0.5714285714285714,48.7,ACCEPT,
2911,"12th Floor, Ahmedabad, Office 143, 815, Ahmedabad","12th Floor, Ahmedabad, Office 143",12th Floor,3,1,0.5714285714285714,49.5,ACCEPT,
2910,"Unit 997, Chennai, Office 126, 778, District 61","Unit 997, Chennai",Unit 997,2,1,0.8,73.6,ACCEPT,
2909,"Plot 327, Hyderabad, Office 109, 741, 500210","Plot 327, Hyderabad, Office 109, 741",Plot 327,4,1,0.5,31.0,ACCEPT,
2907,"Shop 42, Mumbai, Office 974, 667, Mumbai","Shop 42, Mumbai, Office 974, 667",Shop 42,4,1,0.5,31.7,ACCEPT,
2905,"593, Lucknow, Office 940, 593, 226206","593, Lucknow, Office 940, 593",593,4,1,0.3333333333333333,23.2,ACCEPT,
2932,"Wing E, Kolkata, Office 500, 593, 700233","Wing E, Kolkata, Office 500",Wing E,3,1,0.5714285714285714,42.7,ACCEPT,
2931,"Building 52, Ahmedabad, Office 483, 556, Gujarat","Building 52, Ahmedabad",Building 52,2,1,0.8,73.0,ACCEPT,
2930,"Behind, Chennai, Office 466, 519, Chennai","Behind, Chennai, Office 466",Behind,3,1,0.4,43.7,ACCEPT,
2929,"500230, Hyderabad, Office 449, 482, District 5","500230, Hyderabad",500230,2,1,0.6666666666666666,66.4,ACCEPT,
2928,"Karnataka, Bengaluru, Office 432, 445, 560229","Karnataka, Bengaluru, Office 432, 445",Karnataka,4,1,0.3333333333333333,32.3,REVIEW,low_plausibility_and_reference_disagrees
2927,"District 3, Mumbai, Office 415, 408, Mumbai","District 3, Mumbai, Office 415",District 3,3,1,0.5714285714285714,49.9,ACCEPT,
2926,"Tehsil 27, Pune, Office 398, 371, District 2","Tehsil 27, Pune, Office 398, 371",Tehsil 27,4,1,0.5,42.2,ACCEPT,
2925,"Post Rajapur, Lucknow, Office 381, 334, 226226","Post Rajapur, Lucknow",Post Rajapur,2,1,0.8,77.0,REVIEW,low_plausibility_and_reference_disagrees
2924,"Shivpur, Jaipur, Office 364, 297, Rajasthan","Shivpur, Jaipur, Office 364",Shivpur,3,1,0.4,48.3,REVIEW,low_plausibility_and_reference_disagrees
2920,"Shanti Nagar, Nagpur, Office 296, 149, Maharashtra","Shanti Nagar, Nagpur, Office 296",Shanti Nagar,3,1,0.5714285714285714,56.4,REVIEW,low_plausibility_and_reference_disagrees
2919,"Rosewood Layout, Dehradun, Office 279, 112, Dehradun","Rosewood Layout, Dehradun, Office 279",Rosewood Layout,3,1,0.5714285714285714,54.7,REVIEW,low_plausibility_and_reference_disagrees
2950,"MG Road, Tamil Nadu, Office 806, 260, Chennai","MG Road, Tamil Nadu, Office 806",MG Road,3,1,0.5,42.5,ACCEPT,
2949,"Lake View Road, Telangana, Office 789, 223, District 25","Lake View Road, Telangana, Office 789",Lake View Road,3,1,0.6666666666666666,55.2,ACCEPT,
2948,"Sunrise Towers, Karnataka, Office 772, 186, 560249","Sunrise Towers, Karnataka",Sunrise Towers,2,1,0.8,75.3,ACCEPT,
2947,"Phase 2, Maharashtra, Office 755, 149, Maharashtra","Phase 2, Maharashtra, Office 755, 149",Phase 2,4,1,0.5,34.9,ACCEPT,
2946,"Block C, Maharashtra, Office 738, 112, Pune","Block C, Maharashtra",Block C,2,1,0.8,63.3,ACCEPT,
2945,"Tower B, Uttar Pradesh, Office 721, 75, District 21","Tower B, Uttar Pradesh, Office 721",Tower B,3,1,0.5,42.5,ACCEPT,
2944,"5th Floor, Rajasthan, Office 704, 38, 302245","5th Floor, Rajasthan, Office 704, 38",5th Floor,4,1,0.5,33.0,ACCEPT,
2943,"Unit 757, Uttar Pradesh, Office 687, 1, Uttar Pradesh","Unit 757, Uttar Pradesh, Office 687",Unit 757,3,1,0.5,44.8,ACCEPT,
2940,"Shop 405, Maharashtra, Office 636, 889, 440241","Shop 405, Maharashtra, Office 636",Shop 405,3,1,0.5714285714285714,42.1,ACCEPT,
2939,"550, Uttarakhand, Office 619, 852, Uttarakhand","550, Uttarakhand",550,2,1,0.6666666666666666,55.5,ACCEPT,
2938,"815, Odisha, Office 602, 815, Bhubaneswar","815, Odisha, Office 602",815,3,1,0.4,41.1,ACCEPT,
2937,"Opposite, Patna, Office 585, 778, District 13","Opposite, Patna",Opposite,2,1,0.6666666666666666,77.5,ACCEPT,
2936,"Near, Kochi, Office 568, 741, 682237","Near, Kochi, Office 568",Near,3,1,0.4,40.5,ACCEPT,
2935,"Business Park 11, Indore, Office 551, 704, Madhya Pradesh","Business Park 11, Indore",Business Park 11,2,1,0.8571428571428571,83.0,REVIEW,low_plausibility_and_reference_disagrees
2965,"Wing F, Uttar Pradesh, Office 162, 815, Lucknow","Wing F, Uttar Pradesh, Office 162",Wing F,3,1,0.5,38.3,ACCEPT,
2964,"Building 5, Rajasthan, Office 145, 778, District 40","Building 5, Rajasthan, Office 145, 778",Building 5,4,1,0.5,40.4,ACCEPT,
2963,"Beside, Uttar Pradesh, Office 128, 741, 201564","Beside, Uttar Pradesh, Office 128, 741",Beside,4,1,0.2857142857142857,25.5,ACCEPT,
2962,"122263, Haryana, Office 111, 704, Haryana","122263, Haryana, Office 111, 704",122263,4,1,0.3333333333333333,30.9,ACCEPT,
2960,"District 36, Maharashtra, Office 976, 630, 440261","District 36, Maharashtra, Office 976",District 36,3,1,0.5714285714285714,46.0,ACCEPT,
2959,"Tehsil 10, Uttarakhand, Office 959, 593, Uttarakhand","Tehsil 10, Uttarakhand",Tehsil 10,2,1,0.8,68.7,ACCEPT,
2958,"Post Rampur, Odisha, Office 942, 556, Bhubaneswar","Post Rampur, Odisha, Office 942",Post Rampur,3,1,0.5714285714285714,55.4,REVIEW,low_plausibility_and_reference_disagrees
2957,"Madhopur, Bihar, Office 925, 519, District 33","Madhopur, Bihar, Office 925, 519",Madhopur,4,1,0.3333333333333333,41.1,REVIEW,low_plausibility_and_reference_disagrees
2956,"Gandhi Market, Kerala, Office 908, 482, 682257","Gandhi Market, Kerala, Office 908",Gandhi Market,3,1,0.5714285714285714,53.2,ACCEPT,
2955,"Clock Tower, Madhya Pradesh, Office 891, 445, Madhya Pradesh","Clock Tower, Madhya Pradesh, Office 891",Clock Tower,3,1,0.5,49.7,ACCEPT,
2952,"Green Park, West Bengal, Office 840, 334, 700253","Green Park, West Bengal, Office 840, 334",Green Park,4,1,0.4444444444444444,32.2,ACCEPT,
2951,"Gali 12, Gujarat, Office 823, 297, Gujarat","Gali 12, Gujarat, Office 823",Gali 12,3,1,0.5714285714285714,45.4,ACCEPT,
3742,"Nehru Street, Green Park, Plot 170, 593, 122143","Nehru Street, Green Park","Nehru Street, Green Park, Plot 170, 593",2,4,0.7272727272727273,58.0,REVIEW,low_plausibility_and_reference_disagrees
3722,"Behind, Green Park, Plot 789, 852, 122123",Behind,"Behind, Green Park, Plot 789, 852",1,4,0.2857142857142857,28.6,REVIEW,low_plausibility_and_reference_disagrees
2981,"Lake View Homes, 110282, Office 434, 408, Delhi","Lake View Homes, 110282",Lake View Homes,2,1,0.8571428571428571,80.6,ACCEPT,
2980,"Phase 5, 440281, Office 417, 371, District 56","Phase 5, 440281, Office 417",Phase 5,3,1,0.5714285714285714,49.8,REVIEW,low_plausibility_and_reference_disagrees
2978,"Tower C, 751279, Office 383, 297, Odisha","Tower C, 751279, Office 383",Tower C,3,1,0.5714285714285714,45.5,REVIEW,low_plausibility_and_reference_disagrees
2977,"18th Floor, 800278, Office 366, 260, Patna","18th Floor, 800278, Office 366",18th Floor,3,1,0.5714285714285714,48.8,REVIEW,low_plausibility_and_reference_disagrees
2974,"Office 315, 462275, Office 315, 149, Madhya Pradesh","Office 315, 462275",Office 315,2,1,0.8,78.5,REVIEW,low_plausibility_and_reference_disagrees
2973,"Shop 269, 160274, Office 298, 112, Chandigarh","Shop 269, 160274, Office 298",Shop 269,3,1,0.5714285714285714,50.7,REVIEW,low_plausibility_and_reference_disagrees
2972,"979, 700273, Office 281, 75, District 48","979, 700273, Office 281, 75",979,4,1,0.3333333333333333,31.5,REVIEW,low_plausibility_and_reference_disagrees
2971,"38, 380272, Office 264, 38, 380272","38, 380272, Office 264",38,3,1,0.4,32.7,REVIEW,low_plausibility_and_reference_disagrees
2970,"Opposite, Tamil Nadu, Office 247, 1, Tamil Nadu","Opposite, Tamil Nadu",Opposite,2,1,0.5,67.9,ACCEPT,
2969,"Near, Telangana, Office 230, 963, Hyderabad","Near, Telangana, Office 230",Near,3,1,0.4,39.4,ACCEPT,
2968,"Business Park 14, Karnataka, Office 213, 926, District 44","Business Park 14, Karnataka, Office 213",Business Park 14,3,1,0.6666666666666666,56.9,REVIEW,low_plausibility_and_reference_disagrees
2967,"Industrial Area 13, Maharashtra, Office 196, 889, 400268","Industrial Area 13, Maharashtra, Office 196, 889",Industrial Area 13,4,1,0.6,39.4,ACCEPT,
2998,"Wing G, 751299, Office 723, 38, 751299","Wing G, 751299, Office 723",Wing G,3,1,0.5714285714285714,42.6,REVIEW,low_plausibility_and_reference_disagrees
2997,"Building 38, 800298, Office 706, 1, Bihar","Building 38, 800298, Office 706",Building 38,3,1,0.5714285714285714,47.5,REVIEW,low_plausibility_and_reference_disagrees
2996,"Near, 682297, Office 689, 963, Kochi","Near, 682297, Office 689",Near,3,1,0.4,38.3,ACCEPT,
2995,"Madhya Pradesh, 452296, Office 672, 926, 452296","Madhya Pradesh, 452296, Office 672",Madhya Pradesh,3,1,0.5714285714285714,54.1,ACCEPT,
2994,"Bhopal, 462295, Office 655, 889, Madhya Pradesh","Bhopal, 462295, Office 655",Bhopal,3,1,0.4,49.9,ACCEPT,
2993,"District 69, 160294, Office 638, 852, Chandigarh","District 69, 160294",District 69,2,1,0.8,78.8,ACCEPT,
2992,"Tehsil 43, 700293, Office 621, 815, District 68","Tehsil 43, 700293",Tehsil 43,2,1,0.8,76.8,ACCEPT,
2991,"Post Rajapur, 380292, Office 604, 778, 380292","Post Rajapur, 380292",Post Rajapur,2,1,0.8,78.7,ACCEPT,
2990,"Shivpur, 600291, Office 587, 741, Tamil Nadu","Shivpur, 600291",Shivpur,2,1,0.6666666666666666,73.7,ACCEPT,
2989,"Main Bazaar, 500290, Office 570, 704, Hyderabad","Main Bazaar, 500290",Main Bazaar,2,1,0.8,78.6,REVIEW,low_plausibility_and_reference_disagrees
2988,"District Court, 560289, Office 553, 667, District 64","District Court, 560289, Office 553",District Court,3,1,0.5714285714285714,58.4,ACCEPT,
2987,"Sector 18, 400288, Office 536, 630, 400288","Sector 18, 400288, Office 536",Sector 18,3,1,0.5714285714285714,48.6,ACCEPT,
2986,"Ashok Vihar, 411287, Office 519, 593, Maharashtra","Ashok Vihar, 411287, Office 519",Ashok Vihar,3,1,0.5714285714285714,55.4,ACCEPT,
2984,"Gali 15, 302285, Office 485, 519, District 60","Gali 15, 302285, Office 485, 519",Gali 15,4,1,0.5,38.7,REVIEW,low_plausibility_and_reference_disagrees
2983,"Gandhi Marg, 201584, Office 468, 482, 201584","Gandhi Marg, 201584, Office 468, 482",Gandhi Marg,4,1,0.5,37.0,ACCEPT,
3012,"Block E, Near, Office 961, 556, Kolkata","Block E, Near","Block E, Near, Office 961, 556",2,4,0.6666666666666666,51.0,ACCEPT,
3010,"11th Floor, Behind, Office 927, 482, 600311","11th Floor, Behind, Office 927","11th Floor, Behind, Office 927, 482",3,4,0.9090909090909091,79.0,REVIEW,low_plausibility_and_reference_disagrees
3009,"Unit 277, Opposite, Office 910, 445, Telangana","Unit 277, Opposite","Unit 277, Opposite, Office 910, 445",2,4,0.6666666666666666,57.7,ACCEPT,
3008,"Plot 210, Near, Office 893, 408, Bengaluru","Plot 210, Near","Plot 210, Near, Office 893, 408",2,4,0.6666666666666666,54.9,ACCEPT,
3006,"Shop 133, Behind, Office 859, 334, 411307","Shop 133, Behind","Shop 133, Behind, Office 859, 334",2,4,0.6666666666666666,51.4,REVIEW,low_plausibility_and_reference_disagrees
3005,"509, Opposite, Office 842, 297, Uttar Pradesh","509, Opposite, Office 842","509, Opposite, Office 842, 297",3,4,0.8888888888888888,85.6,ACCEPT,
3004,"260, Near, Office 825, 260, Jaipur","260, Near","260, Near, Office 825, 260",2,4,0.5714285714285714,45.0,ACCEPT,
3003,"Opposite, 201604, Office 808, 223, District 4","Opposite, 201604, Office 808",Opposite,3,1,0.4,50.7,ACCEPT,
3002,"Near, 122303, Office 791, 186, 122303","Near, 122303, Office 791, 186",Near,4,1,0.3333333333333333,26.1,ACCEPT,
3001,"Business Park 2, 110302, Office 774, 149, Delhi","Business Park 2, 110302, Office 774",Business Park 2,3,1,0.6666666666666666,53.8,ACCEPT,
3000,"Industrial Area 1, 440301, Office 757, 112, Nagpur","Industrial Area 1, 440301, Office 757, 112",Industrial Area 1,4,1,0.6,42.4,REVIEW,low_plausibility_and_reference_disagrees
2999,"Campus 20, 248300, Office 740, 75, District 75","Campus 20, 248300, Office 740",Campus 20,3,1,0.5714285714285714,52.1,REVIEW,low_plausibility_and_reference_disagrees
3712,"Sector 50, Green Park, Plot 599, 482, Kolkata","Sector 50, Green Park, Plot 599","Sector 50, Green Park, Plot 599, 482",3,4,0.9230769230769231,80.8,ACCEPT,
3702,"Unit 232, Green Park, Plot 409, 112, Haryana",Unit 232,"Unit 232, Green Park, Plot 409, 112",1,4,0.4444444444444444,33.3,ACCEPT,
3695,"Near, Gali 6, Plot 276, 852, 452096","Near, Gali 6, Plot 276",Near,3,1,0.3333333333333333,41.6,ACCEPT,
3694,"Business Park 5, Gali 5, Plot 257, 815, Madhya Pradesh","Business Park 5, Gali 5, Plot 257",Business Park 5,3,1,0.6,63.3,ACCEPT,
3693,"Industrial Area 4, Gali 4, Plot 238, 778, Chandigarh","Industrial Area 4, Gali 4, Plot 238",Industrial Area 4,3,1,0.6,62.3,REVIEW,low_plausibility_and_reference_disagrees
3692,"Campus 13, Gali 3, Plot 219, 741, District 18","Campus 13, Gali 3",Campus 13,2,1,0.6666666666666666,76.4,REVIEW,low_plausibility_and_reference_disagrees
3691,"Wing D, Gali 2, Plot 200, 704, 380092","Wing D, Gali 2, Plot 200",Wing D,3,1,0.5,46.0,REVIEW,low_plausibility_and_reference_disagrees
3690,"Building 11, Gali 1, Plot 181, 667, Tamil Nadu","Building 11, Gali 1",Building 11,2,1,0.6666666666666666,78.3,REVIEW,low_plausibility_and_reference_disagrees
3687,"Maharashtra, Gali 28, Plot 124, 556, 400088","Maharashtra, Gali 28, Plot 124",Maharashtra,3,1,0.3333333333333333,52.2,ACCEPT,
3028,"Karnataka, Near, Office 334, 149, Bengaluru","Karnataka, Near","Karnataka, Near, Office 334, 149",2,4,0.5714285714285714,55.7,ACCEPT,
3025,"Tehsil 26, Opposite, Office 283, 38, Uttar Pradesh","Tehsil 26, Opposite, Office 283","Tehsil 26, Opposite, Office 283, 38",3,4,0.9090909090909091,88.4,ACCEPT,
3024,"Post Rampur, Near, Office 266, 1, Jaipur","Post Rampur, Near","Post Rampur, Near, Office 266, 1",2,4,0.6666666666666666,54.7,ACCEPT,
3022,"New Market, Behind, Office 232, 926, 122323","New Market, Behind, Office 232","New Market, Behind, Office 232, 926",3,4,0.9090909090909091,79.0,REVIEW,low_plausibility_and_reference_disagrees
3020,"Sector 51, Near, Office 198, 852, Nagpur","Sector 51, Near","Sector 51, Near, Office 198, 852",2,4,0.6666666666666666,50.7,ACCEPT,
3016,"Main Bazaar, Near, Office 130, 704, Kochi","Main Bazaar, Near, Office 130","Main Bazaar, Near, Office 130, 704",3,4,0.9090909090909091,76.8,ACCEPT,
3045,"Block F, Building 6, Office 623, 778, 226346",Block F,"Block F, Building 6, Office 623, 778",1,4,0.4444444444444444,28.9,REVIEW,low_plausibility_and_reference_disagrees
3044,"Tower E, Building 5, Office 606, 741, Rajasthan","Tower E, Building 5, Office 606","Tower E, Building 5, Office 606, 741",3,4,0.9230769230769231,83.3,ACCEPT,
3043,"4th Floor, Building 4, Office 589, 704, Noida","4th Floor, Building 4","4th Floor, Building 4, Office 589, 704",2,4,0.7272727272727273,52.2,ACCEPT,
3041,"Plot 837, Building 2, Office 555, 630, 110342","Plot 837, Building 2","Plot 837, Building 2, Office 555, 630",2,4,0.7272727272727273,53.8,REVIEW,low_plausibility_and_reference_disagrees
3040,"Office 538, Building 1, Office 538, 593, Maharashtra","Office 538, Building 1, Office 538","Office 538, Building 1, Office 538, 593",3,4,0.9230769230769231,85.4,ACCEPT,
3039,"Shop 496, Building 80, Office 521, 556, Dehradun","Shop 496, Building 80","Shop 496, Building 80, Office 521, 556",2,4,0.7272727272727273,57.8,ACCEPT,
3037,"482, Building 78, Office 487, 482, 800338","482, Building 78, Office 487","482, Building 78, Office 487, 482",3,4,0.9090909090909091,78.8,REVIEW,low_plausibility_and_reference_disagrees
3036,"Opposite, Near, Office 470, 445, Kerala","Opposite, Near","Opposite, Near, Office 470, 445",2,4,0.5714285714285714,50.0,ACCEPT,
3035,"Near, Beside, Office 453, 408, Indore","Near, Beside, Office 453","Near, Beside, Office 453, 408",3,4,0.8888888888888888,78.2,ACCEPT,
3033,"Industrial Area 4, Opposite, Office 419, 334, 160334","Industrial Area 4, Opposite","Industrial Area 4, Opposite, Office 419, 334",2,4,0.7272727272727273,56.7,REVIEW,low_plausibility_and_reference_disagrees
3032,"Campus 13, Near, Office 402, 297, West Bengal","Campus 13, Near","Campus 13, Near, Office 402, 297",2,4,0.6666666666666666,58.2,ACCEPT,
3031,"Wing H, Beside, Office 385, 260, Ahmedabad","Wing H, Beside, Office 385","Wing H, Beside, Office 385, 260",3,4,0.9090909090909091,82.7,ACCEPT,
3061,"Delhi, Building 22, Office 895, 371, 110362","Delhi, Building 22","Delhi, Building 22, Office 895, 371",2,4,0.6666666666666666,52.7,REVIEW,low_plausibility_and_reference_disagrees
3060,"Nagpur, Building 21, Office 878, 334, Maharashtra","Nagpur, Building 21, Office 878","Nagpur, Building 21, Office 878, 334",3,4,0.9090909090909091,85.1,ACCEPT,
3059,"District 60, Building 20, Office 861, 297, Dehradun","District 60, Building 20","District 60, Building 20, Office 861, 297",2,4,0.7272727272727273,59.1,ACCEPT,
3057,"Post Rajapur, Building 18, Office 827, 223, 800358","Post Rajapur, Building 18, Office 827","Post Rajapur, Building 18, Office 827, 223",3,4,0.9230769230769231,79.8,REVIEW,low_plausibility_and_reference_disagrees
3056,"Shivpur, Building 17, Office 810, 186, Kerala",Shivpur,"Shivpur, Building 17, Office 810, 186",1,4,0.2857142857142857,28.2,ACCEPT,
3053,"Sector 84, Building 14, Office 759, 75, 160354","Sector 84, Building 14","Sector 84, Building 14, Office 759, 75",2,4,0.7272727272727273,55.9,REVIEW,low_plausibility_and_reference_disagrees
3051,"Gandhi Nagar, Building 12, Office 725, 1, Ahmedabad","Gandhi Nagar, Building 12","Gandhi Nagar, Building 12, Office 725, 1",2,4,0.7272727272727273,63.4,ACCEPT,
3049,"Lake View Road, Building 10, Office 691, 926, 500350","Lake View Road, Building 10","Lake View Road, Building 10, Office 691, 926",2,4,0.7692307692307693,56.7,REVIEW,low_plausibility_and_reference_disagrees
3048,"Airport Road, Building 9, Office 674, 889, Karnataka","Airport Road, Building 9","Airport Road, Building 9, Office 674, 889",2,4,0.7272727272727273,60.6,ACCEPT,
3047,"Maple Heights, Building 8, Office 657, 852, Mumbai","Maple Heights, Building 8","Maple Heights, Building 8, Office 657, 852",2,4,0.7272727272727273,56.0,ACCEPT,
3686,"Pune, Gali 27, Plot 105, 519, Maharashtra","Pune, Gali 27",Pune,2,1,0.5,64.6,ACCEPT,
3685,"District 11, Gali 26, Plot 86, 482, Lucknow","District 11, Gali 26",District 11,2,1,0.6666666666666666,75.4,ACCEPT,
3683,"Post Madhopur, Gali 24, Plot 48, 408, 201384","Post Madhopur, Gali 24, Plot 48",Post Madhopur,3,1,0.5,55.5,ACCEPT,
3682,"Kalyanpur, Gali 23, Plot 29, 371, Haryana","Kalyanpur, Gali 23, Plot 29",Kalyanpur,3,1,0.3333333333333333,51.9,ACCEPT,
3681,"Gandhi Market, Gali 22, Plot 10, 334, Delhi","Gandhi Market, Gali 22, Plot 10",Gandhi Market,3,1,0.5,54.5,REVIEW,low_plausibility_and_reference_disagrees
3680,"Central Mall, Gali 21, Plot 990, 297, District 6","Central Mall, Gali 21",Central Mall,2,1,0.6666666666666666,77.5,REVIEW,low_plausibility_and_reference_disagrees
3679,"Sector 17, Gali 20, Plot 971, 260, 248080","Sector 17, Gali 20, Plot 971",Sector 17,3,1,0.5,49.7,ACCEPT,
3677,"Saket Extension, Gali 18, Plot 933, 186, Patna","Saket Extension, Gali 18, Plot 933, 186",Saket Extension,4,1,0.4444444444444444,39.8,REVIEW,low_plausibility_and_reference_disagrees
3676,"Main Bazaar, Gali 17, Plot 914, 149, 682077","Main Bazaar, Gali 17",Main Bazaar,2,1,0.6666666666666666,75.4,REVIEW,low_plausibility_and_reference_disagrees
3675,"Park Road, Gali 16, Plot 895, 112, Madhya Pradesh","Park Road, Gali 16",Park Road,2,1,0.6666666666666666,75.2,REVIEW,low_plausibility_and_reference_disagrees
3674,"Shivam Apartments, Gali 15, Plot 876, 75, Bhopal","Shivam Apartments, Gali 15, Plot 876",Shivam Apartments,3,1,0.5,56.5,REVIEW,low_plausibility_and_reference_disagrees
3671,"Tower H, Gali 12, Plot 819, 963, Gujarat","Tower H, Gali 12, Plot 819, 963",Tower H,4,1,0.4444444444444444,34.1,REVIEW,low_plausibility_and_reference_disagrees
3078,"Block G, Wing G, Office 285, 1, Bhubaneswar","Block G, Wing G","Block G, Wing G, Office 285, 1",2,4,0.7272727272727273,60.9,ACCEPT,
3076,"17th Floor, Wing E, Office 251, 926, 682377","17th Floor, Wing E","17th Floor, Wing E, Office 251, 926",2,4,0.7272727272727273,52.7,REVIEW,low_plausibility_and_reference_disagrees
3075,"Unit 796, Wing D, Office 234, 889, Madhya Pradesh","Unit 796, Wing D","Unit 796, Wing D, Office 234, 889",2,4,0.7272727272727273,61.9,ACCEPT,
3074,"Plot 465, Wing C, Office 217, 852, Bhopal",Plot 465,"Plot 465, Wing C, Office 217, 852",1,4,0.4444444444444444,33.2,ACCEPT,
3072,"Shop 360, Wing A, Office 183, 778, 700373","Shop 360, Wing A, Office 183","Shop 360, Wing A, Office 183, 778",3,4,0.9230769230769231,78.8,REVIEW,low_plausibility_and_reference_disagrees
3070,"704, Wing G, Office 149, 704, Chennai",704,"704, Wing G, Office 149, 704",1,4,0.2857142857142857,25.5,ACCEPT,
3067,"Business Park 8, Building 28, Office 997, 593, Maharashtra","Business Park 8, Building 28, Office 997","Business Park 8, Building 28, Office 997, 593",3,4,0.9333333333333333,86.0,ACCEPT,
3066,"Industrial Area 7, Building 27, Office 980, 556, Pune","Industrial Area 7, Building 27, Office 980","Industrial Area 7, Building 27, Office 980, 556",3,4,0.9333333333333333,75.4,ACCEPT,
3064,"Wing A, Building 25, Office 946, 482, 302365","Wing A, Building 25, Office 946","Wing A, Building 25, Office 946, 482",3,4,0.9230769230769231,79.2,REVIEW,low_plausibility_and_reference_disagrees
3094,"Madhya Pradesh, Wing G, Office 557, 593, Bhopal",Madhya Pradesh,"Madhya Pradesh, Wing G, Office 557, 593",1,4,0.4444444444444444,40.0,ACCEPT,
3091,"Tehsil 42, Wing D, Office 506, 482, Gujarat",Tehsil 42,"Tehsil 42, Wing D, Office 506, 482",1,4,0.4444444444444444,36.2,ACCEPT,
3090,"Post Rampur, Wing C, Office 489, 445, Chennai","Post Rampur, Wing C","Post Rampur, Wing C, Office 489, 445",2,4,0.7272727272727273,55.1,ACCEPT,
3088,"City Centre, Wing A, Office 455, 371, 560389","City Centre, Wing A","City Centre, Wing A, Office 455, 371",2,4,0.7272727272727273,53.3,REVIEW,low_plausibility_and_reference_disagrees
3087,"City Library, Wing H, Office 438, 334, Maharashtra","City Library, Wing H, Office 438","City Library, Wing H, Office 438, 334",3,4,0.9230769230769231,85.2,ACCEPT,
3086,"Sector 18, Wing G, Office 421, 297, Pune","Sector 18, Wing G","Sector 18, Wing G, Office 421, 297",2,4,0.7272727272727273,47.5,ACCEPT,
3084,"Laxmi Enclave, Wing E, Office 387, 223, 302385","Laxmi Enclave, Wing E, Office 387","Laxmi Enclave, Wing E, Office 387, 223",3,4,0.9230769230769231,79.4,REVIEW,low_plausibility_and_reference_disagrees
3083,"Gali 24, Wing D, Office 370, 186, Uttar Pradesh","Gali 24, Wing D","Gali 24, Wing D, Office 370, 186",2,4,0.7272727272727273,60.3,ACCEPT,
3082,"Nehru Street, Wing C, Office 353, 149, Gurugram","Nehru Street, Wing C","Nehru Street, Wing C, Office 353, 149",2,4,0.7272727272727273,57.3,ACCEPT,
3080,"Green Residency, Wing A, Office 319, 75, 440381",Green Residency,"Green Residency, Wing A, Office 319, 75",1,4,0.4444444444444444,41.7,REVIEW,low_plausibility_and_reference_disagrees
3079,"Phase 2, Wing H, Office 302, 38, Uttarakhand","Phase 2, Wing H, Office 302","Phase 2, Wing H, Office 302, 38",3,4,0.9230769230769231,86.8,ACCEPT,
3110,"Tower G, Campus 11, Office 829, 186, Tamil Nadu","Tower G, Campus 11","Tower G, Campus 11, Office 829, 186",2,4,0.7272727272727273,59.0,ACCEPT,
3107,"Plot 93, Campus 8, Office 778, 75, 400408","Plot 93, Campus 8","Plot 93, Campus 8, Office 778, 75",2,4,0.7272727272727273,53.3,REVIEW,low_plausibility_and_reference_disagrees
3106,"Office 761, Campus 7, Office 761, 38, Maharashtra",Office 761,"Office 761, Campus 7, Office 761, 38",1,4,0.4444444444444444,42.0,ACCEPT,
3105,"Shop 224, Campus 6, Office 744, 1, Lucknow","Shop 224, Campus 6","Shop 224, Campus 6, Office 744, 1",2,4,0.7272727272727273,57.1,ACCEPT,
3103,"926, Campus 4, Office 710, 926, 201704","926, Campus 4, Office 710","926, Campus 4, Office 710, 926",3,4,0.9090909090909091,78.3,REVIEW,low_plausibility_and_reference_disagrees
3102,"Opposite, Wing G, Office 693, 889, Haryana",Opposite,"Opposite, Wing G, Office 693, 889",1,4,0.2857142857142857,34.8,ACCEPT,
3099,"Industrial Area 10, Wing D, Office 642, 778, 248400",Industrial Area 10,"Industrial Area 10, Wing D, Office 642, 778",1,4,0.5454545454545454,43.1,REVIEW,low_plausibility_and_reference_disagrees
3098,"Campus 19, Wing C, Office 625, 741, Odisha","Campus 19, Wing C, Office 625","Campus 19, Wing C, Office 625, 741",3,4,0.9230769230769231,78.9,ACCEPT,
3095,"452396, Wing H, Office 574, 630, Madhya Pradesh",452396,"452396, Wing H, Office 574, 630",1,4,0.2857142857142857,40.0,ACCEPT,
3670,"11th Floor, Gali 11, Plot 800, 926, Chennai","11th Floor, Gali 11, Plot 800",11th Floor,3,1,0.5,52.0,REVIEW,low_plausibility_and_reference_disagrees
3669,"Unit 472, Gali 10, Plot 781, 889, District 70","Unit 472, Gali 10",Unit 472,2,1,0.6666666666666666,73.2,REVIEW,low_plausibility_and_reference_disagrees
3668,"Plot 762, Gali 9, Plot 762, 852, 560069","Plot 762, Gali 9",Plot 762,2,1,0.6666666666666666,73.8,REVIEW,low_plausibility_and_reference_disagrees
3666,"Shop 407, Gali 7, Plot 724, 778, Pune","Shop 407, Gali 7, Plot 724",Shop 407,3,1,0.5,47.2,REVIEW,low_plausibility_and_reference_disagrees
3665,"998, Gali 6, Plot 705, 741, District 66","998, Gali 6, Plot 705",998,3,1,0.3333333333333333,43.0,REVIEW,low_plausibility_and_reference_disagrees
3664,"704, Gali 5, Plot 686, 704, 302065","704, Gali 5",704,2,1,0.5,61.8,REVIEW,low_plausibility_and_reference_disagrees
3662,"Near, Nehru Street, Plot 648, 630, Gurugram","Near, Nehru Street, Plot 648","Near, Nehru Street, Plot 648, 630",3,4,0.9090909090909091,81.8,ACCEPT,
3660,"Industrial Area 1, MG Road, Plot 610, 556, 440061","Industrial Area 1, MG Road, Plot 610","Industrial Area 1, MG Road, Plot 610, 556",3,4,0.9333333333333333,79.7,REVIEW,low_plausibility_and_reference_disagrees
3659,"Campus 20, Lake View Road, Plot 591, 519, Uttarakhand",Campus 20,"Campus 20, Lake View Road, Plot 591, 519",1,4,0.4,37.0,ACCEPT,
3656,"Near, Main Bazaar, Plot 534, 408, 682057",Near,"Near, Main Bazaar, Plot 534, 408",1,4,0.2857142857142857,24.2,REVIEW,low_plausibility_and_reference_disagrees
3655,"452056, Park Road, Plot 515, 371, Madhya Pradesh","452056, Park Road, Plot 515","452056, Park Road, Plot 515, 371",3,4,0.9090909090909091,86.5,ACCEPT,
3126,"Pune, Campus 7, Office 202, 778, Maharashtra","Pune, Campus 7, Office 202","Pune, Campus 7, Office 202, 778",3,4,0.9090909090909091,84.4,ACCEPT,
3125,"District 51, Campus 6, Office 185, 741, Lucknow","District 51, Campus 6, Office 185","District 51, Campus 6, Office 185, 741",3,4,0.9230769230769231,81.1,ACCEPT,
3123,"Post Rajapur, Campus 4, Office 151, 667, 201724","Post Rajapur, Campus 4, Office 151","Post Rajapur, Campus 4, Office 151, 667",3,4,0.9230769230769231,79.5,REVIEW,low_plausibility_and_reference_disagrees
3122,"Shivpur, Campus 3, Office 134, 630, Haryana","Shivpur, Campus 3","Shivpur, Campus 3, Office 134, 630",2,4,0.6666666666666666,53.9,ACCEPT,
3119,"Sector 51, Campus 20, Office 982, 519, 248420",Sector 51,"Sector 51, Campus 20, Office 982, 519",1,4,0.4444444444444444,32.3,REVIEW,low_plausibility_and_reference_disagrees
3118,"Krishna Colony, Campus 19, Office 965, 482, Odisha","Krishna Colony, Campus 19, Office 965","Krishna Colony, Campus 19, Office 965, 482",3,4,0.9230769230769231,79.8,ACCEPT,
3117,"Saket Extension, Campus 18, Office 948, 445, Patna","Saket Extension, Campus 18, Office 948","Saket Extension, Campus 18, Office 948, 445",3,4,0.9230769230769231,77.8,ACCEPT,
3142,"3th Floor, Industrial Area 8, Office 474, 371, 122443","3th Floor, Industrial Area 8","3th Floor, Industrial Area 8, Office 474, 371",2,4,0.7692307692307693,57.0,REVIEW,low_plausibility_and_reference_disagrees
3140,"Plot 720, Industrial Area 6, Office 440, 297, Nagpur","Plot 720, Industrial Area 6, Office 440","Plot 720, Industrial Area 6, Office 440, 297",3,4,0.9333333333333333,79.9,ACCEPT,
3138,"Shop 88, Industrial Area 4, Office 406, 223, 751439","Shop 88, Industrial Area 4, Office 406","Shop 88, Industrial Area 4, Office 406, 223",3,4,0.9333333333333333,79.8,REVIEW,low_plausibility_and_reference_disagrees
3137,"427, Industrial Area 3, Office 389, 186, Bihar","427, Industrial Area 3, Office 389","427, Industrial Area 3, Office 389, 186",3,4,0.9230769230769231,77.4,ACCEPT,
3136,"149, Industrial Area 2, Office 372, 149, Kochi",149,"149, Industrial Area 2, Office 372, 149",1,4,0.25,16.9,ACCEPT,
3134,"Near, Campus 15, Office 338, 75, 462435",Near,"Near, Campus 15, Office 338, 75",1,4,0.2857142857142857,24.8,REVIEW,low_plausibility_and_reference_disagrees
3131,"Wing D, Campus 12, Office 287, 963, 380432",Wing D,"Wing D, Campus 12, Office 287, 963",1,4,0.4444444444444444,27.9,REVIEW,low_plausibility_and_reference_disagrees
3130,"Building 11, Campus 11, Office 270, 926, Tamil Nadu","Building 11, Campus 11, Office 270","Building 11, Campus 11, Office 270, 926",3,4,0.9230769230769231,84.6,ACCEPT,
3129,"Opposite, Campus 10, Office 253, 889, Hyderabad","Opposite, Campus 10, Office 253","Opposite, Campus 10, Office 253, 889",3,4,0.9090909090909091,83.3,ACCEPT,
3157,"Tehsil 8, Industrial Area 8, Office 729, 926, Bihar","Tehsil 8, Industrial Area 8, Office 729","Tehsil 8, Industrial Area 8, Office 729, 926",3,4,0.9333333333333333,77.8,ACCEPT,
3156,"Post Rampur, Industrial Area 7, Office 712, 889, Kochi","Post Rampur, Industrial Area 7, Office 712","Post Rampur, Industrial Area 7, Office 712, 889",3,4,0.9333333333333333,78.1,ACCEPT,
3154,"Main Bazaar, Industrial Area 5, Office 678, 815, 462455",Main Bazaar,"Main Bazaar, Industrial Area 5, Office 678, 815",1,4,0.4,29.8,REVIEW,low_plausibility_and_reference_disagrees
3152,"Sector 84, Industrial Area 3, Office 644, 741, Kolkata","Sector 84, Industrial Area 3","Sector 84, Industrial Area 3, Office 644, 741",2,4,0.7692307692307693,58.9,ACCEPT,
3150,"Shanti Nagar, Industrial Area 1, Office 610, 667, 600451","Shanti Nagar, Industrial Area 1","Shanti Nagar, Industrial Area 1, Office 610, 667",2,4,0.7692307692307693,57.9,REVIEW,low_plausibility_and_reference_disagrees
3149,"Gali 30, Industrial Area 15, Office 593, 630, Telangana",Gali 30,"Gali 30, Industrial Area 15, Office 593, 630",1,4,0.4,28.5,ACCEPT,
3148,"Airport Road, Industrial Area 14, Office 576, 593, Bengaluru","Airport Road, Industrial Area 14, Office 576","Airport Road, Industrial Area 14, Office 576, 593",3,4,0.9333333333333333,84.4,ACCEPT,
3146,"Shivam Apartments, Industrial Area 12, Office 542, 519, 411447","Shivam Apartments, Industrial Area 12, Office 542","Shivam Apartments, Industrial Area 12, Office 542, 519",3,4,0.9333333333333333,80.6,REVIEW,low_plausibility_and_reference_disagrees
3145,"Phase 2, Industrial Area 11, Office 525, 482, Uttar Pradesh",Phase 2,"Phase 2, Industrial Area 11, Office 525, 482",1,4,0.4,32.7,ACCEPT,
3654,"Madhya Pradesh, Ring Road, Plot 496, 334, Bhopal",Madhya Pradesh,"Madhya Pradesh, Ring Road, Plot 496, 334",1,4,0.4444444444444444,39.2,ACCEPT,
3651,"Tehsil 2, Station Road, Plot 439, 223, Gujarat","Tehsil 2, Station Road","Tehsil 2, Station Road, Plot 439, 223",2,4,0.7272727272727273,59.1,ACCEPT,
3650,"Post Shivpur, MG Road, Plot 420, 186, Chennai","Post Shivpur, MG Road, Plot 420","Post Shivpur, MG Road, Plot 420, 186",3,4,0.9230769230769231,80.8,ACCEPT,
3648,"City Centre, Airport Road, Plot 382, 112, 560049","City Centre, Airport Road","City Centre, Airport Road, Plot 382, 112",2,4,0.7272727272727273,58.4,REVIEW,low_plausibility_and_reference_disagrees
3647,"City Library, College Road, Plot 363, 75, Maharashtra",City Library,"City Library, College Road, Plot 363, 75",1,4,0.4444444444444444,42.6,ACCEPT,
3646,"Sector 83, Main Bazaar, Plot 344, 38, Pune","Sector 83, Main Bazaar, Plot 344","Sector 83, Main Bazaar, Plot 344, 38",3,4,0.9230769230769231,77.3,ACCEPT,
3644,"Laxmi Enclave, Ring Road, Plot 306, 963, 302045",Laxmi Enclave,"Laxmi Enclave, Ring Road, Plot 306, 963",1,4,0.4444444444444444,38.3,REVIEW,low_plausibility_and_reference_disagrees
3643,"Gali 14, Gandhi Marg, Plot 287, 926, Uttar Pradesh","Gali 14, Gandhi Marg, Plot 287","Gali 14, Gandhi Marg, Plot 287, 926",3,4,0.9230769230769231,86.3,ACCEPT,
3641,"Lotus Heights, Station Road, Plot 249, 852, 110042","Lotus Heights, Station Road","Lotus Heights, Station Road, Plot 249, 852",2,4,0.7272727272727273,59.0,REVIEW,low_plausibility_and_reference_disagrees
3640,"Phase 5, MG Road, Plot 230, 815, Maharashtra","Phase 5, MG Road","Phase 5, MG Road, Plot 230, 815",2,4,0.7272727272727273,61.5,ACCEPT,
3173,"Plot 348, Business Park 9, Office 102, 519, 160474","Plot 348, Business Park 9","Plot 348, Business Park 9, Office 102, 519",2,4,0.7692307692307693,56.0,REVIEW,low_plausibility_and_reference_disagrees
3172,"Office 984, Business Park 8, Office 984, 482, West Bengal","Office 984, Business Park 8, Office 984","Office 984, Business Park 8, Office 984, 482",3,4,0.9333333333333333,85.9,ACCEPT,
3171,"Shop 451, Business Park 7, Office 967, 445, Ahmedabad","Shop 451, Business Park 7, Office 967","Shop 451, Business Park 7, Office 967, 445",3,4,0.9333333333333333,83.9,ACCEPT,
3169,"371, Business Park 5, Office 933, 371, 500470",371,"371, Business Park 5, Office 933, 371",1,4,0.25,19.2,REVIEW,low_plausibility_and_reference_disagrees
3168,"Opposite, Industrial Area 4, Office 916, 334, Karnataka","Opposite, Industrial Area 4, Office 916","Opposite, Industrial Area 4, Office 916, 334",3,4,0.9230769230769231,84.1,ACCEPT,
3167,"Near, Industrial Area 3, Office 899, 297, Mumbai","Near, Industrial Area 3","Near, Industrial Area 3, Office 899, 297",2,4,0.7272727272727273,55.2,ACCEPT,
3165,"Campus 6, Industrial Area 1, Office 865, 223, Uttar Pradesh","Campus 6, Industrial Area 1","Campus 6, Industrial Area 1, Office 865, 223",2,4,0.7692307692307693,66.2,ACCEPT,
3164,"Wing E, Industrial Area 15, Office 848, 186, Jaipur","Wing E, Industrial Area 15, Office 848","Wing E, Industrial Area 15, Office 848, 186",3,4,0.9333333333333333,79.8,ACCEPT,
3162,"Behind, Industrial Area 13, Office 814, 112, 122463","Behind, Industrial Area 13, Office 814","Behind, Industrial Area 13, Office 814, 112",3,4,0.9230769230769231,79.8,REVIEW,low_plausibility_and_reference_disagrees
3160,"Maharashtra, Industrial Area 11, Office 780, 38, Nagpur","Maharashtra, Industrial Area 11","Maharashtra, Industrial Area 11, Office 780, 38",2,4,0.7272727272727273,59.0,ACCEPT,
3189,"Post Rajapur, Business Park 10, Office 374, 112, 500490","Post Rajapur, Business Park 10","Post Rajapur, Business Park 10, Office 374, 112",2,4,0.7692307692307693,57.6,REVIEW,low_plausibility_and_reference_disagrees
3188,"Shivpur, Business Park 9, Office 357, 75, Karnataka","Shivpur, Business Park 9, Office 357","Shivpur, Business Park 9, Office 357, 75",3,4,0.9230769230769231,86.0,ACCEPT,
3187,"New Market, Business Park 8, Office 340, 38, Mumbai",New Market,"New Market, Business Park 8, Office 340, 38",1,4,0.4,30.4,ACCEPT,
3184,"Laxmi Enclave, Business Park 5, Office 289, 926, Rajasthan","Laxmi Enclave, Business Park 5, Office 289","Laxmi Enclave, Business Park 5, Office 289, 926",3,4,0.9333333333333333,84.3,ACCEPT,
3183,"Rajendra Nagar, Business Park 4, Office 272, 889, Noida","Rajendra Nagar, Business Park 4","Rajendra Nagar, Business Park 4, Office 272, 889",2,4,0.7692307692307693,55.8,ACCEPT,
3181,"Station Road, Business Park 2, Office 238, 815, 110482","Station Road, Business Park 2, Office 238","Station Road, Business Park 2, Office 238, 815",3,4,0.9333333333333333,80.1,REVIEW,low_plausibility_and_reference_disagrees
3180,"MG Road, Business Park 1, Office 221, 778, Maharashtra","MG Road, Business Park 1, Office 221","MG Road, Business Park 1, Office 221, 778",3,4,0.9333333333333333,85.6,ACCEPT,
3179,"Royal Enclave, Business Park 15, Office 204, 741, Dehradun","Royal Enclave, Business Park 15","Royal Enclave, Business Park 15, Office 204, 741",2,4,0.7692307692307693,61.4,ACCEPT,
3177,"Block B, Business Park 13, Office 170, 667, 800478","Block B, Business Park 13","Block B, Business Park 13, Office 170, 667",2,4,0.7692307692307693,56.0,REVIEW,low_plausibility_and_reference_disagrees
3176,"Tower A, Business Park 12, Office 153, 630, Kerala","Tower A, Business Park 12","Tower A, Business Park 12, Office 153, 630",2,4,0.7692307692307693,56.0,ACCEPT,
3175,"16th Floor, Business Park 11, Office 136, 593, Indore","16th Floor, Business Park 11, Office 136","16th Floor, Business Park 11, Office 136, 593",3,4,0.9333333333333333,80.0,ACCEPT,
3637,"18th Floor, College Road, Plot 173, 704, 800038","18th Floor, College Road","18th Floor, College Road, Plot 173, 704",2,4,0.7272727272727273,58.0,REVIEW,low_plausibility_and_reference_disagrees
3636,"Unit 712, Main Bazaar, Plot 154, 667, Kerala",Unit 712,"Unit 712, Main Bazaar, Plot 154, 667",1,4,0.4444444444444444,31.0,ACCEPT,
3635,"Plot 135, Park Road, Plot 135, 630, Indore","Plot 135, Park Road","Plot 135, Park Road, Plot 135, 630",2,4,0.7272727272727273,55.8,ACCEPT,
3633,"Shop 44, Gandhi Marg, Plot 97, 556, 160034","Shop 44, Gandhi Marg, Plot 97","Shop 44, Gandhi Marg, Plot 97, 556",3,4,0.9230769230769231,78.9,REVIEW,low_plausibility_and_reference_disagrees
3628,"Business Park 14, Airport Road, Plot 2, 371, Karnataka",Business Park 14,"Business Park 14, Airport Road, Plot 2, 371",1,4,0.5454545454545454,44.6,ACCEPT,
3627,"Industrial Area 13, College Road, Plot 982, 334, Mumbai","Industrial Area 13, College Road","Industrial Area 13, College Road, Plot 982, 334",2,4,0.7692307692307693,60.4,ACCEPT,
3625,"Wing B, Park Road, Plot 944, 260, 226026","Wing B, Park Road, Plot 944","Wing B, Park Road, Plot 944, 260",3,4,0.9230769230769231,78.6,REVIEW,low_plausibility_and_reference_disagrees
3623,"Beside, Gandhi Marg, Plot 906, 186, Noida","Beside, Gandhi Marg, Plot 906","Beside, Gandhi Marg, Plot 906, 186",3,4,0.9090909090909091,76.8,ACCEPT,
3204,"Shop 315, Near, Office 629, 667, 302505","Shop 315, Near, Office 629","Shop 315, Near, Office 629, 667",3,4,0.9090909090909091,78.5,REVIEW,low_plausibility_and_reference_disagrees
3203,"386, Near, Office 612, 630, Uttar Pradesh","386, Near, Office 612","386, Near, Office 612, 630",3,4,0.8888888888888888,84.9,ACCEPT,
3202,"593, Near, Office 595, 593, Gurugram","593, Near, Office 595","593, Near, Office 595, 593",3,4,0.8888888888888888,80.6,ACCEPT,
3200,"Near, Business Park 6, Office 561, 519, 440501","Near, Business Park 6, Office 561","Near, Business Park 6, Office 561, 519",3,4,0.9230769230769231,79.4,REVIEW,low_plausibility_and_reference_disagrees
3199,"Industrial Area 5, Business Park 5, Office 544, 482, Dehradun","Industrial Area 5, Business Park 5, Office 544","Industrial Area 5, Business Park 5, Office 544, 482",3,4,0.9411764705882353,83.4,ACCEPT,
3196,"Building 77, Business Park 2, Office 493, 371, Kerala","Building 77, Business Park 2, Office 493","Building 77, Business Park 2, Office 493, 371",3,4,0.9333333333333333,80.0,ACCEPT,
3195,"Beside, Business Park 1, Office 476, 334, Indore","Beside, Business Park 1, Office 476","Beside, Business Park 1, Office 476, 334",3,4,0.9230769230769231,79.6,ACCEPT,
3193,"Chandigarh, Business Park 14, Office 442, 260, 160494","Chandigarh, Business Park 14, Office 442","Chandigarh, Business Park 14, Office 442, 260",3,4,0.9230769230769231,80.0,REVIEW,low_plausibility_and_reference_disagrees
3192,"Kolkata, Business Park 13, Office 425, 223, West Bengal","Kolkata, Business Park 13","Kolkata, Business Park 13, Office 425, 223",2,4,0.7272727272727273,63.4,ACCEPT,
3191,"District 42, Business Park 12, Office 408, 186, Ahmedabad","District 42, Business Park 12, Office 408","District 42, Business Park 12, Office 408, 186",3,4,0.9333333333333333,84.2,ACCEPT,
3222,"Post Rampur, Near, Office 935, 334, Gurugram","Post Rampur, Near, Office 935","Post Rampur, Near, Office 935, 334",3,4,0.9090909090909091,82.0,ACCEPT,
3220,"Sadar Market, Near, Office 901, 260, 440521","Sadar Market, Near","Sadar Market, Near, Office 901, 260",2,4,0.6666666666666666,52.7,REVIEW,low_plausibility_and_reference_disagrees
3218,"Sector 51, Near, Office 867, 186, Bhubaneswar","Sector 51, Near","Sector 51, Near, Office 867, 186",2,4,0.6666666666666666,58.2,ACCEPT,
3214,"Ring Road, Near, Office 799, 38, Bhopal","Ring Road, Near","Ring Road, Near, Office 799, 38",2,4,0.6666666666666666,52.0,ACCEPT,
3212,"Sunrise Towers, Near, Office 765, 963, 700513","Sunrise Towers, Near","Sunrise Towers, Near, Office 765, 963",2,4,0.6666666666666666,53.8,REVIEW,low_plausibility_and_reference_disagrees
3211,"Phase 2, Near, Office 748, 926, Gujarat","Phase 2, Near, Office 748","Phase 2, Near, Office 748, 926",3,4,0.9090909090909091,80.0,ACCEPT,
3210,"Block C, Near, Office 731, 889, Chennai","Block C, Near, Office 731","Block C, Near, Office 731, 889",3,4,0.9090909090909091,80.0,ACCEPT,
3208,"9th Floor, Near, Office 697, 815, 560509","9th Floor, Near","9th Floor, Near, Office 697, 815",2,4,0.6666666666666666,50.7,REVIEW,low_plausibility_and_reference_disagrees
3207,"Unit 835, Near, Office 680, 778, Maharashtra",Unit 835,"Unit 835, Near, Office 680, 778",1,4,0.5,42.0,ACCEPT,
3238,"Office 308, Opposite, Office 308, 926, Odisha",Office 308,"Office 308, Opposite, Office 308, 926",1,4,0.5,34.3,ACCEPT,
3237,"Shop 179, Opposite, Office 291, 889, Patna","Shop 179, Opposite, Office 291","Shop 179, Opposite, Office 291, 889",3,4,0.9090909090909091,77.0,ACCEPT,
3235,"815, Opposite, Office 257, 815, 452536","815, Opposite, Office 257","815, Opposite, Office 257, 815",3,4,0.8888888888888888,78.3,REVIEW,low_plausibility_and_reference_disagrees
3232,"Industrial Area 8, Near, Office 206, 704, 700533","Industrial Area 8, Near, Office 206","Industrial Area 8, Near, Office 206, 704",3,4,0.9230769230769231,79.6,REVIEW,low_plausibility_and_reference_disagrees
3231,"Campus 12, Near, Office 189, 667, Gujarat","Campus 12, Near, Office 189","Campus 12, Near, Office 189, 667",3,4,0.9090909090909091,80.3,ACCEPT,
3230,"Wing G, Near, Office 172, 630, Chennai","Wing G, Near, Office 172","Wing G, Near, Office 172, 630",3,4,0.9090909090909091,79.8,ACCEPT,
3228,"Near, Near, Office 138, 556, 560529",Near,"Near, Near, Office 138, 556",1,4,0.3333333333333333,27.6,REVIEW,low_plausibility_and_reference_disagrees
3227,"400528, Near, Office 121, 519, Maharashtra","400528, Near","400528, Near, Office 121, 519",2,4,0.5714285714285714,55.7,ACCEPT,
3226,"Maharashtra, Near, Office 104, 482, Pune","Maharashtra, Near, Office 104","Maharashtra, Near, Office 104, 482",3,4,0.8888888888888888,74.2,ACCEPT,
3224,"District 75, Near, Office 969, 408, 302525","District 75, Near, Office 969","District 75, Near, Office 969, 408",3,4,0.9090909090909091,78.9,REVIEW,low_plausibility_and_reference_disagrees
3223,"Tehsil 24, Near, Office 952, 371, Uttar Pradesh","Tehsil 24, Near, Office 952","Tehsil 24, Near, Office 952, 371",3,4,0.9090909090909091,85.9,ACCEPT,
3621,"Delhi, Station Road, Plot 868, 112, 110022","Delhi, Station Road","Delhi, Station Road, Plot 868, 112",2,4,0.6666666666666666,55.8,REVIEW,low_plausibility_and_reference_disagrees
3617,"Post Madhopur, College Road, Plot 792, 963, 800018","Post Madhopur, College Road","Post Madhopur, College Road, Plot 792, 963",2,4,0.7272727272727273,59.0,REVIEW,low_plausibility_and_reference_disagrees
3616,"Kalyanpur, Main Bazaar, Plot 773, 926, Kerala","Kalyanpur, Main Bazaar","Kalyanpur, Main Bazaar, Plot 773, 926",2,4,0.6666666666666666,57.2,ACCEPT,
3613,"Sector 50, Gandhi Marg, Plot 716, 815, 160014","Sector 50, Gandhi Marg","Sector 50, Gandhi Marg, Plot 716, 815",2,4,0.7272727272727273,57.2,REVIEW,low_plausibility_and_reference_disagrees
3612,"Green Park, Nehru Street, Plot 697, 778, West Bengal","Green Park, Nehru Street, Plot 697","Green Park, Nehru Street, Plot 697, 778",3,4,0.9230769230769231,85.4,ACCEPT,
3609,"Lake View Road, Lake View Road, Plot 640, 667, 500010","Lake View Road, Lake View Road, Plot 640","Lake View Road, Lake View Road, Plot 640, 667",3,4,0.9411764705882353,80.0,REVIEW,low_plausibility_and_reference_disagrees
3608,"Green Residency, Airport Road, Plot 621, 630, Bengaluru","Green Residency, Airport Road, Plot 621","Green Residency, Airport Road, Plot 621, 630",3,4,0.9230769230769231,84.1,ACCEPT,
3254,"Shivpur, Opposite, Office 580, 519, Madhya Pradesh","Shivpur, Opposite","Shivpur, Opposite, Office 580, 519",2,4,0.5714285714285714,62.5,ACCEPT,
3250,"Shanti Nagar, Opposite, Office 512, 371, Tamil Nadu","Shanti Nagar, Opposite, Office 512","Shanti Nagar, Opposite, Office 512, 371",3,4,0.9090909090909091,84.6,ACCEPT,
3249,"Rosewood Layout, Opposite, Office 495, 334, Hyderabad","Rosewood Layout, Opposite","Rosewood Layout, Opposite, Office 495, 334",2,4,0.6666666666666666,60.9,ACCEPT,
3247,"College Road, Opposite, Office 461, 260, 400548","College Road, Opposite, Office 461","College Road, Opposite, Office 461, 260",3,4,0.9090909090909091,79.5,REVIEW,low_plausibility_and_reference_disagrees
3245,"Lake View Homes, Opposite, Office 427, 186, Lucknow",Lake View Homes,"Lake View Homes, Opposite, Office 427, 186",1,4,0.6,40.9,ACCEPT,
3243,"Block D, Opposite, Office 393, 112, 201844","Block D, Opposite, Office 393","Block D, Opposite, Office 393, 112",3,4,0.9090909090909091,78.9,REVIEW,low_plausibility_and_reference_disagrees
3242,"Tower C, Opposite, Office 376, 75, Haryana","Tower C, Opposite","Tower C, Opposite, Office 376, 75",2,4,0.6666666666666666,55.2,ACCEPT,
3239,"Plot 603, Opposite, Office 325, 963, 248540","Plot 603, Opposite, Office 325","Plot 603, Opposite, Office 325, 963",3,4,0.9090909090909091,79.0,REVIEW,low_plausibility_and_reference_disagrees
3269,"Shop 32, 75, Plot 174, 75, 500570",Shop 32,"Shop 32, 75, Plot 174, 75",1,4,0.5,38.2,REVIEW,low_plausibility_and_reference_disagrees
3268,"332, 38, Plot 155, 38, Karnataka","332, 38, Plot 155","332, 38, Plot 155, 38",3,4,0.8888888888888888,83.3,ACCEPT,
3267,"Near, Opposite, Office 801, 1, 400568",Near,"Near, Opposite, Office 801, 1",1,4,0.3333333333333333,26.1,REVIEW,low_plausibility_and_reference_disagrees
3266,"Business Park 12, Opposite, Office 784, 963, Maharashtra","Business Park 12, Opposite, Office 784","Business Park 12, Opposite, Office 784, 963",3,4,0.9230769230769231,85.8,ACCEPT,
3265,"Industrial Area 11, Opposite, Office 767, 926, Lucknow",Industrial Area 11,"Industrial Area 11, Opposite, Office 767, 926",1,4,0.6,43.2,ACCEPT,
3263,"Wing H, Opposite, Office 733, 852, 201864","Wing H, Opposite, Office 733","Wing H, Opposite, Office 733, 852",3,4,0.9090909090909091,78.8,REVIEW,low_plausibility_and_reference_disagrees
3262,"Building 63, Opposite, Office 716, 815, Haryana","Building 63, Opposite, Office 716","Building 63, Opposite, Office 716, 815",3,4,0.9090909090909091,81.1,ACCEPT,
3258,"Bhubaneswar, Opposite, Office 648, 667, Odisha",Bhubaneswar,"Bhubaneswar, Opposite, Office 648, 667",1,4,0.3333333333333333,35.4,ACCEPT,
3257,"District 33, Opposite, Office 631, 630, Patna",District 33,"District 33, Opposite, Office 631, 630",1,4,0.5,33.7,ACCEPT,
3255,"Post Rajapur, Opposite, Office 597, 556, 452556",Post Rajapur,"Post Rajapur, Opposite, Office 597, 556",1,4,0.5,36.5,REVIEW,low_plausibility_and_reference_disagrees
3606,"Block G, Main Bazaar, Plot 583, 556, 411007",Block G,"Block G, Main Bazaar, Plot 583, 556",1,4,0.4444444444444444,29.5,REVIEW,low_plausibility_and_reference_disagrees
3602,"Plot 507, Nehru Street, Plot 507, 408, 122003","Plot 507, Nehru Street, Plot 507","Plot 507, Nehru Street, Plot 507, 408",3,4,0.9230769230769231,79.3,REVIEW,low_plausibility_and_reference_disagrees
3600,"Shop 180, MG Road, Plot 469, 334, Nagpur",Shop 180,"Shop 180, MG Road, Plot 469, 334",1,4,0.4444444444444444,34.0,ACCEPT,
3598,"260, Airport Road, Plot 431, 260, 751899",260,"260, Airport Road, Plot 431, 260",1,4,0.2857142857142857,21.5,REVIEW,low_plausibility_and_reference_disagrees
3597,"Opposite, Lake View Homes, Plot 412, 223, Bihar","Opposite, Lake View Homes","Opposite, Lake View Homes, Plot 412, 223",2,4,0.7272727272727273,56.2,ACCEPT,
3596,"Near, Sunrise Towers, Plot 393, 186, Kochi","Near, Sunrise Towers, Plot 393","Near, Sunrise Towers, Plot 393, 186",3,4,0.9090909090909091,77.0,ACCEPT,
3594,"Industrial Area 10, Shivam Apartments, Plot 355, 112, 462895","Industrial Area 10, Shivam Apartments, Plot 355","Industrial Area 10, Shivam Apartments, Plot 355, 112",3,4,0.9333333333333333,80.4,REVIEW,low_plausibility_and_reference_disagrees
3592,"Wing A, Green Residency, Plot 317, 38, Kolkata","Wing A, Green Residency, Plot 317","Wing A, Green Residency, Plot 317, 38",3,4,0.9230769230769231,83.5,ACCEPT,
3285,"Sadar Market, 667, Plot 478, 667, 226586","Sadar Market, 667","Sadar Market, 667, Plot 478, 667",2,4,0.6666666666666666,54.7,REVIEW,low_plausibility_and_reference_disagrees
3284,"District Court, 630, Plot 459, 630, Rajasthan","District Court, 630, Plot 459","District Court, 630, Plot 459, 630",3,4,0.9090909090909091,83.1,ACCEPT,
3283,"Sector 17, 593, Plot 440, 593, Noida",Sector 17,"Sector 17, 593, Plot 440, 593",1,4,0.5,37.1,ACCEPT,
3281,"Gandhi Nagar, 519, Plot 402, 519, 110582","Gandhi Nagar, 519, Plot 402","Gandhi Nagar, 519, Plot 402, 519",3,4,0.9090909090909091,78.6,REVIEW,low_plausibility_and_reference_disagrees
3280,"Gali 11, 482, Plot 383, 482, Maharashtra","Gali 11, 482, Plot 383","Gali 11, 482, Plot 383, 482",3,4,0.9090909090909091,83.7,ACCEPT,
3279,"Lake View Road, 445, Plot 364, 445, Dehradun",Lake View Road,"Lake View Road, 445, Plot 364, 445",1,4,0.6,48.0,ACCEPT,
3277,"Lake View Homes, 371, Plot 326, 371, 800578","Lake View Homes, 371, Plot 326","Lake View Homes, 371, Plot 326, 371",3,4,0.9230769230769231,79.0,REVIEW,low_plausibility_and_reference_disagrees
3276,"Phase 1, 334, Plot 307, 334, Kerala","Phase 1, 334","Phase 1, 334, Plot 307, 334",2,4,0.6666666666666666,50.9,ACCEPT,
3275,"Block D, 297, Plot 288, 297, Indore","Block D, 297, Plot 288","Block D, 297, Plot 288, 297",3,4,0.9090909090909091,77.8,ACCEPT,
3273,"14th Floor, 223, Plot 250, 223, 160574","14th Floor, 223, Plot 250","14th Floor, 223, Plot 250, 223",3,4,0.9090909090909091,78.3,REVIEW,low_plausibility_and_reference_disagrees
3271,"Plot 212, 149, Plot 212, 149, Ahmedabad","Plot 212, 149, Plot 212","Plot 212, 149, Plot 212, 149",3,4,0.9090909090909091,82.1,ACCEPT,
3302,"Shop 395, 774, Plot 801, 297, Gurugram","Shop 395, 774","Shop 395, 774, Plot 801, 297",2,4,0.6666666666666666,55.4,ACCEPT,
3301,"260, 761, Plot 782, 260, 110602","260, 761, Plot 782","260, 761, Plot 782, 260",3,4,0.8888888888888888,76.8,REVIEW,low_plausibility_and_reference_disagrees
3300,"Opposite, 223, Plot 763, 223, Maharashtra","Opposite, 223","Opposite, 223, Plot 763, 223",2,4,0.5714285714285714,59.3,ACCEPT,
3299,"Near, 186, Plot 744, 186, Dehradun",Near,"Near, 186, Plot 744, 186",1,4,0.3333333333333333,33.4,ACCEPT,
3297,"Industrial Area 13, 112, Plot 706, 112, 800598",Industrial Area 13,"Industrial Area 13, 112, Plot 706, 112",1,4,0.6,47.7,REVIEW,low_plausibility_and_reference_disagrees
3296,"Campus 17, 75, Plot 687, 75, Kerala","Campus 17, 75","Campus 17, 75, Plot 687, 75",2,4,0.6666666666666666,53.2,ACCEPT,
3295,"Wing H, 38, Plot 668, 38, Indore","Wing H, 38, Plot 668","Wing H, 38, Plot 668, 38",3,4,0.9090909090909091,80.2,ACCEPT,
3293,"Opposite, 963, Plot 630, 963, 160594",Opposite,"Opposite, 963, Plot 630, 963",1,4,0.3333333333333333,37.7,REVIEW,low_plausibility_and_reference_disagrees
3292,"700593, 926, Plot 611, 926, West Bengal","700593, 926","700593, 926, Plot 611, 926",2,4,0.5714285714285714,57.5,ACCEPT,
3291,"Gujarat, 889, Plot 592, 889, Ahmedabad","Gujarat, 889","Gujarat, 889, Plot 592, 889",2,4,0.5714285714285714,55.9,ACCEPT,
3289,"District 65, 815, Plot 554, 815, 500590","District 65, 815, Plot 554","District 65, 815, Plot 554, 815",3,4,0.9090909090909091,78.5,REVIEW,low_plausibility_and_reference_disagrees
3287,"Post Madhopur, 741, Plot 516, 741, Mumbai","Post Madhopur, 741, Plot 516","Post Madhopur, 741, Plot 516, 741",3,4,0.9090909090909091,78.8,ACCEPT,
3318,"City Centre, 982, Plot 106, 889, Bhubaneswar","City Centre, 982","City Centre, 982, Plot 106, 889",2,4,0.6666666666666666,61.5,ACCEPT,
3316,"Sector 50, 956, Plot 68, 815, 682617","Sector 50, 956, Plot 68","Sector 50, 956, Plot 68, 815",3,4,0.9090909090909091,78.0,REVIEW,low_plausibility_and_reference_disagrees
3315,"Vijay Nagar, 943, Plot 49, 778, Madhya Pradesh",Vijay Nagar,"Vijay Nagar, 943, Plot 49, 778",1,4,0.5,53.0,ACCEPT,
3314,"Laxmi Enclave, 930, Plot 30, 741, Bhopal",Laxmi Enclave,"Laxmi Enclave, 930, Plot 30, 741",1,4,0.5,44.7,ACCEPT,
3312,"Nehru Street, 904, Plot 991, 667, 700613","Nehru Street, 904, Plot 991","Nehru Street, 904, Plot 991, 667",3,4,0.9090909090909091,78.6,REVIEW,low_plausibility_and_reference_disagrees
3310,"Pearl Residency, 878, Plot 953, 593, Chennai","Pearl Residency, 878, Plot 953","Pearl Residency, 878, Plot 953, 593",3,4,0.9090909090909091,80.7,ACCEPT,
3308,"Block E, 852, Plot 915, 519, 560609","Block E, 852, Plot 915","Block E, 852, Plot 915, 519",3,4,0.9090909090909091,77.8,REVIEW,low_plausibility_and_reference_disagrees
3307,"Tower D, 839, Plot 896, 482, Maharashtra","Tower D, 839, Plot 896","Tower D, 839, Plot 896, 482",3,4,0.9090909090909091,83.7,ACCEPT,
3306,"7th Floor, 826, Plot 877, 445, Pune","7th Floor, 826","7th Floor, 826, Plot 877, 445",2,4,0.6666666666666666,47.9,ACCEPT,
3304,"Plot 839, 800, Plot 839, 371, 302605",Plot 839,"Plot 839, 800, Plot 839, 371",1,4,0.5,37.7,REVIEW,low_plausibility_and_reference_disagrees
3303,"Office 514, 787, Plot 820, 334, Uttar Pradesh",Office 514,"Office 514, 787, Plot 820, 334",1,4,0.5,49.8,ACCEPT,
3590,"Behind, Pearl Residency, Plot 279, 963, 600891","Behind, Pearl Residency, Plot 279","Behind, Pearl Residency, Plot 279, 963",3,4,0.9090909090909091,79.4,REVIEW,low_plausibility_and_reference_disagrees
3589,"500890, Lake View Homes, Plot 260, 926, Telangana","500890, Lake View Homes","500890, Lake View Homes, Plot 260, 926",2,4,0.7272727272727273,62.6,ACCEPT,
3588,"Karnataka, Sunrise Towers, Plot 241, 889, Bengaluru","Karnataka, Sunrise Towers, Plot 241","Karnataka, Sunrise Towers, Plot 241, 889",3,4,0.9090909090909091,83.8,ACCEPT,
3586,"District 62, Shivam Apartments, Plot 203, 815, 411887","District 62, Shivam Apartments","District 62, Shivam Apartments, Plot 203, 815",2,4,0.7272727272727273,59.9,REVIEW,low_plausibility_and_reference_disagrees
3585,"Tehsil 36, Lotus Heights, Plot 184, 778, Uttar Pradesh","Tehsil 36, Lotus Heights","Tehsil 36, Lotus Heights, Plot 184, 778",2,4,0.7272727272727273,67.5,ACCEPT,
3584,"Post Shivpur, Green Residency, Plot 165, 741, Jaipur","Post Shivpur, Green Residency, Plot 165","Post Shivpur, Green Residency, Plot 165, 741",3,4,0.9230769230769231,79.9,ACCEPT,
3582,"New Market, Pearl Residency, Plot 127, 667, 122883","New Market, Pearl Residency, Plot 127","New Market, Pearl Residency, Plot 127, 667",3,4,0.9230769230769231,79.8,REVIEW,low_plausibility_and_reference_disagrees
3580,"Sector 17, Sunrise Towers, Plot 89, 593, Nagpur",Sector 17,"Sector 17, Sunrise Towers, Plot 89, 593",1,4,0.4444444444444444,31.0,ACCEPT,
3577,"Gali 8, Lotus Heights, Plot 32, 482, Bihar","Gali 8, Lotus Heights, Plot 32","Gali 8, Lotus Heights, Plot 32, 482",3,4,0.9230769230769231,77.0,ACCEPT,
3334,"482, Shop 248, Plot 410, 482, Bhopal","482, Shop 248, Plot 410","482, Shop 248, Plot 410, 482",3,4,0.9090909090909091,78.0,ACCEPT,
3330,"Industrial Area 1, 239, Plot 334, 334, Chennai","Industrial Area 1, 239, Plot 334","Industrial Area 1, 239, Plot 334, 334",3,4,0.9230769230769231,80.9,ACCEPT,
3328,"Wing A, 213, Plot 296, 260, 560629","Wing A, 213","Wing A, 213, Plot 296, 260",2,4,0.6666666666666666,50.0,REVIEW,low_plausibility_and_reference_disagrees
3327,"Building 48, 200, Plot 277, 223, Maharashtra",Building 48,"Building 48, 200, Plot 277, 223",1,4,0.5,48.9,ACCEPT,
3326,"Behind, 187, Plot 258, 186, Pune","Behind, 187, Plot 258","Behind, 187, Plot 258, 186",3,4,0.8888888888888888,72.8,ACCEPT,
3324,"Rajasthan, 161, Plot 220, 112, 302625","Rajasthan, 161, Plot 220","Rajasthan, 161, Plot 220, 112",3,4,0.8888888888888888,78.2,REVIEW,low_plausibility_and_reference_disagrees
3323,"Noida, 148, Plot 201, 75, Uttar Pradesh",Noida,"Noida, 148, Plot 201, 75",1,4,0.3333333333333333,42.7,ACCEPT,
3320,"Post Shivpur, 109, Plot 144, 963, 440621","Post Shivpur, 109","Post Shivpur, 109, Plot 144, 963",2,4,0.6666666666666666,54.7,REVIEW,low_plausibility_and_reference_disagrees
3319,"Lakshmipur, 995, Plot 125, 926, Uttarakhand",Lakshmipur,"Lakshmipur, 995, Plot 125, 926",1,4,0.3333333333333333,47.7,ACCEPT,
3350,"Municipal Park, Shop 424, Plot 714, 75, Tamil Nadu","Municipal Park, Shop 424","Municipal Park, Shop 424, Plot 714, 75",2,4,0.7272727272727273,65.7,ACCEPT,
3349,"Sector 83, Shop 413, Plot 695, 38, Hyderabad","Sector 83, Shop 413, Plot 695","Sector 83, Shop 413, Plot 695, 38",3,4,0.9230769230769231,85.4,ACCEPT,
3347,"Saket Extension, Shop 391, Plot 657, 963, 400648","Saket Extension, Shop 391, Plot 657","Saket Extension, Shop 391, Plot 657, 963",3,4,0.9230769230769231,79.6,REVIEW,low_plausibility_and_reference_disagrees
3346,"Gali 17, Shop 380, Plot 638, 926, Maharashtra",Gali 17,"Gali 17, Shop 380, Plot 638, 926",1,4,0.4444444444444444,38.7,ACCEPT,
3343,"Maple Heights, Shop 347, Plot 581, 815, 201944","Maple Heights, Shop 347","Maple Heights, Shop 347, Plot 581, 815",2,4,0.7272727272727273,57.6,REVIEW,low_plausibility_and_reference_disagrees
3342,"Phase 1, Shop 336, Plot 562, 778, Haryana",Phase 1,"Phase 1, Shop 336, Plot 562, 778",1,4,0.4444444444444444,33.3,ACCEPT,
3339,"20th Floor, Shop 303, Plot 505, 667, 248640","20th Floor, Shop 303, Plot 505","20th Floor, Shop 303, Plot 505, 667",3,4,0.9230769230769231,79.0,REVIEW,low_plausibility_and_reference_disagrees
3338,"Unit 851, Shop 292, Plot 486, 630, Odisha","Unit 851, Shop 292, Plot 486","Unit 851, Shop 292, Plot 486, 630",3,4,0.9230769230769231,78.8,ACCEPT,
3337,"Plot 467, Shop 281, Plot 467, 593, Patna","Plot 467, Shop 281","Plot 467, Shop 281, Plot 467, 593",2,4,0.7272727272727273,53.1,ACCEPT,
3366,"Opposite, Shop 101, Plot 19, 667, Maharashtra",Opposite,"Opposite, Shop 101, Plot 19, 667",1,4,0.2857142857142857,41.1,ACCEPT,
3365,"Near, Shop 90, Plot 999, 630, Lucknow","Near, Shop 90","Near, Shop 90, Plot 999, 630",2,4,0.6666666666666666,53.7,ACCEPT,
3363,"Industrial Area 4, Shop 68, Plot 961, 556, 201964","Industrial Area 4, Shop 68, Plot 961","Industrial Area 4, Shop 68, Plot 961, 556",3,4,0.9333333333333333,79.7,REVIEW,low_plausibility_and_reference_disagrees
3362,"Campus 3, Shop 57, Plot 942, 519, Haryana","Campus 3, Shop 57, Plot 942","Campus 3, Shop 57, Plot 942, 519",3,4,0.9230769230769231,80.3,ACCEPT,
3359,"Beside, Shop 24, Plot 885, 408, 248660","Beside, Shop 24","Beside, Shop 24, Plot 885, 408",2,4,0.6666666666666666,53.3,REVIEW,low_plausibility_and_reference_disagrees
3358,"751659, Shop 13, Plot 866, 371, Odisha","751659, Shop 13, Plot 866","751659, Shop 13, Plot 866, 371",3,4,0.9090909090909091,78.3,ACCEPT,
3355,"District 56, Shop 479, Plot 809, 260, 452656",District 56,"District 56, Shop 479, Plot 809, 260",1,4,0.4444444444444444,37.0,REVIEW,low_plausibility_and_reference_disagrees
3354,"Tehsil 5, Shop 468, Plot 790, 223, Madhya Pradesh","Tehsil 5, Shop 468","Tehsil 5, Shop 468, Plot 790, 223",2,4,0.7272727272727273,65.7,ACCEPT,
3351,"Gandhi Market, Shop 435, Plot 733, 112, 380652","Gandhi Market, Shop 435, Plot 733","Gandhi Market, Shop 435, Plot 733, 112",3,4,0.9230769230769231,79.4,REVIEW,low_plausibility_and_reference_disagrees
3574,"Phase 5, Pearl Residency, Plot 974, 371, Madhya Pradesh","Phase 5, Pearl Residency, Plot 974","Phase 5, Pearl Residency, Plot 974, 371",3,4,0.9230769230769231,87.3,ACCEPT,
3571,"12th Floor, Royal Enclave, Plot 917, 260, 380872","12th Floor, Royal Enclave","12th Floor, Royal Enclave, Plot 917, 260",2,4,0.7272727272727273,58.4,REVIEW,low_plausibility_and_reference_disagrees
3570,"Unit 193, Shivam Apartments, Plot 898, 223, Tamil Nadu","Unit 193, Shivam Apartments, Plot 898","Unit 193, Shivam Apartments, Plot 898, 223",3,4,0.9230769230769231,84.9,ACCEPT,
3569,"Plot 879, Lotus Heights, Plot 879, 186, Hyderabad","Plot 879, Lotus Heights, Plot 879","Plot 879, Lotus Heights, Plot 879, 186",3,4,0.9230769230769231,83.6,ACCEPT,
3567,"Shop 316, Maple Heights, Plot 841, 112, 400868","Shop 316, Maple Heights, Plot 841","Shop 316, Maple Heights, Plot 841, 112",3,4,0.9230769230769231,79.4,REVIEW,low_plausibility_and_reference_disagrees
3565,"38, Lake View Homes, Plot 803, 38, Lucknow","38, Lake View Homes, Plot 803","38, Lake View Homes, Plot 803, 38",3,4,0.9230769230769231,83.1,ACCEPT,
3563,"Near, Phase 6, Plot 765, 963, 202164","Near, Phase 6, Plot 765","Near, Phase 6, Plot 765, 963",3,4,0.9090909090909091,78.0,REVIEW,low_plausibility_and_reference_disagrees
3562,"Business Park 8, Phase 5, Plot 746, 926, Haryana","Business Park 8, Phase 5, Plot 746","Business Park 8, Phase 5, Plot 746, 926",3,4,0.9333333333333333,81.2,ACCEPT,
3559,"Wing H, Phase 2, Plot 689, 815, 248860","Wing H, Phase 2","Wing H, Phase 2, Plot 689, 815",2,4,0.7272727272727273,53.3,REVIEW,low_plausibility_and_reference_disagrees
3382,"Sector 17, Office 958, Plot 323, 260, 122683","Sector 17, Office 958","Sector 17, Office 958, Plot 323, 260",2,4,0.7272727272727273,56.8,REVIEW,low_plausibility_and_reference_disagrees
3380,"Shanti Nagar, Office 924, Plot 285, 186, Nagpur",Shanti Nagar,"Shanti Nagar, Office 924, Plot 285, 186",1,4,0.4444444444444444,36.5,ACCEPT,
3378,"Airport Road, Office 890, Plot 247, 112, 751679","Airport Road, Office 890, Plot 247","Airport Road, Office 890, Plot 247, 112",3,4,0.9230769230769231,79.5,REVIEW,low_plausibility_and_reference_disagrees
3377,"College Road, Office 873, Plot 228, 75, Bihar",College Road,"College Road, Office 873, Plot 228, 75",1,4,0.4444444444444444,35.5,ACCEPT,
3376,"Green Residency, Office 856, Plot 209, 38, Kochi",Green Residency,"Green Residency, Office 856, Plot 209, 38",1,4,0.4444444444444444,38.2,ACCEPT,
3372,"13th Floor, Office 788, Plot 133, 889, Kolkata","13th Floor, Office 788","13th Floor, Office 788, Plot 133, 889",2,4,0.7272727272727273,59.1,ACCEPT,
3370,"Plot 95, Office 754, Plot 95, 815, 600671","Plot 95, Office 754, Plot 95","Plot 95, Office 754, Plot 95, 815",3,4,0.9230769230769231,78.8,REVIEW,low_plausibility_and_reference_disagrees
3369,"Shop 134, Office 737, Plot 76, 778, Hyderabad","Shop 134, Office 737","Shop 134, Office 737, Plot 76, 778",2,4,0.7272727272727273,62.7,ACCEPT,
3367,"704, Office 703, Plot 38, 704, 400668","704, Office 703, Plot 38","704, Office 703, Plot 38, 704",3,4,0.9090909090909091,78.2,REVIEW,low_plausibility_and_reference_disagrees
3558,"Building 39, Phase 1, Plot 670, 778, Odisha","Building 39, Phase 1, Plot 670","Building 39, Phase 1, Plot 670, 778",3,4,0.9230769230769231,79.0,ACCEPT,
3557,"Opposite, Phase 6, Plot 651, 741, Patna","Opposite, Phase 6, Plot 651","Opposite, Phase 6, Plot 651, 741",3,4,0.9090909090909091,76.6,ACCEPT,
3555,"Madhya Pradesh, Phase 4, Plot 613, 667, 452856","Madhya Pradesh, Phase 4, Plot 613","Madhya Pradesh, Phase 4, Plot 613, 667",3,4,0.9230769230769231,79.4,REVIEW,low_plausibility_and_reference_disagrees
3554,"Bhopal, Phase 3, Plot 594, 630, Madhya Pradesh","Bhopal, Phase 3","Bhopal, Phase 3, Plot 594, 630",2,4,0.6666666666666666,63.8,ACCEPT,
3551,"Post Madhopur, Phase 6, Plot 537, 519, 380852",Post Madhopur,"Post Madhopur, Phase 6, Plot 537, 519",1,4,0.4444444444444444,39.9,REVIEW,low_plausibility_and_reference_disagrees
3550,"Kalyanpur, Phase 5, Plot 518, 482, Tamil Nadu",Kalyanpur,"Kalyanpur, Phase 5, Plot 518, 482",1,4,0.2857142857142857,41.3,ACCEPT,
3549,"Main Bazaar, Phase 4, Plot 499, 445, Hyderabad","Main Bazaar, Phase 4, Plot 499","Main Bazaar, Phase 4, Plot 499, 445",3,4,0.9230769230769231,83.2,ACCEPT,
3547,"Sector 83, Phase 2, Plot 461, 371, 400848","Sector 83, Phase 2, Plot 461","Sector 83, Phase 2, Plot 461, 371",3,4,0.9230769230769231,78.8,REVIEW,low_plausibility_and_reference_disagrees
3546,"Ashok Vihar, Phase 1, Plot 442, 334, Maharashtra","Ashok Vihar, Phase 1, Plot 442","Ashok Vihar, Phase 1, Plot 442, 334",3,4,0.9230769230769231,85.0,ACCEPT,
3545,"Vijay Nagar, Phase 6, Plot 423, 297, Lucknow","Vijay Nagar, Phase 6","Vijay Nagar, Phase 6, Plot 423, 297",2,4,0.7272727272727273,58.2,ACCEPT,
3543,"Gandhi Marg, Phase 4, Plot 385, 223, 202144",Gandhi Marg,"Gandhi Marg, Phase 4, Plot 385, 223",1,4,0.4444444444444444,37.8,REVIEW,low_plausibility_and_reference_disagrees
3396,"Industrial Area 7, Office 297, Plot 589, 778, Kochi","Industrial Area 7, Office 297, Plot 589","Industrial Area 7, Office 297, Plot 589, 778",3,4,0.9333333333333333,77.8,ACCEPT,
3394,"Wing C, Office 263, Plot 551, 704, 462695",Wing C,"Wing C, Office 263, Plot 551, 704",1,4,0.4444444444444444,28.6,REVIEW,low_plausibility_and_reference_disagrees
3392,"Near, Office 229, Plot 513, 630, Kolkata","Near, Office 229, Plot 513","Near, Office 229, Plot 513, 630",3,4,0.9090909090909091,80.2,ACCEPT,
3390,"Tamil Nadu, Office 195, Plot 475, 556, 600691",Tamil Nadu,"Tamil Nadu, Office 195, Plot 475, 556",1,4,0.4444444444444444,34.3,REVIEW,low_plausibility_and_reference_disagrees
3389,"Hyderabad, Office 178, Plot 456, 519, Telangana","Hyderabad, Office 178, Plot 456","Hyderabad, Office 178, Plot 456, 519",3,4,0.9090909090909091,83.3,ACCEPT,
3388,"District 14, Office 161, Plot 437, 482, Bengaluru","District 14, Office 161","District 14, Office 161, Plot 437, 482",2,4,0.7272727272727273,62.6,ACCEPT,
3386,"Post Shivpur, Office 127, Plot 399, 408, 411687",Post Shivpur,"Post Shivpur, Office 127, Plot 399, 408",1,4,0.4444444444444444,36.5,REVIEW,low_plausibility_and_reference_disagrees
3385,"Lakshmipur, Office 110, Plot 380, 371, Uttar Pradesh","Lakshmipur, Office 110, Plot 380","Lakshmipur, Office 110, Plot 380, 371",3,4,0.9090909090909091,86.6,ACCEPT,
3384,"Main Bazaar, Office 992, Plot 361, 334, Jaipur","Main Bazaar, Office 992","Main Bazaar, Office 992, Plot 361, 334",2,4,0.7272727272727273,57.6,ACCEPT,
3414,"Laxmi Enclave, Unit 601, Plot 931, 445, Madhya Pradesh","Laxmi Enclave, Unit 601, Plot 931","Laxmi Enclave, Unit 601, Plot 931, 445",3,4,0.9230769230769231,87.2,ACCEPT,
3411,"Station Road, Unit 532, Plot 874, 334, 380712","Station Road, Unit 532","Station Road, Unit 532, Plot 874, 334",2,4,0.7272727272727273,57.2,REVIEW,low_plausibility_and_reference_disagrees
3410,"MG Road, Unit 509, Plot 855, 297, Tamil Nadu","MG Road, Unit 509, Plot 855","MG Road, Unit 509, Plot 855, 297",3,4,0.9230769230769231,83.8,ACCEPT,
3409,"Lotus Heights, Unit 486, Plot 836, 260, Hyderabad","Lotus Heights, Unit 486","Lotus Heights, Unit 486, Plot 836, 260",2,4,0.7272727272727273,62.6,ACCEPT,
3407,"Block H, Unit 440, Plot 798, 186, 400708","Block H, Unit 440","Block H, Unit 440, Plot 798, 186",2,4,0.7272727272727273,54.7,REVIEW,low_plausibility_and_reference_disagrees
3406,"Tower G, Unit 417, Plot 779, 149, Maharashtra","Tower G, Unit 417, Plot 779","Tower G, Unit 417, Plot 779, 149",3,4,0.9230769230769231,84.6,ACCEPT,
3405,"6th Floor, Unit 394, Plot 760, 112, Lucknow","6th Floor, Unit 394, Plot 760","6th Floor, Unit 394, Plot 760, 112",3,4,0.9230769230769231,80.6,ACCEPT,
3404,"Plot 741, Unit 371, Plot 741, 75, 302705","Plot 741, Unit 371, Plot 741","Plot 741, Unit 371, Plot 741, 75",3,4,0.9230769230769231,81.4,REVIEW,low_plausibility_and_reference_disagrees
3403,"Office 416, Unit 348, Plot 722, 38, Uttar Pradesh","Office 416, Unit 348, Plot 722","Office 416, Unit 348, Plot 722, 38",3,4,0.9230769230769231,88.3,ACCEPT,
3402,"Shop 497, Unit 325, Plot 703, 1, Gurugram","Shop 497, Unit 325, Plot 703","Shop 497, Unit 325, Plot 703, 1",3,4,0.9230769230769231,86.9,ACCEPT,
3542,"Nehru Street, Phase 3, Plot 366, 186, Haryana",Nehru Street,"Nehru Street, Phase 3, Plot 366, 186",1,4,0.4444444444444444,40.6,ACCEPT,
3540,"Block E, Phase 1, Plot 328, 112, 440841","Block E, Phase 1, Plot 328","Block E, Phase 1, Plot 328, 112",3,4,0.9230769230769231,78.5,REVIEW,low_plausibility_and_reference_disagrees
3539,"Tower D, Phase 6, Plot 309, 75, Uttarakhand","Tower D, Phase 6, Plot 309","Tower D, Phase 6, Plot 309, 75",3,4,0.9230769230769231,86.6,ACCEPT,
3538,"19th Floor, Phase 5, Plot 290, 38, Bhubaneswar","19th Floor, Phase 5, Plot 290","19th Floor, Phase 5, Plot 290, 38",3,4,0.9230769230769231,87.0,ACCEPT,
3536,"Plot 252, Phase 3, Plot 252, 963, 682837","Plot 252, Phase 3, Plot 252","Plot 252, Phase 3, Plot 252, 963",3,4,0.9230769230769231,78.6,REVIEW,low_plausibility_and_reference_disagrees
3534,"Shop 452, Phase 1, Plot 214, 889, Bhopal",Shop 452,"Shop 452, Phase 1, Plot 214, 889",1,4,0.4444444444444444,34.0,ACCEPT,
3532,"815, Phase 5, Plot 176, 815, 700833","815, Phase 5, Plot 176","815, Phase 5, Plot 176, 815",3,4,0.9090909090909091,77.8,REVIEW,low_plausibility_and_reference_disagrees
3531,"Opposite, Block D, Plot 157, 778, Gujarat","Opposite, Block D","Opposite, Block D, Plot 157, 778",2,4,0.6666666666666666,56.5,ACCEPT,
3530,"Near, Block C, Plot 138, 741, Chennai","Near, Block C, Plot 138","Near, Block C, Plot 138, 741",3,4,0.9090909090909091,79.6,ACCEPT,
3528,"Industrial Area 4, Block A, Plot 100, 667, 560829","Industrial Area 4, Block A, Plot 100","Industrial Area 4, Block A, Plot 100, 667",3,4,0.9333333333333333,79.7,REVIEW,low_plausibility_and_reference_disagrees
3527,"Campus 8, Block H, Plot 81, 630, Maharashtra","Campus 8, Block H, Plot 81","Campus 8, Block H, Plot 81, 630",3,4,0.9230769230769231,84.4,ACCEPT,
3429,"Industrial Area 10, Unit 946, Plot 217, 1, Hyderabad","Industrial Area 10, Unit 946, Plot 217","Industrial Area 10, Unit 946, Plot 217, 1",3,4,0.9333333333333333,88.5,ACCEPT,
3426,"Building 67, Unit 877, Plot 160, 889, Maharashtra","Building 67, Unit 877","Building 67, Unit 877, Plot 160, 889",2,4,0.7272727272727273,64.3,ACCEPT,
3425,"Opposite, Unit 854, Plot 141, 852, Lucknow",Opposite,"Opposite, Unit 854, Plot 141, 852",1,4,0.2857142857142857,34.8,ACCEPT,
3422,"Gurugram, Unit 785, Plot 84, 741, Haryana","Gurugram, Unit 785","Gurugram, Unit 785, Plot 84, 741",2,4,0.6666666666666666,58.5,ACCEPT,
3419,"Post Madhopur, Unit 716, Plot 27, 630, 248720","Post Madhopur, Unit 716, Plot 27","Post Madhopur, Unit 716, Plot 27, 630",3,4,0.9230769230769231,79.3,REVIEW,low_plausibility_and_reference_disagrees
3418,"Kalyanpur, Unit 693, Plot 8, 593, Odisha","Kalyanpur, Unit 693, Plot 8","Kalyanpur, Unit 693, Plot 8, 593",3,4,0.9090909090909091,78.6,ACCEPT,
3417,"New Market, Unit 670, Plot 988, 556, Patna","New Market, Unit 670","New Market, Unit 670, Plot 988, 556",2,4,0.7272727272727273,54.1,ACCEPT,
3445,"Gali 26, 6th Floor, Plot 521, 593, Uttar Pradesh",Gali 26,"Gali 26, 6th Floor, Plot 521, 593",1,4,0.4444444444444444,39.9,ACCEPT,
3444,"Ring Road, 5th Floor, Plot 502, 556, Jaipur","Ring Road, 5th Floor, Plot 502","Ring Road, 5th Floor, Plot 502, 556",3,4,0.9230769230769231,79.0,ACCEPT,
3442,"Shivam Apartments, 3th Floor, Plot 464, 482, 122743","Shivam Apartments, 3th Floor","Shivam Apartments, 3th Floor, Plot 464, 482",2,4,0.7272727272727273,59.4,REVIEW,low_plausibility_and_reference_disagrees
3440,"Block A, 1th Floor, Plot 426, 408, Nagpur","Block A, 1th Floor","Block A, 1th Floor, Plot 426, 408",2,4,0.7272727272727273,55.2,ACCEPT,
3438,"Unit 154, 19th Floor, Plot 388, 334, Odisha",Unit 154,"Unit 154, 19th Floor, Plot 388, 334",1,4,0.4444444444444444,31.7,ACCEPT,
3437,"Plot 369, 18th Floor, Plot 369, 297, Patna","Plot 369, 18th Floor, Plot 369","Plot 369, 18th Floor, Plot 369, 297",3,4,0.9230769230769231,77.0,ACCEPT,
3435,"Shop 361, 16th Floor, Plot 331, 223, 452736",Shop 361,"Shop 361, 16th Floor, Plot 331, 223",1,4,0.4444444444444444,31.7,REVIEW,low_plausibility_and_reference_disagrees
3434,"692, 15th Floor, Plot 312, 186, Madhya Pradesh","692, 15th Floor, Plot 312","692, 15th Floor, Plot 312, 186",3,4,0.9090909090909091,86.2,ACCEPT,
3431,"Near, Unit 992, Plot 255, 75, 380732","Near, Unit 992","Near, Unit 992, Plot 255, 75",2,4,0.6666666666666666,54.0,REVIEW,low_plausibility_and_reference_disagrees
3462,"Industrial Area 13, 3th Floor, Plot 844, 223, 122763","Industrial Area 13, 3th Floor","Industrial Area 13, 3th Floor, Plot 844, 223",2,4,0.7692307692307693,59.7,REVIEW,low_plausibility_and_reference_disagrees
3460,"Wing E, 1th Floor, Plot 806, 149, Nagpur","Wing E, 1th Floor, Plot 806","Wing E, 1th Floor, Plot 806, 149",3,4,0.9230769230769231,78.6,ACCEPT,
3458,"Behind, 19th Floor, Plot 768, 75, 751759","Behind, 19th Floor, Plot 768","Behind, 19th Floor, Plot 768, 75",3,4,0.9090909090909091,81.4,REVIEW,low_plausibility_and_reference_disagrees
3457,"800758, 18th Floor, Plot 749, 38, Bihar","800758, 18th Floor","800758, 18th Floor, Plot 749, 38",2,4,0.6666666666666666,54.4,ACCEPT,
3452,"Post Shivpur, 13th Floor, Plot 654, 852, Kolkata",Post Shivpur,"Post Shivpur, 13th Floor, Plot 654, 852",1,4,0.4444444444444444,38.1,ACCEPT,
3450,"Sadar Market, 11th Floor, Plot 616, 778, 600751",Sadar Market,"Sadar Market, 11th Floor, Plot 616, 778",1,4,0.4444444444444444,36.5,REVIEW,low_plausibility_and_reference_disagrees
3449,"City Hospital, 10th Floor, Plot 597, 741, Telangana",City Hospital,"City Hospital, 10th Floor, Plot 597, 741",1,4,0.4444444444444444,42.0,ACCEPT,
3448,"Sector 83, 9th Floor, Plot 578, 704, Bengaluru","Sector 83, 9th Floor","Sector 83, 9th Floor, Plot 578, 704",2,4,0.7272727272727273,61.3,ACCEPT,
3526,"Wing G, Block G, Plot 62, 593, Pune",Wing G,"Wing G, Block G, Plot 62, 593",1,4,0.4444444444444444,27.6,ACCEPT,
3524,"Near, Block E, Plot 24, 519, 302825","Near, Block E, Plot 24","Near, Block E, Plot 24, 519",3,4,0.9090909090909091,77.8,REVIEW,low_plausibility_and_reference_disagrees
3523,"202124, Block D, Plot 5, 482, Uttar Pradesh","202124, Block D, Plot 5","202124, Block D, Plot 5, 482",3,4,0.9090909090909091,85.3,ACCEPT,
3522,"Haryana, Block C, Plot 985, 445, Gurugram","Haryana, Block C","Haryana, Block C, Plot 985, 445",2,4,0.6666666666666666,57.6,ACCEPT,
3520,"District 71, Block A, Plot 947, 371, 440821",District 71,"District 71, Block A, Plot 947, 371",1,4,0.4444444444444444,37.8,REVIEW,low_plausibility_and_reference_disagrees
3519,"Tehsil 20, Block H, Plot 928, 334, Uttarakhand",Tehsil 20,"Tehsil 20, Block H, Plot 928, 334",1,4,0.4444444444444444,42.4,ACCEPT,
3518,"Post Shivpur, Block G, Plot 909, 297, Bhubaneswar","Post Shivpur, Block G","Post Shivpur, Block G, Plot 909, 297",2,4,0.7272727272727273,64.3,ACCEPT,
3516,"Gandhi Market, Block E, Plot 871, 223, 682817","Gandhi Market, Block E, Plot 871","Gandhi Market, Block E, Plot 871, 223",3,4,0.9230769230769231,79.3,REVIEW,low_plausibility_and_reference_disagrees
3515,"Clock Tower, Block D, Plot 852, 186, Madhya Pradesh","Clock Tower, Block D, Plot 852","Clock Tower, Block D, Plot 852, 186",3,4,0.9230769230769231,86.9,ACCEPT,
3514,"Sector 50, Block C, Plot 833, 149, Bhopal","Sector 50, Block C, Plot 833","Sector 50, Block C, Plot 833, 149",3,4,0.9230769230769231,78.8,ACCEPT,
3511,"Gali 2, Block H, Plot 776, 38, Gujarat","Gali 2, Block H","Gali 2, Block H, Plot 776, 38",2,4,0.7272727272727273,56.7,ACCEPT,
3477,"College Road, Tower F, Plot 130, 778, 800778","College Road, Tower F, Plot 130","College Road, Tower F, Plot 130, 778",3,4,0.9230769230769231,79.2,REVIEW,low_plausibility_and_reference_disagrees
3476,"Main Bazaar, Tower E, Plot 111, 741, Kerala","Main Bazaar, Tower E","Main Bazaar, Tower E, Plot 111, 741",2,4,0.7272727272727273,56.3,ACCEPT,
3475,"Royal Enclave, Tower D, Plot 92, 704, Indore","Royal Enclave, Tower D, Plot 92","Royal Enclave, Tower D, Plot 92, 704",3,4,0.9230769230769231,79.2,ACCEPT,
3473,"Block B, Tower B, Plot 54, 630, 160774","Block B, Tower B, Plot 54","Block B, Tower B, Plot 54, 630",3,4,0.9230769230769231,78.3,REVIEW,low_plausibility_and_reference_disagrees
3472,"13th Floor, Tower A, Plot 35, 593, Kolkata","13th Floor, Tower A","13th Floor, Tower A, Plot 35, 593",2,4,0.7272727272727273,59.0,ACCEPT,
3470,"Plot 996, Tower G, Plot 996, 519, 600771",Plot 996,"Plot 996, Tower G, Plot 996, 519",1,4,0.4444444444444444,34.0,REVIEW,low_plausibility_and_reference_disagrees
3469,"Office 639, Tower F, Plot 977, 482, Telangana",Office 639,"Office 639, Tower F, Plot 977, 482",1,4,0.4444444444444444,41.3,ACCEPT,
3468,"Shop 225, Tower E, Plot 958, 445, Bengaluru","Shop 225, Tower E","Shop 225, Tower E, Plot 958, 445",2,4,0.7272727272727273,59.7,ACCEPT,
3466,"371, Tower C, Plot 920, 371, 411767","371, Tower C, Plot 920","371, Tower C, Plot 920, 371",3,4,0.9090909090909091,77.8,REVIEW,low_plausibility_and_reference_disagrees
3465,"Opposite, 6th Floor, Plot 901, 334, Uttar Pradesh","Opposite, 6th Floor, Plot 901","Opposite, 6th Floor, Plot 901, 334",3,4,0.9090909090909091,86.2,ACCEPT,
3464,"Near, 5th Floor, Plot 882, 297, Jaipur","Near, 5th Floor","Near, 5th Floor, Plot 882, 297",2,4,0.6666666666666666,53.3,ACCEPT,
3493,"Wing F, Tower F, Plot 434, 371, 160794","Wing F, Tower F","Wing F, Tower F, Plot 434, 371",2,4,0.7272727272727273,53.3,REVIEW,low_plausibility_and_reference_disagrees
3492,"Building 53, Tower E, Plot 415, 334, West Bengal","Building 53, Tower E","Building 53, Tower E, Plot 415, 334",2,4,0.7272727272727273,63.8,ACCEPT,
3491,"Beside, Tower D, Plot 396, 297, Ahmedabad","Beside, Tower D","Beside, Tower D, Plot 396, 297",2,4,0.6666666666666666,58.4,ACCEPT,
3489,"Telangana, Tower B, Plot 358, 223, 500790","Telangana, Tower B, Plot 358","Telangana, Tower B, Plot 358, 223",3,4,0.9090909090909091,78.8,REVIEW,low_plausibility_and_reference_disagrees
3488,"Bengaluru, Tower A, Plot 339, 186, Karnataka","Bengaluru, Tower A","Bengaluru, Tower A, Plot 339, 186",2,4,0.6666666666666666,60.3,ACCEPT,
3487,"District 38, Tower H, Plot 320, 149, Mumbai","District 38, Tower H","District 38, Tower H, Plot 320, 149",2,4,0.7272727272727273,56.3,ACCEPT,
3484,"Kalyanpur, Tower E, Plot 263, 38, Rajasthan","Kalyanpur, Tower E, Plot 263","Kalyanpur, Tower E, Plot 263, 38",3,4,0.9090909090909091,85.3,ACCEPT,
3483,"City Centre, Tower D, Plot 244, 1, Noida","City Centre, Tower D","City Centre, Tower D, Plot 244, 1",2,4,0.7272727272727273,56.8,ACCEPT,
3481,"Sector 17, Tower B, Plot 206, 926, 110782",Sector 17,"Sector 17, Tower B, Plot 206, 926",1,4,0.4444444444444444,35.4,REVIEW,low_plausibility_and_reference_disagrees
3480,"Shanti Nagar, Tower A, Plot 187, 889, Maharashtra",Shanti Nagar,"Shanti Nagar, Tower A, Plot 187, 889",1,4,0.4444444444444444,46.0,ACCEPT,
3479,"Rosewood Layout, Tower H, Plot 168, 852, Dehradun","Rosewood Layout, Tower H","Rosewood Layout, Tower H, Plot 168, 852",2,4,0.7272727272727273,61.6,ACCEPT,
3508,"Sunrise Towers, Block E, Plot 719, 926, 560809",Sunrise Towers,"Sunrise Towers, Block E, Plot 719, 926",1,4,0.4444444444444444,40.8,REVIEW,low_plausibility_and_reference_disagrees
3507,"Phase 4, Block D, Plot 700, 889, Maharashtra","Phase 4, Block D","Phase 4, Block D, Plot 700, 889",2,4,0.7272727272727273,61.5,ACCEPT,
3505,"6th Floor, Block B, Plot 662, 815, 226806",6th Floor,"6th Floor, Block B, Plot 662, 815",1,4,0.4444444444444444,35.4,REVIEW,low_plausibility_and_reference_disagrees
3504,"Unit 673, Block A, Plot 643, 778, Rajasthan",Unit 673,"Unit 673, Block A, Plot 643, 778",1,4,0.4444444444444444,38.6,ACCEPT,
3503,"Plot 624, Block H, Plot 624, 741, Noida","Plot 624, Block H, Plot 624","Plot 624, Block H, Plot 624, 741",3,4,0.9230769230769231,76.6,ACCEPT,
3501,"Shop 89, Block F, Plot 586, 667, 110802","Shop 89, Block F","Shop 89, Block F, Plot 586, 667",2,4,0.7272727272727273,54.0,REVIEW,low_plausibility_and_reference_disagrees
3497,"Near, Tower B, Plot 510, 519, 800798",Near,"Near, Tower B, Plot 510, 519",1,4,0.2857142857142857,26.8,REVIEW,low_plausibility_and_reference_disagrees
3496,"Business Park 2, Tower A, Plot 491, 482, Kerala","Business Park 2, Tower A","Business Park 2, Tower A, Plot 491, 482",2,4,0.7692307692307693,58.0,ACCEPT,
3495,"Industrial Area 1, Tower H, Plot 472, 445, Indore","Industrial Area 1, Tower H, Plot 472","Industrial Area 1, Tower H, Plot 472, 445",3,4,0.9333333333333333,79.7,ACCEPT,
4997,"Gali 18, Post Madhopur, Unit 47, 75, Bihar","Gali 18, Post Madhopur",Gali 18,2,1,0.6666666666666666,59.0,ACCEPT,
4996,"Main Bazaar, Post Kalyanpur, Unit 24, 38, Kochi","Main Bazaar, Post Kalyanpur, Unit 24",Main Bazaar,3,1,0.5,43.7,ACCEPT,
4995,"Park Road, Post Rajapur, Unit 1, 1, District 46","Park Road, Post Rajapur",Park Road,2,1,0.6666666666666666,65.4,ACCEPT,
4994,"Shivam Apartments, Post Shivpur, Unit 977, 963, 462495","Shivam Apartments, Post Shivpur, Unit 977",Shivam Apartments,3,1,0.5,52.3,ACCEPT,
4993,"Phase 2, Post Lakshmipur, Unit 954, 926, Chandigarh","Phase 2, Post Lakshmipur",Phase 2,2,1,0.6666666666666666,59.4,ACCEPT,
4992,"Block A, Post Rampur, Unit 931, 889, Kolkata","Block A, Post Rampur, Unit 931, 889",Block A,4,1,0.4444444444444444,31.1,ACCEPT,
4991,"Tower H, Post Madhopur, Unit 908, 852, District 42","Tower H, Post Madhopur, Unit 908",Tower H,3,1,0.5,44.9,ACCEPT,
4990,"11th Floor, Post Kalyanpur, Unit 885, 815, 600491","11th Floor, Post Kalyanpur, Unit 885, 815",11th Floor,4,1,0.4444444444444444,31.6,ACCEPT,
4989,"Unit 862, Post Rajapur, Unit 862, 778, Telangana","Unit 862, Post Rajapur, Unit 862",Unit 862,3,1,0.5,45.8,ACCEPT,
4988,"Plot 867, Post Shivpur, Unit 839, 741, Bengaluru","Plot 867, Post Shivpur",Plot 867,2,1,0.6666666666666666,64.6,ACCEPT,
4987,"Office 374, Post Lakshmipur, Unit 816, 704, District 38","Office 374, Post Lakshmipur, Unit 816",Office 374,3,1,0.5,47.4,ACCEPT,
4986,"Shop 456, Post Rampur, Unit 793, 667, 411487","Shop 456, Post Rampur, Unit 793",Shop 456,3,1,0.5,44.0,ACCEPT,
4985,"178, Post Madhopur, Unit 770, 630, Uttar Pradesh","178, Post Madhopur",178,2,1,0.5,53.1,ACCEPT,
4984,"593, Post Kalyanpur, Unit 747, 593, Jaipur","593, Post Kalyanpur",593,2,1,0.5,49.6,ACCEPT,
4983,"Opposite, Rajapur, Unit 724, 556, District 34","Opposite, Rajapur, Unit 724",Opposite,3,1,0.4,52.5,ACCEPT,
22,"District 23, 815, 387, 815, 122023","District 23, 815, 387","District 23, 815, 387, 815",3,4,0.8888888888888888,77.6,REVIEW,low_plausibility_and_reference_disagrees
20,"Post Shivpur, 741, 361, 741, Nagpur",Post Shivpur,"Post Shivpur, 741, 361, 741",1,4,0.5714285714285714,48.6,ACCEPT,
18,"City Centre, 667, 335, 667, 751019",City Centre,"City Centre, 667, 335, 667",1,4,0.5714285714285714,47.5,REVIEW,low_plausibility_and_reference_disagrees
17,"City Hospital, 630, 322, 630, Bihar","City Hospital, 630, 322","City Hospital, 630, 322, 630",3,4,0.8888888888888888,75.9,ACCEPT,
14,"Laxmi Enclave, 519, 283, 519, 462015",Laxmi Enclave,"Laxmi Enclave, 519, 283, 519",1,4,0.5714285714285714,49.5,REVIEW,low_plausibility_and_reference_disagrees
10,"Shivam Apartments, 371, 231, 371, 600011",Shivam Apartments,"Shivam Apartments, 371, 231, 371",1,4,0.5714285714285714,52.7,REVIEW,low_plausibility_and_reference_disagrees
9,"Phase 4, 334, 218, 334, Telangana","Phase 4, 334","Phase 4, 334, 218, 334",2,4,0.75,64.2,ACCEPT,
8,"Block A, 297, 205, 297, Bengaluru","Block A, 297, 205","Block A, 297, 205, 297",3,4,0.8888888888888888,80.7,ACCEPT,
3,"Office 152, 112, 140, 112, District 4","Office 152, 112","Office 152, 112, 140, 112",2,4,0.75,67.6,ACCEPT,
7,"Tower H, 260, 192, 260, District 8","Tower H, 260, 192","Tower H, 260, 192, 260",3,4,0.8888888888888888,81.6,ACCEPT,
11,"Station Road, 408, 244, 408, District 12",Station Road,"Station Road, 408, 244, 408",1,4,0.5714285714285714,56.1,ACCEPT,
15,"Vijay Nagar, 556, 296, 556, District 16","Vijay Nagar, 556, 296","Vijay Nagar, 556, 296, 556",3,4,0.8888888888888888,83.5,ACCEPT,
19,"Lakshmipur, 704, 348, 704, District 20","Lakshmipur, 704","Lakshmipur, 704, 348, 704",2,4,0.6666666666666666,68.7,ACCEPT,
3498,"Opposite, Tower C, Plot 529, 556, District 49","Opposite, Tower C, Plot 529","Opposite, Tower C, Plot 529, 556",3,4,0.9090909090909091,84.6,ACCEPT,
3502,"Office 301, Block G, Plot 605, 704, District 53","Office 301, Block G","Office 301, Block G, Plot 605, 704",2,4,0.7272727272727273,63.3,ACCEPT,
3506,"Tower C, Block C, Plot 681, 852, District 57","Tower C, Block C","Tower C, Block C, Plot 681, 852",2,4,0.7272727272727273,61.5,ACCEPT,
79,"Gali 20, Office 545, 229, 926, District 5",Gali 20,"Gali 20, Office 545, 229, 926",1,4,0.5,40.2,ACCEPT,
75,"Phase 4, Office 477, 177, 778, District 1","Phase 4, Office 477, 177","Phase 4, Office 477, 177, 778",3,4,0.9090909090909091,83.3,ACCEPT,
71,"Unit 635, Office 409, 125, 630, District 72","Unit 635, Office 409","Unit 635, Office 409, 125, 630",2,4,0.8,71.2,ACCEPT,
99,"Opposite, Office 885, 489, 667, District 25",Opposite,"Opposite, Office 885, 489, 667",1,4,0.3333333333333333,42.9,ACCEPT,
87,"Tehsil 38, Office 681, 333, 223, District 13","Tehsil 38, Office 681","Tehsil 38, Office 681, 333, 223",2,4,0.8,71.6,ACCEPT,
118,"Kalyanpur, Plot 245, 736, 371, District 44","Kalyanpur, Plot 245, 736","Kalyanpur, Plot 245, 736, 371",3,4,0.8888888888888888,84.1,ACCEPT,
114,"Laxmi Enclave, Plot 169, 684, 223, District 40","Laxmi Enclave, Plot 169, 684","Laxmi Enclave, Plot 169, 684, 223",3,4,0.9090909090909091,84.7,ACCEPT,
103,"Office 953, Plot 959, 541, 815, District 29","Office 953, Plot 959, 541","Office 953, Plot 959, 541, 815",3,4,0.9090909090909091,84.3,ACCEPT,
4948,"Business Park 14, City Centre, Unit 918, 260, District 74","Business Park 14, City Centre, Unit 918","Business Park 14, City Centre, Unit 918, 260",3,4,0.9333333333333333,85.9,ACCEPT,
3533,"181, Phase 6, Plot 195, 852, District 9","181, Phase 6, Plot 195","181, Phase 6, Plot 195, 852",3,4,0.9090909090909091,82.9,ACCEPT,
3428,"Campus 9, Unit 923, Plot 198, 963, District 54","Campus 9, Unit 923, Plot 198","Campus 9, Unit 923, Plot 198, 963",3,4,0.9230769230769231,84.7,ACCEPT,
3424,"302725, Unit 831, Plot 122, 815, District 50",302725,"302725, Unit 831, Plot 122, 815",1,4,0.2857142857142857,37.0,ACCEPT,
3420,"Tehsil 21, Unit 739, Plot 46, 667, District 46","Tehsil 21, Unit 739, Plot 46","Tehsil 21, Unit 739, Plot 46, 667",3,4,0.9230769230769231,84.7,ACCEPT,
3416,"Central Mall, Unit 647, Plot 969, 519, District 42","Central Mall, Unit 647, Plot 969","Central Mall, Unit 647, Plot 969, 519",3,4,0.9230769230769231,85.2,ACCEPT,
3443,"Gandhi Marg, 4th Floor, Plot 483, 519, District 69",Gandhi Marg,"Gandhi Marg, 4th Floor, Plot 483, 519",1,4,0.4444444444444444,43.1,ACCEPT,
3439,"Tower H, 20th Floor, Plot 407, 371, District 65",Tower H,"Tower H, 20th Floor, Plot 407, 371",1,4,0.4444444444444444,37.1,ACCEPT,
3432,"Opposite, Unit 16, Plot 274, 112, District 58","Opposite, Unit 16, Plot 274","Opposite, Unit 16, Plot 274, 112",3,4,0.9090909090909091,84.6,ACCEPT,
3459,"Building 20, 20th Floor, Plot 787, 112, District 10","Building 20, 20th Floor, Plot 787","Building 20, 20th Floor, Plot 787, 112",3,4,0.9230769230769231,85.3,ACCEPT,
3455,"Indore, 16th Floor, Plot 711, 963, District 6","Indore, 16th Floor","Indore, 16th Floor, Plot 711, 963",2,4,0.6666666666666666,61.6,ACCEPT,
3552,"Tehsil 3, Phase 1, Plot 556, 556, District 28",Tehsil 3,"Tehsil 3, Phase 1, Plot 556, 556",1,4,0.4444444444444444,41.1,ACCEPT,
3548,"District Court, Phase 3, Plot 480, 408, District 24",District Court,"District Court, Phase 3, Plot 480, 408",1,4,0.4444444444444444,47.9,ACCEPT,
3544,"Gali 5, Phase 5, Plot 404, 260, District 20","Gali 5, Phase 5","Gali 5, Phase 5, Plot 404, 260",2,4,0.7272727272727273,60.9,ACCEPT,
3395,"Campus 16, Office 280, Plot 570, 741, District 21","Campus 16, Office 280, Plot 570","Campus 16, Office 280, Plot 570, 741",3,4,0.9230769230769231,85.1,ACCEPT,
3391,"380692, Office 212, Plot 494, 593, District 17","380692, Office 212","380692, Office 212, Plot 494, 593",2,4,0.6666666666666666,62.8,ACCEPT,
3383,"City Library, Office 975, Plot 342, 297, District 9","City Library, Office 975, Plot 342","City Library, Office 975, Plot 342, 297",3,4,0.9230769230769231,84.6,ACCEPT,
3412,"Gali 23, Unit 555, Plot 893, 371, District 38","Gali 23, Unit 555, Plot 893","Gali 23, Unit 555, Plot 893, 371",3,4,0.9230769230769231,84.6,ACCEPT,
3408,"Phase 1, Unit 463, Plot 817, 223, District 34","Phase 1, Unit 463, Plot 817","Phase 1, Unit 463, Plot 817, 223",3,4,0.9230769230769231,84.6,ACCEPT,
3401,"263, Unit 302, Plot 684, 963, District 27","263, Unit 302, Plot 684","263, Unit 302, Plot 684, 963",3,4,0.9090909090909091,83.9,ACCEPT,
3399,"Opposite, Office 348, Plot 646, 889, District 25",Opposite,"Opposite, Office 348, Plot 646, 889",1,4,0.2857142857142857,38.5,ACCEPT,
3537,"Unit 433, Phase 4, Plot 271, 1, District 13","Unit 433, Phase 4, Plot 271","Unit 433, Phase 4, Plot 271, 1",3,4,0.9230769230769231,89.1,ACCEPT,
3356,"Kochi, Shop 490, Plot 828, 297, District 57",Kochi,"Kochi, Shop 490, Plot 828, 297",1,4,0.2857142857142857,35.2,ACCEPT,
3352,"Kalyanpur, Shop 446, Plot 752, 149, District 53","Kalyanpur, Shop 446, Plot 752","Kalyanpur, Shop 446, Plot 752, 149",3,4,0.9090909090909091,84.9,ACCEPT,
3572,"Tower E, Sunrise Towers, Plot 936, 297, District 48","Tower E, Sunrise Towers, Plot 936","Tower E, Sunrise Towers, Plot 936, 297",3,4,0.9230769230769231,85.3,ACCEPT,
3568,"Office 524, Green Residency, Plot 860, 149, District 44",Office 524,"Office 524, Green Residency, Plot 860, 149",1,4,0.4444444444444444,37.5,ACCEPT,
3564,"Opposite, Phase 1, Plot 784, 1, District 40","Opposite, Phase 1","Opposite, Phase 1, Plot 784, 1",2,4,0.6666666666666666,65.0,ACCEPT,
3560,"Campus 1, Phase 3, Plot 708, 852, District 36","Campus 1, Phase 3, Plot 708","Campus 1, Phase 3, Plot 708, 852",3,4,0.9230769230769231,84.6,ACCEPT,
3379,"Gali 20, Office 907, Plot 266, 149, District 5","Gali 20, Office 907","Gali 20, Office 907, Plot 266, 149",2,4,0.7272727272727273,62.1,ACCEPT,
3375,"Phase 4, Office 839, Plot 190, 1, District 1","Phase 4, Office 839","Phase 4, Office 839, Plot 190, 1",2,4,0.7272727272727273,64.9,ACCEPT,
3371,"Unit 611, Office 771, Plot 114, 852, District 72","Unit 611, Office 771, Plot 114","Unit 611, Office 771, Plot 114, 852",3,4,0.9230769230769231,85.0,ACCEPT,
3368,"733, Office 720, Plot 57, 741, District 69","733, Office 720","733, Office 720, Plot 57, 741",2,4,0.6666666666666666,62.3,ACCEPT,
3556,"682857, Phase 5, Plot 632, 704, District 32",682857,"682857, Phase 5, Plot 632, 704",1,4,0.2857142857142857,37.8,ACCEPT,
4944,"Building 65, Main Bazaar, Unit 826, 112, District 70","Building 65, Main Bazaar, Unit 826","Building 65, Main Bazaar, Unit 826, 112",3,4,0.9230769230769231,85.4,ACCEPT,
4936,"Kalyanpur, Gandhi Market, Unit 642, 815, District 62","Kalyanpur, Gandhi Market, Unit 642","Kalyanpur, Gandhi Market, Unit 642, 815",3,4,0.9090909090909091,85.4,ACCEPT,
134,"944, Unit 86, 944, 963, District 60",944,"944, Unit 86, 944, 963",1,4,0.3333333333333333,35.7,ACCEPT,
130,"Business Park 11, Plot 473, 892, 815, District 56","Business Park 11, Plot 473, 892","Business Park 11, Plot 473, 892, 815",3,4,0.9230769230769231,85.1,ACCEPT,
126,"Building 47, Plot 397, 840, 667, District 52","Building 47, Plot 397","Building 47, Plot 397, 840, 667",2,4,0.8,71.6,ACCEPT,
122,"Gurugram, Plot 321, 788, 519, District 48","Gurugram, Plot 321","Gurugram, Plot 321, 788, 519",2,4,0.75,70.4,ACCEPT,
149,"Railway Station, Unit 431, 240, 519, District 75","Railway Station, Unit 431, 240","Railway Station, Unit 431, 240, 519",3,4,0.9090909090909091,85.0,ACCEPT,
145,"Gali 26, Unit 339, 188, 371, District 71","Gali 26, Unit 339, 188","Gali 26, Unit 339, 188, 371",3,4,0.9090909090909091,83.7,ACCEPT,
141,"Phase 4, Unit 247, 136, 223, District 67","Phase 4, Unit 247","Phase 4, Unit 247, 136, 223",2,4,0.8,69.9,ACCEPT,
161,"Campus 2, Unit 707, 396, 963, District 12","Campus 2, Unit 707, 396","Campus 2, Unit 707, 396, 963",3,4,0.9090909090909091,83.9,ACCEPT,
157,"800158, Unit 615, 344, 815, District 8",800158,"800158, Unit 615, 344, 815",1,4,0.3333333333333333,40.4,ACCEPT,
153,"Tehsil 4, Unit 523, 292, 667, District 4",Tehsil 4,"Tehsil 4, Unit 523, 292, 667",1,4,0.5,43.8,ACCEPT,
4933,"Rajendra Nagar, City Centre, Unit 573, 704, District 59","Rajendra Nagar, City Centre","Rajendra Nagar, City Centre, Unit 573, 704",2,4,0.7272727272727273,66.6,ACCEPT,
3583,"Lakshmipur, Maple Heights, Plot 146, 704, District 59",Lakshmipur,"Lakshmipur, Maple Heights, Plot 146, 704",1,4,0.2857142857142857,38.9,ACCEPT,
3575,"Park Road, Maple Heights, Plot 993, 408, District 51","Park Road, Maple Heights, Plot 993","Park Road, Maple Heights, Plot 993, 408",3,4,0.9230769230769231,85.4,ACCEPT,
3333,"Opposite, 278, Plot 391, 445, District 34",Opposite,"Opposite, 278, Plot 391, 445",1,4,0.3333333333333333,45.0,ACCEPT,
3329,"Campus 10, 226, Plot 315, 297, District 30","Campus 10, 226, Plot 315","Campus 10, 226, Plot 315, 297",3,4,0.9090909090909091,84.1,ACCEPT,
3325,"226626, 174, Plot 239, 149, District 26","226626, 174","226626, 174, Plot 239, 149",2,4,0.5714285714285714,57.5,ACCEPT,
3321,"Tehsil 22, 122, Plot 163, 1, District 22","Tehsil 22, 122, Plot 163","Tehsil 22, 122, Plot 163, 1",3,4,0.9090909090909091,88.7,ACCEPT,
3348,"Krishna Colony, Shop 402, Plot 676, 1, District 49","Krishna Colony, Shop 402","Krishna Colony, Shop 402, Plot 676, 1",2,4,0.7272727272727273,68.2,ACCEPT,
3340,"Tower E, Shop 314, Plot 524, 704, District 41","Tower E, Shop 314, Plot 524","Tower E, Shop 314, Plot 524, 704",3,4,0.9230769230769231,84.6,ACCEPT,
3336,"Office 176, Shop 270, Plot 448, 556, District 37","Office 176, Shop 270","Office 176, Shop 270, Plot 448, 556",2,4,0.7272727272727273,63.8,ACCEPT,
3364,"Business Park 5, Shop 79, Plot 980, 593, District 65",Business Park 5,"Business Park 5, Shop 79, Plot 980, 593",1,4,0.5454545454545454,48.8,ACCEPT,
3360,"Building 1, Shop 35, Plot 904, 445, District 61","Building 1, Shop 35, Plot 904","Building 1, Shop 35, Plot 904, 445",3,4,0.9230769230769231,84.9,ACCEPT,
3599,"140, Lake View Road, Plot 450, 297, District 75",140,"140, Lake View Road, Plot 450, 297",1,4,0.25,27.1,ACCEPT,
3595,"Business Park 11, Royal Enclave, Plot 374, 149, District 71","Business Park 11, Royal Enclave, Plot 374","Business Park 11, Royal Enclave, Plot 374, 149",3,4,0.9333333333333333,86.0,ACCEPT,
3591,"Building 72, Maple Heights, Plot 298, 1, District 67","Building 72, Maple Heights","Building 72, Maple Heights, Plot 298, 1",2,4,0.7272727272727273,68.9,ACCEPT,
3286,"Kalyanpur, 704, Plot 497, 704, District 62","Kalyanpur, 704, Plot 497","Kalyanpur, 704, Plot 497, 704",3,4,0.8888888888888888,84.1,ACCEPT,
3278,"Airport Road, 408, Plot 345, 408, District 54","Airport Road, 408","Airport Road, 408, Plot 345, 408",2,4,0.6666666666666666,62.2,ACCEPT,
3298,"Business Park 14, 149, Plot 725, 149, District 74","Business Park 14, 149","Business Park 14, 149, Plot 725, 149",2,4,0.7272727272727273,64.3,ACCEPT,
3294,"Building 15, 1, Plot 649, 1, District 70",Building 15,"Building 15, 1, Plot 649, 1",1,4,0.5,53.7,ACCEPT,
3290,"Chennai, 852, Plot 573, 852, District 66",Chennai,"Chennai, 852, Plot 573, 852",1,4,0.3333333333333333,43.4,ACCEPT,
3317,"Railway Station, 969, Plot 87, 852, District 18","Railway Station, 969","Railway Station, 969, Plot 87, 852",2,4,0.6666666666666666,65.2,ACCEPT,
3313,"Gali 14, 917, Plot 11, 704, District 14","Gali 14, 917","Gali 14, 917, Plot 11, 704",2,4,0.6666666666666666,59.9,ACCEPT,
3309,"Phase 4, 865, Plot 934, 556, District 10","Phase 4, 865","Phase 4, 865, Plot 934, 556",2,4,0.6666666666666666,58.4,ACCEPT,
3305,"Unit 92, 813, Plot 858, 408, District 6","Unit 92, 813, Plot 858","Unit 92, 813, Plot 858, 408",3,4,0.9090909090909091,82.9,ACCEPT,
3587,"Mumbai, Royal Enclave, Plot 222, 852, District 63","Mumbai, Royal Enclave","Mumbai, Royal Enclave, Plot 222, 852",2,4,0.6666666666666666,64.3,ACCEPT,
3610,"Gali 11, MG Road, Plot 659, 704, District 11","Gali 11, MG Road, Plot 659","Gali 11, MG Road, Plot 659, 704",3,4,0.9230769230769231,84.4,ACCEPT,
3252,"District Court, Opposite, Office 546, 445, District 28","District Court, Opposite, Office 546","District Court, Opposite, Office 546, 445",3,4,0.9090909090909091,85.6,ACCEPT,
3248,"Gali 9, Opposite, Office 478, 297, District 24","Gali 9, Opposite, Office 478","Gali 9, Opposite, Office 478, 297",3,4,0.9090909090909091,84.7,ACCEPT,
3240,"Unit 595, Opposite, Office 342, 1, District 16","Unit 595, Opposite, Office 342","Unit 595, Opposite, Office 342, 1",3,4,0.9090909090909091,89.4,ACCEPT,
3264,"Campus 5, Opposite, Office 750, 889, District 40","Campus 5, Opposite","Campus 5, Opposite, Office 750, 889",2,4,0.6666666666666666,60.2,ACCEPT,
3260,"440561, Opposite, Office 682, 741, District 36","440561, Opposite, Office 682","440561, Opposite, Office 682, 741",3,4,0.8888888888888888,84.7,ACCEPT,
3256,"Tehsil 7, Opposite, Office 614, 593, District 32","Tehsil 7, Opposite","Tehsil 7, Opposite, Office 614, 593",2,4,0.6666666666666666,60.2,ACCEPT,
3603,"Unit 952, Gandhi Marg, Plot 526, 445, District 4","Unit 952, Gandhi Marg","Unit 952, Gandhi Marg, Plot 526, 445",2,4,0.7272727272727273,63.1,ACCEPT,
3626,"Campus 7, Main Bazaar, Plot 963, 297, District 27",Campus 7,"Campus 7, Main Bazaar, Plot 963, 297",1,4,0.4444444444444444,37.8,ACCEPT,
3205,"Office 646, Near, Office 646, 704, District 56",Office 646,"Office 646, Near, Office 646, 704",1,4,0.5,44.7,ACCEPT,
3198,"Campus 19, Business Park 4, Office 527, 445, District 49","Campus 19, Business Park 4, Office 527","Campus 19, Business Park 4, Office 527, 445",3,4,0.9333333333333333,85.8,ACCEPT,
3194,"462495, Business Park 15, Office 459, 297, District 45","462495, Business Park 15, Office 459","462495, Business Park 15, Office 459, 297",3,4,0.9230769230769231,85.6,ACCEPT,
3221,"Madhopur, Near, Office 918, 297, District 72",Madhopur,"Madhopur, Near, Office 918, 297",1,4,0.3333333333333333,42.0,ACCEPT,
3217,"Saket Extension, Near, Office 850, 149, District 68","Saket Extension, Near, Office 850","Saket Extension, Near, Office 850, 149",3,4,0.9090909090909091,85.3,ACCEPT,
3213,"Gandhi Marg, Near, Office 782, 1, District 64","Gandhi Marg, Near","Gandhi Marg, Near, Office 782, 1",2,4,0.6666666666666666,62.2,ACCEPT,
3209,"Tower B, Near, Office 714, 852, District 60","Tower B, Near, Office 714","Tower B, Near, Office 714, 852",3,4,0.9090909090909091,84.3,ACCEPT,
3236,"815, Opposite, Office 274, 852, District 12","815, Opposite, Office 274","815, Opposite, Office 274, 852",3,4,0.8888888888888888,84.3,ACCEPT,
3229,"Building 30, Near, Office 155, 593, District 5","Building 30, Near, Office 155","Building 30, Near, Office 155, 593",3,4,0.9090909090909091,84.0,ACCEPT,
3225,"Lucknow, Near, Office 986, 445, District 1","Lucknow, Near","Lucknow, Near, Office 986, 445",2,4,0.5714285714285714,55.4,ACCEPT,
3618,"Tehsil 19, Airport Road, Plot 811, 1, District 19",Tehsil 19,"Tehsil 19, Airport Road, Plot 811, 1",1,4,0.4444444444444444,39.9,ACCEPT,
3653,"Chandigarh, Gandhi Marg, Plot 477, 297, District 54",Chandigarh,"Chandigarh, Gandhi Marg, Plot 477, 297",1,4,0.2857142857142857,40.4,ACCEPT,
3649,"Lakshmipur, Lake View Road, Plot 401, 149, District 50","Lakshmipur, Lake View Road, Plot 401","Lakshmipur, Lake View Road, Plot 401, 149",3,4,0.9230769230769231,85.6,ACCEPT,
3645,"Vijay Nagar, Park Road, Plot 325, 1, District 46","Vijay Nagar, Park Road","Vijay Nagar, Park Road, Plot 325, 1",2,4,0.7272727272727273,67.4,ACCEPT,
3642,"Nehru Street, Nehru Street, Plot 268, 889, District 43","Nehru Street, Nehru Street","Nehru Street, Nehru Street, Plot 268, 889",2,4,0.7272727272727273,66.2,ACCEPT,
3170,"856, Business Park 6, Office 950, 408, District 21",856,"856, Business Park 6, Office 950, 408",1,4,0.25,25.6,ACCEPT,
3166,"Business Park 2, Industrial Area 2, Office 882, 260, District 17","Business Park 2, Industrial Area 2, Office 882","Business Park 2, Industrial Area 2, Office 882, 260",3,4,0.9411764705882353,86.3,ACCEPT,
3163,"Building 44, Industrial Area 14, Office 831, 149, District 14","Building 44, Industrial Area 14","Building 44, Industrial Area 14, Office 831, 149",2,4,0.7692307692307693,65.4,ACCEPT,
3159,"Dehradun, Industrial Area 10, Office 763, 1, District 10",Dehradun,"Dehradun, Industrial Area 10, Office 763, 1",1,4,0.25,33.1,ACCEPT,
3190,"Tehsil 41, Business Park 11, Office 391, 149, District 41","Tehsil 41, Business Park 11, Office 391","Tehsil 41, Business Park 11, Office 391, 149",3,4,0.9333333333333333,85.9,ACCEPT,
3186,"Metro Station, Business Park 7, Office 323, 1, District 37","Metro Station, Business Park 7","Metro Station, Business Park 7, Office 323, 1",2,4,0.7692307692307693,67.4,ACCEPT,
3182,"Gali 3, Business Park 3, Office 255, 852, District 33",Gali 3,"Gali 3, Business Park 3, Office 255, 852",1,4,0.4,30.9,ACCEPT,
3178,"Phase 5, Business Park 14, Office 187, 704, District 29","Phase 5, Business Park 14, Office 187","Phase 5, Business Park 14, Office 187, 704",3,4,0.9333333333333333,85.7,ACCEPT,
3638,"Tower G, Airport Road, Plot 192, 741, District 39","Tower G, Airport Road, Plot 192","Tower G, Airport Road, Plot 192, 741",3,4,0.9230769230769231,85.1,ACCEPT,
3634,"Office 747, Ring Road, Plot 116, 593, District 35","Office 747, Ring Road","Office 747, Ring Road, Plot 116, 593",2,4,0.7272727272727273,64.3,ACCEPT,
3124,"Tehsil 25, Campus 5, Office 168, 704, District 50","Tehsil 25, Campus 5","Tehsil 25, Campus 5, Office 168, 704",2,4,0.7272727272727273,60.7,ACCEPT,
3120,"Central Mall, Campus 1, Office 999, 556, District 46","Central Mall, Campus 1","Central Mall, Campus 1, Office 999, 556",2,4,0.7272727272727273,62.2,ACCEPT,
3116,"Gali 27, Campus 17, Office 931, 408, District 42","Gali 27, Campus 17","Gali 27, Campus 17, Office 931, 408",2,4,0.7272727272727273,60.2,ACCEPT,
3139,"Office 423, Industrial Area 5, Office 423, 260, District 65","Office 423, Industrial Area 5, Office 423","Office 423, Industrial Area 5, Office 423, 260",3,4,0.9333333333333333,86.0,ACCEPT,
3135,"Opposite, Campus 16, Office 355, 112, District 61",Opposite,"Opposite, Campus 16, Office 355, 112",1,4,0.2857142857142857,37.8,ACCEPT,
3128,"560429, Campus 9, Office 236, 852, District 54",560429,"560429, Campus 9, Office 236, 852",1,4,0.2857142857142857,35.4,ACCEPT,
3155,"Madhopur, Industrial Area 6, Office 695, 852, District 6","Madhopur, Industrial Area 6, Office 695","Madhopur, Industrial Area 6, Office 695, 852",3,4,0.9230769230769231,85.1,ACCEPT,
3151,"Gandhi Nagar, Industrial Area 2, Office 627, 704, District 2","Gandhi Nagar, Industrial Area 2, Office 627","Gandhi Nagar, Industrial Area 2, Office 627, 704",3,4,0.9333333333333333,85.3,ACCEPT,
3147,"College Road, Industrial Area 13, Office 559, 556, District 73","College Road, Industrial Area 13, Office 559","College Road, Industrial Area 13, Office 559, 556",3,4,0.9333333333333333,86.2,ACCEPT,
3143,"Tower H, Industrial Area 9, Office 491, 408, District 69","Tower H, Industrial Area 9","Tower H, Industrial Area 9, Office 491, 408",2,4,0.7692307692307693,63.8,ACCEPT,
3050,"Gali 21, Building 11, Office 708, 963, District 51","Gali 21, Building 11, Office 708","Gali 21, Building 11, Office 708, 963",3,4,0.9230769230769231,85.2,ACCEPT,
3077,"Tower F, Wing F, Office 268, 963, District 3","Tower F, Wing F","Tower F, Wing F, Office 268, 963",2,4,0.7272727272727273,57.0,ACCEPT,
3073,"Office 200, Wing B, Office 200, 815, District 74","Office 200, Wing B","Office 200, Wing B, Office 200, 815",2,4,0.7272727272727273,60.2,ACCEPT,
3069,"Opposite, Building 30, Office 132, 667, District 70","Opposite, Building 30","Opposite, Building 30, Office 132, 667",2,4,0.6666666666666666,61.7,ACCEPT,
3065,"Campus 6, Building 26, Office 963, 519, District 66",Campus 6,"Campus 6, Building 26, Office 963, 519",1,4,0.4444444444444444,36.3,ACCEPT,
3089,"Madhopur, Wing B, Office 472, 408, District 15","Madhopur, Wing B","Madhopur, Wing B, Office 472, 408",2,4,0.6666666666666666,58.9,ACCEPT,
3085,"Vijay Nagar, Wing F, Office 404, 260, District 11","Vijay Nagar, Wing F, Office 404","Vijay Nagar, Wing F, Office 404, 260",3,4,0.9230769230769231,85.1,ACCEPT,
3081,"Station Road, Wing B, Office 336, 112, District 7","Station Road, Wing B, Office 336","Station Road, Wing B, Office 336, 112",3,4,0.9230769230769231,84.4,ACCEPT,
3108,"Unit 556, Campus 9, Office 795, 112, District 34","Unit 556, Campus 9, Office 795","Unit 556, Campus 9, Office 795, 112",3,4,0.9230769230769231,85.0,ACCEPT,
3104,"897, Campus 5, Office 727, 963, District 30",897,"897, Campus 5, Office 727, 963",1,4,0.2857142857142857,29.5,ACCEPT,
3100,"Business Park 11, Wing E, Office 659, 815, District 26","Business Park 11, Wing E, Office 659","Business Park 11, Wing E, Office 659, 815",3,4,0.9333333333333333,85.6,ACCEPT,
3097,"Building 58, Wing B, Office 608, 704, District 23","Building 58, Wing B, Office 608","Building 58, Wing B, Office 608, 704",3,4,0.9230769230769231,85.1,ACCEPT,
3661,"Business Park 2, Station Road, Plot 629, 593, District 62",Business Park 2,"Business Park 2, Station Road, Plot 629, 593",1,4,0.5454545454545454,44.6,ACCEPT,
4929,"Lake View Road, Main Bazaar, Unit 481, 556, District 55","Lake View Road, Main Bazaar, Unit 481","Lake View Road, Main Bazaar, Unit 481, 556",3,4,0.9333333333333333,85.7,ACCEPT,
4925,"Tower F, Sadar Market, Unit 389, 408, District 51","Tower F, Sadar Market, Unit 389","Tower F, Sadar Market, Unit 389, 408",3,4,0.9230769230769231,85.1,ACCEPT,
4921,"Office 151, Gandhi Market, Unit 297, 260, District 47","Office 151, Gandhi Market, Unit 297","Office 151, Gandhi Market, Unit 297, 260",3,4,0.9230769230769231,85.5,ACCEPT,
180,"Shanti Nagar, 1th Floor, 643, 667, District 31","Shanti Nagar, 1th Floor","Shanti Nagar, 1th Floor, 643, 667",2,4,0.8,72.4,ACCEPT,
176,"Main Bazaar, 17th Floor, 591, 519, District 27","Main Bazaar, 17th Floor","Main Bazaar, 17th Floor, 591, 519",2,4,0.8,72.4,ACCEPT,
172,"Tower E, 13th Floor, 539, 371, District 23",Tower E,"Tower E, 13th Floor, 539, 371",1,4,0.5,41.4,ACCEPT,
169,"Office 277, 10th Floor, 500, 260, District 20","Office 277, 10th Floor, 500","Office 277, 10th Floor, 500, 260",3,4,0.9090909090909091,84.6,ACCEPT,
196,"Business Park 2, 17th Floor, 851, 260, District 47","Business Park 2, 17th Floor, 851","Business Park 2, 17th Floor, 851, 260",3,4,0.9230769230769231,85.2,ACCEPT,
192,"Building 33, 13th Floor, 799, 112, District 43","Building 33, 13th Floor","Building 33, 13th Floor, 799, 112",2,4,0.8,72.4,ACCEPT,
188,"Bengaluru, 9th Floor, 747, 963, District 39","Bengaluru, 9th Floor","Bengaluru, 9th Floor, 747, 963",2,4,0.75,71.2,ACCEPT,
184,"Kalyanpur, 5th Floor, 695, 815, District 35","Kalyanpur, 5th Floor, 695","Kalyanpur, 5th Floor, 695, 815",3,4,0.8888888888888888,84.3,ACCEPT,
4917,"Opposite, Railway Station, Unit 205, 112, District 43","Opposite, Railway Station, Unit 205","Opposite, Railway Station, Unit 205, 112",3,4,0.9090909090909091,85.5,ACCEPT,
3030,"Building 71, Behind, Office 368, 223, District 31",Building 71,"Building 71, Behind, Office 368, 223",1,4,0.5,44.0,ACCEPT,
3027,"Mumbai, Beside, Office 317, 112, District 28","Mumbai, Beside, Office 317","Mumbai, Beside, Office 317, 112",3,4,0.8888888888888888,84.4,ACCEPT,
3023,"Madhopur, Beside, Office 249, 963, District 24","Madhopur, Beside","Madhopur, Beside, Office 249, 963",2,4,0.5714285714285714,58.9,ACCEPT,
3019,"Rosewood Layout, Beside, Office 181, 815, District 20",Rosewood Layout,"Rosewood Layout, Beside, Office 181, 815",1,4,0.5,47.9,ACCEPT,
3015,"Park Road, Beside, Office 113, 667, District 16","Park Road, Beside","Park Road, Beside, Office 113, 667",2,4,0.6666666666666666,59.6,ACCEPT,
3046,"Phase 5, Building 7, Office 640, 815, District 47","Phase 5, Building 7","Phase 5, Building 7, Office 640, 815",2,4,0.7272727272727273,60.7,ACCEPT,
3038,"938, Building 79, Office 504, 519, District 39","938, Building 79","938, Building 79, Office 504, 519",2,4,0.6666666666666666,58.9,ACCEPT,
3034,"Business Park 5, Behind, Office 436, 371, District 35","Business Park 5, Behind, Office 436","Business Park 5, Behind, Office 436, 371",3,4,0.9230769230769231,85.5,ACCEPT,
3062,"122363, Building 23, Office 912, 408, District 63","122363, Building 23","122363, Building 23, Office 912, 408",2,4,0.6666666666666666,60.7,ACCEPT,
3058,"Tehsil 9, Building 19, Office 844, 260, District 59","Tehsil 9, Building 19, Office 844","Tehsil 9, Building 19, Office 844, 260",3,4,0.9230769230769231,85.3,ACCEPT,
3054,"Municipal Park, Building 15, Office 776, 112, District 55","Municipal Park, Building 15","Municipal Park, Building 15, Office 776, 112",2,4,0.7272727272727273,64.2,ACCEPT,
4913,"Campus 14, City Hospital, Unit 113, 963, District 39","Campus 14, City Hospital","Campus 14, City Hospital, Unit 113, 963",2,4,0.7272727272727273,65.5,ACCEPT,
4909,"500410, Railway Station, Unit 21, 815, District 35",500410,"500410, Railway Station, Unit 21, 815",1,4,0.2857142857142857,32.7,ACCEPT,
4908,"Karnataka, District Court, Unit 997, 778, 560409","Karnataka, District Court, Unit 997",Karnataka,3,1,0.3333333333333333,42.6,ACCEPT,
4905,"Tehsil 6, City Hospital, Unit 928, 667, District 31","Tehsil 6, City Hospital, Unit 928","Tehsil 6, City Hospital, Unit 928, 667",3,4,0.9230769230769231,85.3,ACCEPT,
211,"Gali 2, Tower D, 147, 815, District 62","Gali 2, Tower D, 147","Gali 2, Tower D, 147, 815",3,4,0.9090909090909091,83.3,ACCEPT,
207,"Phase 4, Tower H, 994, 667, District 58",Phase 4,"Phase 4, Tower H, 994, 667",1,4,0.5,44.4,ACCEPT,
204,"Unit 697, Tower E, 955, 556, District 55","Unit 697, Tower E","Unit 697, Tower E, 955, 556",2,4,0.8,69.9,ACCEPT,
200,"903, Tower A, 903, 408, District 51",903,"903, Tower A, 903, 408",1,4,0.3333333333333333,35.7,ACCEPT,
223,"201524, Tower H, 303, 260, District 74","201524, Tower H, 303","201524, Tower H, 303, 260",3,4,0.8888888888888888,83.3,ACCEPT,
215,"City Library, Tower H, 199, 963, District 66","City Library, Tower H, 199","City Library, Tower H, 199, 963",3,4,0.9090909090909091,84.4,ACCEPT,
4900,"Shanti Nagar, District Court, Unit 813, 482, Maharashtra","Shanti Nagar, District Court, Unit 813",Shanti Nagar,3,1,0.5,50.5,ACCEPT,
3731,"957, Gandhi Nagar, Plot 960, 186, District 57","957, Gandhi Nagar, Plot 960","957, Gandhi Nagar, Plot 960, 186",3,4,0.9090909090909091,84.6,ACCEPT,
3007,"Office 876, Beside, Office 876, 371, District 8","Office 876, Beside","Office 876, Beside, Office 876, 371",2,4,0.6666666666666666,59.0,ACCEPT,
4898,"Gali 9, Metro Station, Unit 767, 408, District 24","Gali 9, Metro Station, Unit 767","Gali 9, Metro Station, Unit 767, 408",3,4,0.9230769230769231,85.1,ACCEPT,
4894,"Phase 5, Municipal Park, Unit 675, 260, District 20","Phase 5, Municipal Park","Phase 5, Municipal Park, Unit 675, 260",2,4,0.7272727272727273,65.1,ACCEPT,
4892,"Tower E, District Court, Unit 629, 186, West Bengal","Tower E, District Court",Tower E,2,1,0.6666666666666666,60.9,ACCEPT,
4890,"Unit 583, Metro Station, Unit 583, 112, District 16","Unit 583, Metro Station","Unit 583, Metro Station, Unit 583, 112",2,4,0.7272727272727273,65.1,ACCEPT,
246,"Ashok Vihar, Block G, 602, 112, District 22","Ashok Vihar, Block G, 602","Ashok Vihar, Block G, 602, 112",3,4,0.9090909090909091,84.3,ACCEPT,
242,"Nehru Street, Block C, 550, 963, District 18","Nehru Street, Block C","Nehru Street, Block C, 550, 963",2,4,0.8,71.6,ACCEPT,
239,"Tower H, Block H, 511, 852, District 15","Tower H, Block H, 511","Tower H, Block H, 511, 852",3,4,0.9090909090909091,83.5,ACCEPT,
235,"Office 500, Block D, 459, 704, District 11","Office 500, Block D, 459","Office 500, Block D, 459, 704",3,4,0.9090909090909091,84.1,ACCEPT,
262,"Business Park 8, Block G, 810, 704, District 38","Business Park 8, Block G, 810","Business Park 8, Block G, 810, 704",3,4,0.9230769230769231,84.9,ACCEPT,
258,"Building 19, Block C, 758, 556, District 34",Building 19,"Building 19, Block C, 758, 556",1,4,0.5,50.0,ACCEPT,
250,"Kalyanpur, Block C, 654, 260, District 26","Kalyanpur, Block C, 654","Kalyanpur, Block C, 654, 260",3,4,0.8888888888888888,83.9,ACCEPT,
4886,"689, Municipal Park, Unit 491, 963, District 12","689, Municipal Park, Unit 491","689, Municipal Park, Unit 491, 963",3,4,0.9090909090909091,84.9,ACCEPT,
277,"Gali 8, Phase 2, 106, 260, District 53",Gali 8,"Gali 8, Phase 2, 106, 260",1,4,0.5,42.6,ACCEPT,
270,"Unit 217, Phase 1, 914, 1, District 46","Unit 217, Phase 1, 914","Unit 217, Phase 1, 914, 1",3,4,0.9090909090909091,88.5,ACCEPT,
266,"862, Phase 3, 862, 852, District 42",862,"862, Phase 3, 862, 852",1,4,0.3333333333333333,35.7,ACCEPT,
285,"Tehsil 36, Phase 4, 210, 556, District 61","Tehsil 36, Phase 4","Tehsil 36, Phase 4, 210, 556",2,4,0.8,70.4,ACCEPT,
308,"Airport Road, Sunrise Towers, 509, 408, District 9","Airport Road, Sunrise Towers, 509","Airport Road, Sunrise Towers, 509, 408",3,4,0.9090909090909091,84.5,ACCEPT,
305,"Tower B, Lotus Heights, 470, 297, District 6","Tower B, Lotus Heights, 470","Tower B, Lotus Heights, 470, 297",3,4,0.9090909090909091,83.8,ACCEPT,
301,"Office 723, Lake View Homes, 418, 149, District 2",Office 723,"Office 723, Lake View Homes, 418, 149",1,4,0.4444444444444444,40.0,ACCEPT,
324,"Building 5, Sunrise Towers, 717, 1, District 25","Building 5, Sunrise Towers, 717","Building 5, Sunrise Towers, 717, 1",3,4,0.9090909090909091,89.5,ACCEPT,
320,"Nagpur, Green Residency, 665, 852, District 21",Nagpur,"Nagpur, Green Residency, 665, 852",1,4,0.3333333333333333,35.4,ACCEPT,
316,"Kalyanpur, Sunrise Towers, 613, 704, District 17",Kalyanpur,"Kalyanpur, Sunrise Towers, 613, 704",1,4,0.3333333333333333,40.7,ACCEPT,
312,"Green Park, Green Residency, 561, 556, District 13","Green Park, Green Residency, 561","Green Park, Green Residency, 561, 556",3,4,0.9090909090909091,85.2,ACCEPT,
2903,"Near, District 54, Office 906, 519, Noida","Near, District 54, Office 906",Near,3,1,0.3333333333333333,33.9,ACCEPT,
332,"821, Nehru Street, 821, 297, District 33","821, Nehru Street","821, Nehru Street, 821, 297",2,4,0.75,69.9,ACCEPT,
328,"Business Park 14, Green Residency, 769, 149, District 29","Business Park 14, Green Residency, 769","Business Park 14, Green Residency, 769, 149",3,4,0.9230769230769231,85.8,ACCEPT,
355,"452356, Park Road, 221, 149, District 56","452356, Park Road, 221","452356, Park Road, 221, 149",3,4,0.8888888888888888,83.7,ACCEPT,
347,"Clock Tower, College Road, 117, 852, District 48","Clock Tower, College Road, 117","Clock Tower, College Road, 117, 852",3,4,0.9090909090909091,85.0,ACCEPT,
343,"Gali 14, Gandhi Marg, 964, 704, District 44",Gali 14,"Gali 14, Gandhi Marg, 964, 704",1,4,0.5,40.4,ACCEPT,
367,"Office 946, College Road, 377, 593, District 68","Office 946, College Road","Office 946, College Road, 377, 593",2,4,0.8,72.7,ACCEPT,
363,"Opposite, Gandhi Marg, 325, 445, District 64","Opposite, Gandhi Marg","Opposite, Gandhi Marg, 325, 445",2,4,0.75,71.6,ACCEPT,
2900,"Campus 1, District 51, Office 855, 408, Maharashtra","Campus 1, District 51",Campus 1,2,1,0.6666666666666666,67.2,ACCEPT,
2899,"Wing D, District 50, Office 838, 371, Dehradun","Wing D, District 50",Wing D,2,1,0.6666666666666666,62.8,ACCEPT,
2898,"Building 19, District 49, Office 821, 334, District 49","Building 19, District 49, Office 821",Building 19,3,1,0.5,50.3,ACCEPT,
2897,"Opposite, District 48, Office 804, 297, 800198","Opposite, District 48, Office 804",Opposite,3,1,0.3333333333333333,42.1,ACCEPT,
2896,"682197, District 47, Office 787, 260, Kerala","682197, District 47, Office 787",682197,3,1,0.3333333333333333,38.9,ACCEPT,
2895,"Madhya Pradesh, District 46, Office 770, 223, Indore","Madhya Pradesh, District 46, Office 770, 223",Madhya Pradesh,4,1,0.4444444444444444,36.3,ACCEPT,
2894,"Bhopal, District 45, Office 753, 186, District 45","Bhopal, District 45",Bhopal,2,1,0.5,63.6,ACCEPT,
2893,"Tehsil 44, District 44, Office 736, 149, Chandigarh","Tehsil 44, District 44",Tehsil 44,2,1,0.6666666666666666,68.4,REVIEW,low_plausibility_and_reference_disagrees
2892,"Post Rampur, District 43, Office 719, 112, Kolkata","Post Rampur, District 43",Post Rampur,2,1,0.6666666666666666,69.9,ACCEPT,
2891,"Madhopur, District 42, Office 702, 75, District 42","Madhopur, District 42, Office 702, 75",Madhopur,4,1,0.2857142857142857,37.0,ACCEPT,
2890,"Sadar Market, District 41, Office 685, 38, 600191","Sadar Market, District 41, Office 685, 38",Sadar Market,4,1,0.4444444444444444,35.1,ACCEPT,
2889,"City Hospital, District 40, Office 668, 1, Telangana","City Hospital, District 40",City Hospital,2,1,0.6666666666666666,71.9,ACCEPT,
2888,"Sector 18, District 39, Office 651, 963, Bengaluru","Sector 18, District 39, Office 651, 963",Sector 18,4,1,0.4444444444444444,35.3,ACCEPT,
2887,"Saket Extension, District 38, Office 634, 926, District 38","Saket Extension, District 38, Office 634",Saket Extension,3,1,0.5,54.2,ACCEPT,
3762,"Opposite, Green Park, Plot 550, 334, District 13","Opposite, Green Park","Opposite, Green Park, Plot 550, 334",2,4,0.6666666666666666,63.8,ACCEPT,
2882,"Shivam Apartments, District 33, Office 549, 741, 122183","Shivam Apartments, District 33, Office 549",Shivam Apartments,3,1,0.5,51.4,ACCEPT,
2881,"Phase 2, District 32, Office 532, 704, Delhi","Phase 2, District 32, Office 532",Phase 2,3,1,0.5,39.5,ACCEPT,
2880,"Block A, District 31, Office 515, 667, Nagpur","Block A, District 31",Block A,2,1,0.6666666666666666,64.1,ACCEPT,
2878,"19th Floor, District 29, Office 481, 593, 751179","19th Floor, District 29",19th Floor,2,1,0.6666666666666666,68.5,ACCEPT,
2877,"Unit 238, District 28, Office 464, 556, Bihar","Unit 238, District 28, Office 464, 556",Unit 238,4,1,0.4444444444444444,28.0,ACCEPT,
2876,"Plot 699, District 27, Office 447, 519, Kochi","Plot 699, District 27, Office 447",Plot 699,3,1,0.5,41.1,ACCEPT,
2875,"Office 430, District 26, Office 430, 482, District 26","Office 430, District 26, Office 430",Office 430,3,1,0.5,49.1,ACCEPT,
2873,"591, District 24, Office 396, 408, Chandigarh","591, District 24, Office 396, 408",591,4,1,0.2857142857142857,26.6,ACCEPT,
3797,"916, Railway Station, Plot 216, 630, District 48","916, Railway Station, Plot 216","916, Railway Station, Plot 216, 630",3,4,0.9090909090909091,85.0,ACCEPT,
3796,"593, District Court, Plot 197, 593, 682197","593, District Court, Plot 197, 593",593,4,1,0.2857142857142857,20.5,ACCEPT,
2902,"Business Park 8, District 53, Office 889, 482, District 53","Business Park 8, District 53",Business Park 8,2,1,0.75,74.6,ACCEPT,
2901,"Industrial Area 7, District 52, Office 872, 445, 110202","Industrial Area 7, District 52, Office 872",Industrial Area 7,3,1,0.6,51.4,ACCEPT,
3809,"Gali 30, City Hospital, Plot 444, 75, District 60",Gali 30,"Gali 30, City Hospital, Plot 444, 75",1,4,0.4444444444444444,35.6,ACCEPT,
3805,"Phase 2, Railway Station, Plot 368, 926, District 56","Phase 2, Railway Station, Plot 368","Phase 2, Railway Station, Plot 368, 926",3,4,0.9230769230769231,85.4,ACCEPT,
3804,"Block E, District Court, Plot 349, 889, 302205","Block E, District Court, Plot 349",Block E,3,1,0.5,39.7,ACCEPT,
3801,"Unit 511, City Hospital, Plot 292, 778, District 52","Unit 511, City Hospital","Unit 511, City Hospital, Plot 292, 778",2,4,0.7272727272727273,65.1,ACCEPT,
2758,"Kalyanpur, City Centre, Office 239, 149, District 59","Kalyanpur, City Centre","Kalyanpur, City Centre, Office 239, 149",2,4,0.6666666666666666,62.2,ACCEPT,
2751,"Station Road, Gandhi Market, Office 120, 889, District 52",Station Road,"Station Road, Gandhi Market, Office 120, 889",1,4,0.4444444444444444,39.6,ACCEPT,
2747,"Tower D, New Market, Office 951, 741, District 48","Tower D, New Market, Office 951","Tower D, New Market, Office 951, 741",3,4,0.9230769230769231,85.1,ACCEPT,
2743,"Office 883, City Centre, Office 883, 593, District 44","Office 883, City Centre","Office 883, City Centre, Office 883, 593",2,4,0.7272727272727273,62.7,ACCEPT,
2770,"Business Park 11, Sadar Market, Office 443, 593, District 71","Business Park 11, Sadar Market, Office 443","Business Park 11, Sadar Market, Office 443, 593",3,4,0.9333333333333333,86.1,ACCEPT,
2766,"Building 47, Gandhi Market, Office 375, 445, District 67","Building 47, Gandhi Market, Office 375","Building 47, Gandhi Market, Office 375, 445",3,4,0.9230769230769231,85.8,ACCEPT,
2762,"Gurugram, New Market, Office 307, 297, District 63",Gurugram,"Gurugram, New Market, Office 307, 297",1,4,0.2857142857142857,37.0,ACCEPT,
2886,"Ashok Vihar, District 37, Office 617, 889, 411187","Ashok Vihar, District 37",Ashok Vihar,2,1,0.6666666666666666,69.6,ACCEPT,
2885,"Gali 6, District 36, Office 600, 852, Uttar Pradesh","Gali 6, District 36",Gali 6,2,1,0.6666666666666666,64.1,ACCEPT,
2884,"Ring Road, District 35, Office 583, 815, Jaipur","Ring Road, District 35",Ring Road,2,1,0.6666666666666666,67.2,ACCEPT,
2712,"Unit 439, Central Mall, Office 356, 445, District 13","Unit 439, Central Mall, Office 356","Unit 439, Central Mall, Office 356, 445",3,4,0.9230769230769231,85.4,ACCEPT,
3828,"Opposite, District Court, Plot 805, 778, District 4","Opposite, District Court",Opposite,2,1,0.5,62.3,ACCEPT,
3824,"Campus 5, Central Mall, Plot 729, 630, District 75",Campus 5,"Campus 5, Central Mall, Plot 729, 630",1,4,0.4444444444444444,37.0,ACCEPT,
3816,"Tehsil 17, Central Mall, Plot 577, 334, District 67","Tehsil 17, Central Mall, Plot 577","Tehsil 17, Central Mall, Plot 577, 334",3,4,0.9230769230769231,85.3,ACCEPT,
2739,"Opposite, Clock Tower, Office 815, 445, District 40","Opposite, Clock Tower, Office 815","Opposite, Clock Tower, Office 815, 445",3,4,0.9090909090909091,85.3,ACCEPT,
2735,"Campus 16, City Library, Office 747, 297, District 36","Campus 16, City Library, Office 747","Campus 16, City Library, Office 747, 297",3,4,0.9230769230769231,85.5,ACCEPT,
2732,"Near, District Court, Office 696, 186, Kolkata","Near, District Court, Office 696",Near,3,1,0.3333333333333333,33.7,ACCEPT,
2731,"380032, Clock Tower, Office 679, 149, District 32","380032, Clock Tower, Office 679","380032, Clock Tower, Office 679, 149",3,4,0.9090909090909091,85.1,ACCEPT,
2727,"Tehsil 28, City Library, Office 611, 1, District 28",Tehsil 28,"Tehsil 28, City Library, Office 611, 1",1,4,0.4444444444444444,38.4,ACCEPT,
3812,"Sector 51, District Court, Plot 501, 186, 700213","Sector 51, District Court, Plot 501",Sector 51,3,1,0.5,42.6,ACCEPT,
359,"Campus 20, Lake View Road, 273, 297, District 60",Campus 20,"Campus 20, Lake View Road, 273, 297",1,4,0.4444444444444444,40.7,ACCEPT,
4851,"Opposite, Gandhi Nagar, Unit 685, 667, District 52","Opposite, Gandhi Nagar, Unit 685","Opposite, Gandhi Nagar, Unit 685, 667",3,4,0.9090909090909091,85.2,ACCEPT,
390,"Building 71, MG Road, 676, 445, District 16","Building 71, MG Road, 676","Building 71, MG Road, 676, 445",3,4,0.9090909090909091,84.3,ACCEPT,
382,"Kalyanpur, Nehru Street, 572, 149, District 8","Kalyanpur, Nehru Street, 572","Kalyanpur, Nehru Street, 572, 149",3,4,0.8888888888888888,83.9,ACCEPT,
3844,"Laxmi Enclave, Main Bazaar, Plot 110, 371, District 20",Laxmi Enclave,"Laxmi Enclave, Main Bazaar, Plot 110, 371",1,4,0.4444444444444444,43.6,ACCEPT,
3836,"Tower E, Gandhi Market, Plot 957, 75, District 12","Tower E, Gandhi Market, Plot 957","Tower E, Gandhi Market, Plot 957, 75",3,4,0.9230769230769231,87.3,ACCEPT,
3832,"Office 517, New Market, Plot 881, 926, District 8","Office 517, New Market, Plot 881","Office 517, New Market, Plot 881, 926",3,4,0.9230769230769231,84.4,ACCEPT,
2708,"244, District Court, Office 288, 297, District 9","244, District Court, Office 288, 297",244,4,1,0.2857142857142857,25.0,ACCEPT,
2724,"Main Bazaar, District Court, Office 560, 889, Jaipur","Main Bazaar, District Court, Office 560",Main Bazaar,3,1,0.5,43.4,ACCEPT,
2720,"Gali 21, Central Mall, Office 492, 741, District 21","Gali 21, Central Mall","Gali 21, Central Mall, Office 492, 741",2,4,0.7272727272727273,61.7,ACCEPT,
2716,"Phase 5, District Court, Office 424, 593, District 17","Phase 5, District Court",Phase 5,2,1,0.6666666666666666,61.5,ACCEPT,
378,"Krishna Colony, Airport Road, 520, 1, District 4","Krishna Colony, Airport Road, 520","Krishna Colony, Airport Road, 520, 1",3,4,0.9090909090909091,89.0,ACCEPT,
375,"Park Road, Park Road, 481, 889, District 1","Park Road, Park Road","Park Road, Park Road, 481, 889",2,4,0.8,70.1,ACCEPT,
4832,"Gali 3, Green Park, Unit 248, 963, District 33","Gali 3, Green Park, Unit 248","Gali 3, Green Park, Unit 248, 963",3,4,0.9230769230769231,84.7,ACCEPT,
4812,"Building 13, Green Park, Unit 787, 223, District 13","Building 13, Green Park, Unit 787","Building 13, Green Park, Unit 787, 223",3,4,0.9230769230769231,85.3,ACCEPT,
394,"Business Park 5, Ring Road, 728, 593, District 20","Business Park 5, Ring Road, 728","Business Park 5, Ring Road, 728, 593",3,4,0.9230769230769231,85.1,ACCEPT,
452,"Kolkata, Green Park, 583, 741, District 3","Kolkata, Green Park","Kolkata, Green Park, 583, 741",2,4,0.75,69.7,ACCEPT,
441,"Station Road, Gandhi Nagar, 440, 334, District 67","Station Road, Gandhi Nagar, 440","Station Road, Gandhi Nagar, 440, 334",3,4,0.9090909090909091,85.1,ACCEPT,
3859,"Business Park 5, Main Bazaar, Plot 395, 926, District 35","Business Park 5, Main Bazaar, Plot 395","Business Park 5, Main Bazaar, Plot 395, 926",3,4,0.9333333333333333,85.8,ACCEPT,
3855,"Building 16, Sadar Market, Plot 319, 778, District 31","Building 16, Sadar Market","Building 16, Sadar Market, Plot 319, 778",2,4,0.7272727272727273,65.9,ACCEPT,
3851,"Ahmedabad, Gandhi Market, Plot 243, 630, District 27","Ahmedabad, Gandhi Market, Plot 243","Ahmedabad, Gandhi Market, Plot 243, 630",3,4,0.9090909090909091,85.4,ACCEPT,
3847,"Lakshmipur, New Market, Plot 167, 482, District 23","Lakshmipur, New Market, Plot 167","Lakshmipur, New Market, Plot 167, 482",3,4,0.9090909090909091,85.2,ACCEPT,
4750,"Business Park 11, MG Road, Unit 360, 926, District 26","Business Park 11, MG Road","Business Park 11, MG Road, Unit 360, 926",2,4,0.7692307692307693,65.9,ACCEPT,
472,"Phase 5, Green Park, 843, 482, District 23","Phase 5, Green Park","Phase 5, Green Park, 843, 482",2,4,0.8,70.8,ACCEPT,
4738,"Kalyanpur, Airport Road, Unit 84, 482, District 14","Kalyanpur, Airport Road","Kalyanpur, Airport Road, Unit 84, 482",2,4,0.6666666666666666,66.4,ACCEPT,
4734,"Laxmi Enclave, Ring Road, Unit 991, 334, District 10","Laxmi Enclave, Ring Road","Laxmi Enclave, Ring Road, Unit 991, 334",2,4,0.7272727272727273,65.5,ACCEPT,
4731,"Station Road, Station Road, Unit 922, 223, District 7",Station Road,"Station Road, Station Road, Unit 922, 223",1,4,0.4444444444444444,40.7,ACCEPT,
4727,"Tower H, College Road, Unit 830, 75, District 3",Tower H,"Tower H, College Road, Unit 830, 75",1,4,0.4444444444444444,35.2,ACCEPT,
491,"Campus 12, Gandhi Nagar, 191, 186, District 42",Campus 12,"Campus 12, Gandhi Nagar, 191, 186",1,4,0.5,42.4,ACCEPT,
4723,"Office 381, Gandhi Marg, Unit 738, 926, District 74","Office 381, Gandhi Marg","Office 381, Gandhi Marg, Unit 738, 926",2,4,0.7272727272727273,65.1,ACCEPT,
4719,"Opposite, Lake View Road, Unit 646, 778, District 70","Opposite, Lake View Road","Opposite, Lake View Road, Unit 646, 778",2,4,0.7272727272727273,65.5,ACCEPT,
4715,"Campus 16, Park Road, Unit 554, 630, District 66",Campus 16,"Campus 16, Park Road, Unit 554, 630",1,4,0.4444444444444444,40.7,ACCEPT,
4711,"380212, Station Road, Unit 462, 482, District 62",380212,"380212, Station Road, Unit 462, 482",1,4,0.2857142857142857,34.0,ACCEPT,
534,"Unit 295, Municipal Park, 750, 778, District 10",Unit 295,"Unit 295, Municipal Park, 750, 778",1,4,0.5,39.3,ACCEPT,
532,"Office 155, District Court, 724, 704, West Bengal","Office 155, District Court",Office 155,2,1,0.6666666666666666,63.5,ACCEPT,
530,"698, Metro Station, 698, 630, District 6","698, Metro Station, 698","698, Metro Station, 698, 630",3,4,0.8888888888888888,83.1,ACCEPT,
549,"Tehsil 50, Railway Station, 945, 334, District 25",Tehsil 50,"Tehsil 50, Railway Station, 945, 334",1,4,0.5,39.9,ACCEPT,
548,"Post Shivpur, District Court, 932, 297, 560549","Post Shivpur, District Court, 932",Post Shivpur,3,1,0.5714285714285714,51.1,ACCEPT,
542,"Gali 3, Municipal Park, 854, 75, District 18","Gali 3, Municipal Park","Gali 3, Municipal Park, 854, 75",2,4,0.8,73.7,ACCEPT,
2642,"285, Green Park, Office 964, 852, District 18","285, Green Park, Office 964","285, Green Park, Office 964, 852",3,4,0.9090909090909091,84.6,ACCEPT,
2661,"Tehsil 12, Gandhi Nagar, Office 388, 556, District 37","Tehsil 12, Gandhi Nagar, Office 388","Tehsil 12, Gandhi Nagar, Office 388, 556",3,4,0.9230769230769231,85.5,ACCEPT,
538,"Phase 5, Metro Station, 802, 926, District 14",Phase 5,"Phase 5, Metro Station, 802, 926",1,4,0.5,38.7,ACCEPT,
4707,"Tehsil 8, College Road, Unit 370, 334, District 58","Tehsil 8, College Road","Tehsil 8, College Road, Unit 370, 334",2,4,0.7272727272727273,64.7,ACCEPT,
4699,"Gali 20, Lake View Road, Unit 186, 38, District 50","Gali 20, Lake View Road, Unit 186","Gali 20, Lake View Road, Unit 186, 38",3,4,0.9333333333333333,87.4,ACCEPT,
4696,"Phase 5, Main Bazaar, Unit 117, 926, District 47","Phase 5, Main Bazaar, Unit 117","Phase 5, Main Bazaar, Unit 117, 926",3,4,0.9230769230769231,85.0,ACCEPT,
565,"Office 716, Sadar Market, 254, 926, District 41","Office 716, Sadar Market","Office 716, Sadar Market, 254, 926",2,4,0.8,72.7,ACCEPT,
561,"Opposite, City Hospital, 202, 778, District 37",Opposite,"Opposite, City Hospital, 202, 778",1,4,0.3333333333333333,40.2,ACCEPT,
557,"Campus 18, Railway Station, 150, 630, District 33","Campus 18, Railway Station, 150","Campus 18, Railway Station, 150, 630",3,4,0.9090909090909091,85.1,ACCEPT,
553,"160554, City Hospital, 997, 482, District 29","160554, City Hospital","160554, City Hospital, 997, 482",2,4,0.75,71.6,ACCEPT,
580,"Kalyanpur, Sadar Market, 449, 482, District 56","Kalyanpur, Sadar Market","Kalyanpur, Sadar Market, 449, 482",2,4,0.75,72.4,ACCEPT,
577,"Saket Extension, New Market, 410, 371, District 53",Saket Extension,"Saket Extension, New Market, 410, 371",1,4,0.5,50.7,ACCEPT,
573,"Gandhi Marg, City Centre, 358, 223, District 49","Gandhi Marg, City Centre, 358","Gandhi Marg, City Centre, 358, 223",3,4,0.9090909090909091,84.9,ACCEPT,
569,"Tower B, Main Bazaar, 306, 75, District 45","Tower B, Main Bazaar, 306","Tower B, Main Bazaar, 306, 75",3,4,0.9090909090909091,86.5,ACCEPT,
2622,"Green Park, Green Park, Office 624, 112, District 73",Green Park,"Green Park, Green Park, Office 624, 112",1,4,0.4444444444444444,39.6,ACCEPT,
4692,"Unit 25, Nehru Street, Unit 25, 778, District 43","Unit 25, Nehru Street, Unit 25","Unit 25, Nehru Street, Unit 25, 778",3,4,0.9230769230769231,85.0,ACCEPT,
4688,"812, Airport Road, Unit 932, 630, District 39","812, Airport Road, Unit 932","812, Airport Road, Unit 932, 630",3,4,0.9090909090909091,84.6,ACCEPT,
4684,"Business Park 5, Sunrise Towers, Unit 840, 482, District 35","Business Park 5, Sunrise Towers","Business Park 5, Sunrise Towers, Unit 840, 482",2,4,0.7692307692307693,67.7,ACCEPT,
4680,"Building 41, Green Residency, Unit 748, 334, District 31","Building 41, Green Residency, Unit 748","Building 41, Green Residency, Unit 748, 334",3,4,0.9230769230769231,85.8,ACCEPT,
592,"Business Park 8, New Market, 605, 926, District 68","Business Park 8, New Market","Business Park 8, New Market, 605, 926",2,4,0.8333333333333334,73.5,ACCEPT,
588,"Building 29, City Centre, 553, 778, District 64","Building 29, City Centre, 553","Building 29, City Centre, 553, 778",3,4,0.9090909090909091,84.9,ACCEPT,
584,"Jaipur, Main Bazaar, 501, 630, District 60","Jaipur, Main Bazaar, 501","Jaipur, Main Bazaar, 501, 630",3,4,0.8888888888888888,84.1,ACCEPT,
694,"704, District 20, 133, 704, Bhopal","704, District 20, 133",704,3,1,0.4,38.8,ACCEPT,
710,"Sector 18, District 36, 341, 297, Chennai","Sector 18, District 36",Sector 18,2,1,0.6666666666666666,64.7,ACCEPT,
709,"Rosewood Layout, District 35, 328, 260, District 35","Rosewood Layout, District 35, 328",Rosewood Layout,3,1,0.5714285714285714,61.5,ACCEPT,
707,"Gali 18, District 33, 302, 186, Maharashtra","Gali 18, District 33, 302",Gali 18,3,1,0.5714285714285714,52.1,ACCEPT,
706,"Main Bazaar, District 32, 289, 149, Pune","Main Bazaar, District 32",Main Bazaar,2,1,0.6666666666666666,65.3,ACCEPT,
2560,"Kalyanpur, MG Road, Office 469, 815, District 11","Kalyanpur, MG Road, Office 469","Kalyanpur, MG Road, Office 469, 815",3,4,0.9090909090909091,85.0,ACCEPT,
2556,"Ashok Vihar, Main Bazaar, Office 401, 667, District 7","Ashok Vihar, Main Bazaar","Ashok Vihar, Main Bazaar, Office 401, 667",2,4,0.7272727272727273,61.9,ACCEPT,
2553,"Gandhi Marg, Gandhi Marg, Office 350, 556, District 4","Gandhi Marg, Gandhi Marg","Gandhi Marg, Gandhi Marg, Office 350, 556",2,4,0.7272727272727273,61.9,ACCEPT,
2572,"Business Park 8, Nehru Street, Office 673, 260, District 23","Business Park 8, Nehru Street","Business Park 8, Nehru Street, Office 673, 260",2,4,0.7692307692307693,64.8,ACCEPT,
2568,"Building 9, Airport Road, Office 605, 112, District 19","Building 9, Airport Road, Office 605","Building 9, Airport Road, Office 605, 112",3,4,0.9230769230769231,85.6,ACCEPT,
2611,"Office 437, Gandhi Nagar, Office 437, 704, District 62","Office 437, Gandhi Nagar, Office 437","Office 437, Gandhi Nagar, Office 437, 704",3,4,0.9230769230769231,85.6,ACCEPT,
705,"Park Road, District 31, 276, 112, District 31","Park Road, District 31, 276, 112",Park Road,4,1,0.5,43.4,ACCEPT,
704,"Green Residency, District 30, 263, 75, 302705","Green Residency, District 30",Green Residency,2,1,0.6666666666666666,69.5,ACCEPT,
703,"Phase 2, District 29, 250, 38, Uttar Pradesh","Phase 2, District 29, 250",Phase 2,3,1,0.5714285714285714,52.7,ACCEPT,
702,"Block G, District 28, 237, 1, Gurugram","Block G, District 28, 237",Block G,3,1,0.5714285714285714,47.9,ACCEPT,
701,"Tower F, District 27, 224, 963, District 27","Tower F, District 27, 224, 963",Tower F,4,1,0.5,40.4,ACCEPT,
700,"1th Floor, District 26, 211, 926, 440701","1th Floor, District 26, 211, 926",1th Floor,4,1,0.5,36.2,ACCEPT,
699,"Unit 94, District 25, 198, 889, Uttarakhand","Unit 94, District 25, 198, 889",Unit 94,4,1,0.5,40.4,ACCEPT,
697,"Office 263, District 23, 172, 815, District 23","Office 263, District 23, 172, 815",Office 263,4,1,0.5,44.7,ACCEPT,
696,"Shop 172, District 22, 159, 778, 682697","Shop 172, District 22",Shop 172,2,1,0.6666666666666666,62.7,ACCEPT,
4672,"Kalyanpur, Green Residency, Unit 564, 38, District 23",Kalyanpur,"Kalyanpur, Green Residency, Unit 564, 38",1,4,0.2857142857142857,37.0,ACCEPT,
4668,"Krishna Colony, Sunrise Towers, Unit 472, 889, District 19","Krishna Colony, Sunrise Towers, Unit 472","Krishna Colony, Sunrise Towers, Unit 472, 889",3,4,0.9230769230769231,86.0,ACCEPT,
4664,"Ring Road, Green Residency, Unit 380, 741, District 15","Ring Road, Green Residency, Unit 380","Ring Road, Green Residency, Unit 380, 741",3,4,0.9230769230769231,85.6,ACCEPT,
2490,"Shanti Nagar, Shivam Apartments, Office 178, 223, District 16","Shanti Nagar, Shivam Apartments, Office 178","Shanti Nagar, Shivam Apartments, Office 178, 223",3,4,0.9230769230769231,86.2,ACCEPT,
2518,"Phase 5, Airport Road, Office 654, 260, District 44",Phase 5,"Phase 5, Airport Road, Office 654, 260",1,4,0.4444444444444444,34.2,ACCEPT,
2514,"Unit 880, Ring Road, Office 586, 112, District 40","Unit 880, Ring Road","Unit 880, Ring Road, Office 586, 112",2,4,0.7272727272727273,60.7,ACCEPT,
2510,"367, MG Road, Office 518, 963, District 36","367, MG Road, Office 518","367, MG Road, Office 518, 963",3,4,0.9090909090909091,84.1,ACCEPT,
2506,"Business Park 2, Shivam Apartments, Office 450, 815, District 32",Business Park 2,"Business Park 2, Shivam Apartments, Office 450, 815",1,4,0.5454545454545454,39.8,ACCEPT,
2533,"160734, Gandhi Marg, Office 909, 815, District 59",160734,"160734, Gandhi Marg, Office 909, 815",1,4,0.2857142857142857,33.3,ACCEPT,
2529,"Tehsil 30, Lake View Road, Office 841, 667, District 55","Tehsil 30, Lake View Road, Office 841","Tehsil 30, Lake View Road, Office 841, 667",3,4,0.9333333333333333,85.7,ACCEPT,
2521,"Gali 2, Station Road, Office 705, 371, District 47","Gali 2, Station Road","Gali 2, Station Road, Office 705, 371",2,4,0.7272727272727273,61.3,ACCEPT,
2549,"Tower F, Lake View Road, Office 282, 408, District 75","Tower F, Lake View Road","Tower F, Lake View Road, Office 282, 408",2,4,0.7692307692307693,62.7,ACCEPT,
2545,"Office 214, Park Road, Office 214, 260, District 71","Office 214, Park Road, Office 214","Office 214, Park Road, Office 214, 260",3,4,0.9230769230769231,85.3,ACCEPT,
2541,"Opposite, Station Road, Office 146, 112, District 67","Opposite, Station Road, Office 146","Opposite, Station Road, Office 146, 112",3,4,0.9090909090909091,85.4,ACCEPT,
2564,"Jaipur, Ring Road, Office 537, 963, District 15","Jaipur, Ring Road","Jaipur, Ring Road, Office 537, 963",2,4,0.6666666666666666,59.6,ACCEPT,
2440,"Business Park 11, Block A, Office 227, 371, District 41",Business Park 11,"Business Park 11, Block A, Office 227, 371",1,4,0.5454545454545454,47.8,ACCEPT,
2463,"Tehsil 14, Phase 4, Office 618, 223, District 64",Tehsil 14,"Tehsil 14, Phase 4, Office 618, 223",1,4,0.4444444444444444,40.7,ACCEPT,
2459,"Clock Tower, Phase 6, Office 550, 75, District 60","Clock Tower, Phase 6, Office 550","Clock Tower, Phase 6, Office 550, 75",3,4,0.9230769230769231,87.3,ACCEPT,
2455,"Gali 26, Phase 2, Office 482, 926, District 56","Gali 26, Phase 2, Office 482","Gali 26, Phase 2, Office 482, 926",3,4,0.9230769230769231,84.7,ACCEPT,
2486,"Main Bazaar, Pearl Residency, Office 110, 75, District 12","Main Bazaar, Pearl Residency","Main Bazaar, Pearl Residency, Office 110, 75",2,4,0.7272727272727273,65.7,ACCEPT,
2483,"Tower D, Royal Enclave, Office 958, 963, District 9",Tower D,"Tower D, Royal Enclave, Office 958, 963",1,4,0.4444444444444444,32.5,ACCEPT,
2475,"Opposite, Phase 4, Office 822, 667, District 1",Opposite,"Opposite, Phase 4, Office 822, 667",1,4,0.2857142857142857,38.2,ACCEPT,
2471,"Campus 12, Phase 6, Office 754, 519, District 72",Campus 12,"Campus 12, Phase 6, Office 754, 519",1,4,0.4444444444444444,40.7,ACCEPT,
2502,"Building 23, Pearl Residency, Office 382, 667, District 28","Building 23, Pearl Residency, Office 382","Building 23, Pearl Residency, Office 382, 667",3,4,0.9230769230769231,86.0,ACCEPT,
2498,"Bhubaneswar, Shivam Apartments, Office 314, 519, District 24","Bhubaneswar, Shivam Apartments, Office 314","Bhubaneswar, Shivam Apartments, Office 314, 519",3,4,0.9090909090909091,86.1,ACCEPT,
2401,"110602, Tower B, Office 463, 926, District 2","110602, Tower B","110602, Tower B, Office 463, 926",2,4,0.6666666666666666,57.0,ACCEPT,
2393,"City Hospital, Tower B, Office 327, 630, District 69","City Hospital, Tower B, Office 327","City Hospital, Tower B, Office 327, 630",3,4,0.9230769230769231,85.4,ACCEPT,
2420,"MG Road, Block E, Office 786, 630, District 21","MG Road, Block E","MG Road, Block E, Office 786, 630",2,4,0.7272727272727273,58.9,ACCEPT,
2417,"Tower B, Block B, Office 735, 519, District 18","Tower B, Block B, Office 735","Tower B, Block B, Office 735, 519",3,4,0.9230769230769231,84.7,ACCEPT,
2409,"Opposite, Tower B, Office 599, 223, District 10","Opposite, Tower B, Office 599","Opposite, Tower B, Office 599, 223",3,4,0.9090909090909091,84.9,ACCEPT,
2436,"Building 37, Block E, Office 159, 223, District 37",Building 37,"Building 37, Block E, Office 159, 223",1,4,0.4444444444444444,43.1,ACCEPT,
2432,"Kolkata, Block A, Office 990, 75, District 33","Kolkata, Block A","Kolkata, Block A, Office 990, 75",2,4,0.6666666666666666,60.2,ACCEPT,
2424,"Laxmi Enclave, Block A, Office 854, 778, District 25","Laxmi Enclave, Block A","Laxmi Enclave, Block A, Office 854, 778",2,4,0.7272727272727273,62.2,ACCEPT,
3975,"Vijay Nagar, District 1, Plot 601, 223, 452376","Vijay Nagar, District 1, Plot 601",Vijay Nagar,3,1,0.5,48.9,ACCEPT,
3974,"Gali 15, District 75, Plot 582, 186, Madhya Pradesh","Gali 15, District 75, Plot 582",Gali 15,3,1,0.5,48.7,ACCEPT,
3973,"Gandhi Marg, District 74, Plot 563, 149, Chandigarh","Gandhi Marg, District 74, Plot 563",Gandhi Marg,3,1,0.5,51.5,ACCEPT,
3972,"Nehru Street, District 73, Plot 544, 112, District 73","Nehru Street, District 73, Plot 544",Nehru Street,3,1,0.5,53.3,ACCEPT,
3971,"Royal Enclave, District 72, Plot 525, 75, 380372","Royal Enclave, District 72",Royal Enclave,2,1,0.6666666666666666,70.4,ACCEPT,
3970,"Phase 5, District 71, Plot 506, 38, Tamil Nadu","Phase 5, District 71",Phase 5,2,1,0.6666666666666666,64.4,ACCEPT,
3969,"Block B, District 70, Plot 487, 1, Hyderabad","Block B, District 70, Plot 487",Block B,3,1,0.5,43.4,ACCEPT,
3968,"Tower A, District 69, Plot 468, 963, District 69","Tower A, District 69, Plot 468",Tower A,3,1,0.5,46.8,ACCEPT,
3967,"8th Floor, District 68, Plot 449, 926, 400368","8th Floor, District 68, Plot 449, 926",8th Floor,4,1,0.4444444444444444,32.3,ACCEPT,
3966,"Unit 310, District 67, Plot 430, 889, Maharashtra","Unit 310, District 67, Plot 430, 889",Unit 310,4,1,0.4444444444444444,37.8,ACCEPT,
3965,"Plot 411, District 66, Plot 411, 852, Lucknow","Plot 411, District 66, Plot 411, 852",Plot 411,4,1,0.4444444444444444,32.6,ACCEPT,
3964,"Office 963, District 65, Plot 392, 815, District 65","Office 963, District 65, Plot 392, 815",Office 963,4,1,0.4444444444444444,40.4,ACCEPT,
3962,"364, District 63, Plot 354, 741, Haryana","364, District 63",364,2,1,0.5,53.7,ACCEPT,
2405,"Campus 6, Tower F, Office 531, 75, District 6","Campus 6, Tower F, Office 531","Campus 6, Tower F, Office 531, 75",3,4,0.9230769230769231,86.3,ACCEPT,
3990,"Industrial Area 1, District 16, Plot 886, 778, 600391","Industrial Area 1, District 16, Plot 886",Industrial Area 1,3,1,0.6,53.3,ACCEPT,
3989,"Campus 10, District 15, Plot 867, 741, Telangana","Campus 10, District 15",Campus 10,2,1,0.6666666666666666,67.5,ACCEPT,
3988,"Wing E, District 14, Plot 848, 704, Bengaluru","Wing E, District 14, Plot 848",Wing E,3,1,0.5,43.5,ACCEPT,
3987,"Building 68, District 13, Plot 829, 667, District 13","Building 68, District 13, Plot 829",Building 68,3,1,0.5,52.2,ACCEPT,
3986,"Behind, District 12, Plot 810, 630, 411387","Behind, District 12",Behind,2,1,0.5,61.4,ACCEPT,
3985,"226386, District 11, Plot 791, 593, Uttar Pradesh","226386, District 11, Plot 791, 593",226386,4,1,0.2857142857142857,36.8,ACCEPT,
3984,"Rajasthan, District 10, Plot 772, 556, Jaipur","Rajasthan, District 10",Rajasthan,2,1,0.5,66.5,ACCEPT,
3982,"Tehsil 33, District 8, Plot 734, 482, Haryana","Tehsil 33, District 8, Plot 734, 482",Tehsil 33,4,1,0.4444444444444444,34.7,REVIEW,low_plausibility_and_reference_disagrees
3981,"Post Rajapur, District 7, Plot 715, 445, Delhi","Post Rajapur, District 7, Plot 715",Post Rajapur,3,1,0.5,48.9,ACCEPT,
3980,"Shivpur, District 6, Plot 696, 408, District 6","Shivpur, District 6",Shivpur,2,1,0.5,66.2,ACCEPT,
3979,"Main Bazaar, District 5, Plot 677, 371, 248380","Main Bazaar, District 5, Plot 677",Main Bazaar,3,1,0.5,48.9,ACCEPT,
3977,"Sector 18, District 3, Plot 639, 297, Patna","Sector 18, District 3, Plot 639",Sector 18,3,1,0.5,45.3,ACCEPT,
3993,"Opposite, District 19, Plot 943, 889, Chandigarh","Opposite, District 19, Plot 943, 889",Opposite,4,1,0.2857142857142857,36.6,ACCEPT,
3992,"Near, District 18, Plot 924, 852, Kolkata","Near, District 18",Near,2,1,0.5,56.9,ACCEPT,
3991,"Business Park 2, District 17, Plot 905, 815, District 17","Business Park 2, District 17, Plot 905",Business Park 2,3,1,0.6,56.1,ACCEPT,
2358,"Krishna Colony, 19th Floor, Office 631, 334, District 34","Krishna Colony, 19th Floor, Office 631","Krishna Colony, 19th Floor, Office 631, 334",3,4,0.9230769230769231,85.8,ACCEPT,
2350,"Tower G, 11th Floor, Office 495, 38, District 26","Tower G, 11th Floor","Tower G, 11th Floor, Office 495, 38",2,4,0.7272727272727273,62.0,ACCEPT,
2347,"Office 444, 8th Floor, Office 444, 926, District 23","Office 444, 8th Floor, Office 444","Office 444, 8th Floor, Office 444, 926",3,4,0.9230769230769231,85.3,ACCEPT,
2374,"Business Park 5, 15th Floor, Office 903, 926, District 50","Business Park 5, 15th Floor, Office 903","Business Park 5, 15th Floor, Office 903, 926",3,4,0.9333333333333333,85.9,ACCEPT,
2370,"Building 51, 11th Floor, Office 835, 778, District 46","Building 51, 11th Floor, Office 835","Building 51, 11th Floor, Office 835, 778",3,4,0.9230769230769231,85.5,ACCEPT,
2366,"Pune, 7th Floor, Office 767, 630, District 42","Pune, 7th Floor","Pune, 7th Floor, Office 767, 630",2,4,0.6666666666666666,58.2,ACCEPT,
2362,"Kalyanpur, 3th Floor, Office 699, 482, District 38","Kalyanpur, 3th Floor, Office 699","Kalyanpur, 3th Floor, Office 699, 482",3,4,0.9090909090909091,85.2,ACCEPT,
2389,"Gali 20, Tower F, Office 259, 482, District 65","Gali 20, Tower F","Gali 20, Tower F, Office 259, 482",2,4,0.7272727272727273,58.9,ACCEPT,
2385,"Phase 4, Tower B, Office 191, 334, District 61","Phase 4, Tower B, Office 191","Phase 4, Tower B, Office 191, 334",3,4,0.9230769230769231,84.7,ACCEPT,
2382,"Unit 841, Tower G, Office 140, 223, District 58","Unit 841, Tower G","Unit 841, Tower G, Office 140, 223",2,4,0.7272727272727273,59.6,ACCEPT,
2308,"Business Park 14, Plot 896, Office 680, 482, District 59","Business Park 14, Plot 896, Office 680","Business Park 14, Plot 896, Office 680, 482",3,4,0.9333333333333333,85.8,ACCEPT,
2300,"Nagpur, Plot 744, Office 544, 186, District 51","Nagpur, Plot 744","Nagpur, Plot 744, Office 544, 186",2,4,0.6666666666666666,58.9,ACCEPT,
2296,"Kalyanpur, Plot 668, Office 476, 38, District 47","Kalyanpur, Plot 668, Office 476","Kalyanpur, Plot 668, Office 476, 38",3,4,0.9090909090909091,87.2,ACCEPT,
2323,"Gali 14, Unit 483, Office 935, 38, District 74","Gali 14, Unit 483, Office 935","Gali 14, Unit 483, Office 935, 38",3,4,0.9230769230769231,87.0,ACCEPT,
2319,"Phase 4, Unit 391, Office 867, 889, District 70","Phase 4, Unit 391, Office 867","Phase 4, Unit 391, Office 867, 889",3,4,0.9230769230769231,84.9,ACCEPT,
2312,"490, Unit 230, Office 748, 630, District 63",490,"490, Unit 230, Office 748, 630",1,4,0.2857142857142857,29.5,ACCEPT,
2339,"Campus 20, Unit 851, Office 308, 630, District 15","Campus 20, Unit 851, Office 308","Campus 20, Unit 851, Office 308, 630",3,4,0.9230769230769231,85.1,ACCEPT,
2335,"452536, Unit 759, Office 240, 482, District 11","452536, Unit 759, Office 240","452536, Unit 759, Office 240, 482",3,4,0.9090909090909091,84.7,ACCEPT,
2331,"Tehsil 32, Unit 667, Office 172, 334, District 7","Tehsil 32, Unit 667","Tehsil 32, Unit 667, Office 172, 334",2,4,0.7272727272727273,59.5,ACCEPT,
2327,"City Library, Unit 575, Office 104, 186, District 3",City Library,"City Library, Unit 575, Office 104, 186",1,4,0.4444444444444444,42.2,ACCEPT,
4661,"Tower F, Lake View Homes, Unit 311, 630, District 12","Tower F, Lake View Homes","Tower F, Lake View Homes, Unit 311, 630",2,4,0.7692307692307693,65.5,ACCEPT,
4657,"Office 158, Lotus Heights, Unit 219, 482, District 8","Office 158, Lotus Heights","Office 158, Lotus Heights, Unit 219, 482",2,4,0.7272727272727273,64.7,ACCEPT,
4653,"Opposite, Phase 4, Unit 127, 334, District 4","Opposite, Phase 4, Unit 127","Opposite, Phase 4, Unit 127, 334",3,4,0.9090909090909091,83.8,ACCEPT,
4649,"Campus 10, Phase 6, Unit 35, 186, District 75",Campus 10,"Campus 10, Phase 6, Unit 35, 186",1,4,0.4444444444444444,43.4,ACCEPT,
726,"Opposite, District 52, 549, 889, Maharashtra","Opposite, District 52, 549",Opposite,3,1,0.4,53.7,ACCEPT,
725,"Near, District 51, 536, 852, Lucknow","Near, District 51",Near,2,1,0.5,54.7,ACCEPT,
723,"Industrial Area 4, District 49, 510, 778, 202024","Industrial Area 4, District 49, 510, 778",Industrial Area 4,4,1,0.6,44.1,ACCEPT,
721,"Wing B, District 47, 484, 704, Delhi","Wing B, District 47",Wing B,2,1,0.6666666666666666,58.5,ACCEPT,
720,"Building 1, District 46, 471, 667, District 46","Building 1, District 46, 471",Building 1,3,1,0.5714285714285714,56.5,ACCEPT,
718,"751719, District 44, 445, 593, Odisha","751719, District 44, 445",751719,3,1,0.4,46.0,ACCEPT,
717,"Bihar, District 43, 432, 556, Patna","Bihar, District 43",Bihar,2,1,0.5,56.2,ACCEPT,
716,"Kochi, District 42, 419, 519, District 42","Kochi, District 42",Kochi,2,1,0.5,59.2,ACCEPT,
715,"Tehsil 16, District 41, 406, 482, Madhya Pradesh","Tehsil 16, District 41",Tehsil 16,2,1,0.6666666666666666,67.5,REVIEW,low_plausibility_and_reference_disagrees
2247,"Office 542, Shop 267, Office 542, 223, District 73","Office 542, Shop 267, Office 542","Office 542, Shop 267, Office 542, 223",3,4,0.9230769230769231,85.2,ACCEPT,
2275,"Business Park 11, Shop 76, Office 119, 260, District 26","Business Park 11, Shop 76","Business Park 11, Shop 76, Office 119, 260",2,4,0.7692307692307693,63.4,ACCEPT,
2271,"Building 32, Shop 32, Office 950, 112, District 22","Building 32, Shop 32, Office 950","Building 32, Shop 32, Office 950, 112",3,4,0.9230769230769231,85.2,ACCEPT,
2267,"Mumbai, Shop 487, Office 882, 963, District 18","Mumbai, Shop 487, Office 882","Mumbai, Shop 487, Office 882, 963",3,4,0.9090909090909091,84.7,ACCEPT,
2292,"Green Park, Plot 592, Office 408, 889, District 43","Green Park, Plot 592, Office 408","Green Park, Plot 592, Office 408, 889",3,4,0.9230769230769231,85.2,ACCEPT,
2288,"Airport Road, Plot 516, Office 340, 741, District 39","Airport Road, Plot 516, Office 340","Airport Road, Plot 516, Office 340, 741",3,4,0.9230769230769231,85.4,ACCEPT,
2284,"Tower E, Plot 440, Office 272, 593, District 35","Tower E, Plot 440, Office 272","Tower E, Plot 440, Office 272, 593",3,4,0.9230769230769231,84.9,ACCEPT,
2281,"Office 221, Plot 383, Office 221, 482, District 32","Office 221, Plot 383","Office 221, Plot 383, Office 221, 482",2,4,0.7272727272727273,61.3,ACCEPT,
2228,"District Court, 297, Office 219, 519, District 54","District Court, 297, Office 219","District Court, 297, Office 219, 519",3,4,0.9090909090909091,85.1,ACCEPT,
2224,"Gali 5, 245, Office 151, 371, District 50","Gali 5, 245","Gali 5, 245, Office 151, 371",2,4,0.6666666666666666,54.7,ACCEPT,
2220,"Phase 1, 193, Office 982, 223, District 46","Phase 1, 193, Office 982","Phase 1, 193, Office 982, 223",3,4,0.9090909090909091,84.1,ACCEPT,
2216,"Unit 20, 141, Office 914, 75, District 42","Unit 20, 141, Office 914","Unit 20, 141, Office 914, 75",3,4,0.9090909090909091,86.4,ACCEPT,
2244,"Opposite, 505, Office 491, 112, District 70","Opposite, 505, Office 491","Opposite, 505, Office 491, 112",3,4,0.8888888888888888,84.3,ACCEPT,
2240,"Campus 1, 453, Office 423, 963, District 66","Campus 1, 453","Campus 1, 453, Office 423, 963",2,4,0.6666666666666666,56.6,ACCEPT,
2236,"682437, 401, Office 355, 815, District 62","682437, 401, Office 355","682437, 401, Office 355, 815",3,4,0.8888888888888888,83.9,ACCEPT,
2232,"Tehsil 33, 349, Office 287, 667, District 58","Tehsil 33, 349","Tehsil 33, 349, Office 287, 667",2,4,0.6666666666666666,57.4,ACCEPT,
2255,"Park Road, Shop 355, Office 678, 519, District 6","Park Road, Shop 355","Park Road, Shop 355, Office 678, 519",2,4,0.7272727272727273,59.5,ACCEPT,
2155,"Phase 2, Opposite, Shop 253, 815, District 56","Phase 2, Opposite","Phase 2, Opposite, Shop 253, 815",2,4,0.6666666666666666,62.2,ACCEPT,
2151,"Unit 523, Opposite, Shop 209, 667, District 52","Unit 523, Opposite","Unit 523, Opposite, Shop 209, 667",2,4,0.6666666666666666,62.8,ACCEPT,
2181,"Office 319, 778, Office 319, 778, District 7","Office 319, 778, Office 319","Office 319, 778, Office 319, 778",3,4,0.9090909090909091,83.8,ACCEPT,
2175,"Campus 16, Opposite, Shop 473, 556, District 1",Campus 16,"Campus 16, Opposite, Shop 473, 556",1,4,0.5,40.4,ACCEPT,
2171,"380372, Opposite, Shop 429, 408, District 72","380372, Opposite, Shop 429","380372, Opposite, Shop 429, 408",3,4,0.8888888888888888,84.4,ACCEPT,
2167,"Tehsil 18, Opposite, Shop 385, 260, District 68","Tehsil 18, Opposite","Tehsil 18, Opposite, Shop 385, 260",2,4,0.6666666666666666,63.3,ACCEPT,
2197,"Lakshmipur, 371, Office 591, 371, District 23",Lakshmipur,"Lakshmipur, 371, Office 591, 371",1,4,0.3333333333333333,45.6,ACCEPT,
2193,"Rajendra Nagar, 223, Office 523, 223, District 19",Rajendra Nagar,"Rajendra Nagar, 223, Office 523, 223",1,4,0.5,49.8,ACCEPT,
2189,"Lake View Road, 75, Office 455, 75, District 15","Lake View Road, 75, Office 455","Lake View Road, 75, Office 455, 75",3,4,0.9230769230769231,87.1,ACCEPT,
2209,"Business Park 5, 815, Office 795, 815, District 35","Business Park 5, 815","Business Park 5, 815, Office 795, 815",2,4,0.7272727272727273,61.3,ACCEPT,
2205,"Building 46, 667, Office 727, 667, District 31","Building 46, 667","Building 46, 667, Office 727, 667",2,4,0.6666666666666666,58.9,ACCEPT,
2201,"Delhi, 519, Office 659, 519, District 27",Delhi,"Delhi, 519, Office 659, 519",1,4,0.3333333333333333,37.7,ACCEPT,
714,"Post Rampur, District 40, 393, 445, Bhopal","Post Rampur, District 40, 393",Post Rampur,3,1,0.5714285714285714,53.5,ACCEPT,
713,"Madhopur, District 39, 380, 408, District 39","Madhopur, District 39, 380, 408",Madhopur,4,1,0.3333333333333333,42.0,ACCEPT,
711,"City Library, District 37, 354, 334, Gujarat","City Library, District 37, 354",City Library,3,1,0.5714285714285714,55.5,ACCEPT,
4645,"226146, Phase 2, Unit 942, 38, District 71","226146, Phase 2","226146, Phase 2, Unit 942, 38",2,4,0.6666666666666666,62.3,ACCEPT,
4641,"Tehsil 42, Phase 4, Unit 850, 889, District 67","Tehsil 42, Phase 4, Unit 850","Tehsil 42, Phase 4, Unit 850, 889",3,4,0.9230769230769231,84.7,ACCEPT,
4637,"Railway Station, Phase 6, Unit 758, 741, District 63","Railway Station, Phase 6, Unit 758","Railway Station, Phase 6, Unit 758, 741",3,4,0.9230769230769231,85.4,ACCEPT,
4633,"Gali 14, Phase 2, Unit 666, 593, District 59",Gali 14,"Gali 14, Phase 2, Unit 666, 593",1,4,0.4444444444444444,39.5,ACCEPT,
4626,"Unit 505, Phase 1, Unit 505, 334, District 52","Unit 505, Phase 1, Unit 505","Unit 505, Phase 1, Unit 505, 334",3,4,0.9230769230769231,84.6,ACCEPT,
4622,"853, Phase 3, Unit 413, 186, District 48","853, Phase 3, Unit 413","853, Phase 3, Unit 413, 186",3,4,0.9090909090909091,83.7,ACCEPT,
2109,"Campus 10, Business Park 10, Shop 246, 112, District 10","Campus 10, Business Park 10","Campus 10, Business Park 10, Shop 246, 112",2,4,0.7692307692307693,66.6,ACCEPT,
2105,"226306, Business Park 6, Shop 202, 963, District 6",226306,"226306, Business Park 6, Shop 202, 963",1,4,0.25,30.9,ACCEPT,
2128,"Krishna Colony, Near, Shop 455, 815, District 29",Krishna Colony,"Krishna Colony, Near, Shop 455, 815",1,4,0.5,50.8,ACCEPT,
2124,"Ring Road, Near, Shop 411, 667, District 25","Ring Road, Near","Ring Road, Near, Shop 411, 667",2,4,0.6666666666666666,60.9,ACCEPT,
2120,"Tower A, Near, Shop 367, 519, District 21","Tower A, Near, Shop 367","Tower A, Near, Shop 367, 519",3,4,0.9090909090909091,83.9,ACCEPT,
2147,"143, Opposite, Shop 165, 519, District 48","143, Opposite, Shop 165","143, Opposite, Shop 165, 519",3,4,0.8888888888888888,83.9,ACCEPT,
2144,"Business Park 15, Near, Shop 132, 408, District 45","Business Park 15, Near","Business Park 15, Near, Shop 132, 408",2,4,0.7272727272727273,64.7,ACCEPT,
2140,"Building 61, Near, Shop 88, 260, District 41","Building 61, Near, Shop 88","Building 61, Near, Shop 88, 260",3,4,0.9090909090909091,84.4,ACCEPT,
2136,"Kochi, Near, Shop 44, 112, District 37",Kochi,"Kochi, Near, Shop 44, 112",1,4,0.3333333333333333,39.6,ACCEPT,
2163,"Clock Tower, Opposite, Shop 341, 112, District 64","Clock Tower, Opposite, Shop 341","Clock Tower, Opposite, Shop 341, 112",3,4,0.9090909090909091,85.1,ACCEPT,
2159,"Gali 30, Opposite, Shop 297, 963, District 60","Gali 30, Opposite, Shop 297","Gali 30, Opposite, Shop 297, 963",3,4,0.9090909090909091,84.6,ACCEPT,
2058,"Airport Road, Industrial Area 4, Shop 184, 223, District 34",Airport Road,"Airport Road, Industrial Area 4, Shop 184, 223",1,4,0.4,38.3,ACCEPT,
4100,"Tower E, Near, Plot 978, 852, District 51",Tower E,"Tower E, Near, Plot 978, 852",1,4,0.5,42.3,ACCEPT,
4096,"Office 510, Near, Plot 902, 704, District 47","Office 510, Near, Plot 902","Office 510, Near, Plot 902, 704",3,4,0.9090909090909091,84.4,ACCEPT,
2085,"Unit 4, Business Park 1, Shop 481, 223, District 61","Unit 4, Business Park 1","Unit 4, Business Park 1, Shop 481, 223",2,4,0.7692307692307693,65.1,ACCEPT,
2081,"184, Business Park 12, Shop 437, 75, District 57",184,"184, Business Park 12, Shop 437, 75",1,4,0.25,26.6,ACCEPT,
2074,"Building 75, Industrial Area 5, Shop 360, 815, District 50","Building 75, Industrial Area 5, Shop 360","Building 75, Industrial Area 5, Shop 360, 815",3,4,0.9333333333333333,86.0,ACCEPT,
2101,"Tehsil 2, Business Park 2, Shop 158, 815, District 2","Tehsil 2, Business Park 2, Shop 158","Tehsil 2, Business Park 2, Shop 158, 815",3,4,0.9333333333333333,84.7,ACCEPT,
2097,"City Hospital, Business Park 13, Shop 114, 667, District 73","City Hospital, Business Park 13, Shop 114","City Hospital, Business Park 13, Shop 114, 667",3,4,0.9333333333333333,86.0,ACCEPT,
2093,"Gali 24, Business Park 9, Shop 70, 519, District 69","Gali 24, Business Park 9, Shop 70","Gali 24, Business Park 9, Shop 70, 519",3,4,0.9333333333333333,85.3,ACCEPT,
2116,"Office 113, Near, Shop 323, 371, District 17","Office 113, Near, Shop 323","Office 113, Near, Shop 323, 371",3,4,0.9090909090909091,84.4,ACCEPT,
2112,"Opposite, Business Park 13, Shop 279, 223, District 13","Opposite, Business Park 13","Opposite, Business Park 13, Shop 279, 223",2,4,0.7272727272727273,66.2,ACCEPT,
4108,"Krishna Colony, Near, Plot 131, 149, District 59","Krishna Colony, Near, Plot 131","Krishna Colony, Near, Plot 131, 149",3,4,0.9090909090909091,85.0,ACCEPT,
4104,"Ring Road, Near, Plot 55, 1, District 55","Ring Road, Near","Ring Road, Near, Plot 55, 1",2,4,0.6666666666666666,65.3,ACCEPT,
2035,"Tehsil 36, Campus 16, Shop 430, 371, District 11","Tehsil 36, Campus 16, Shop 430","Tehsil 36, Campus 16, Shop 430, 371",3,4,0.9230769230769231,85.0,ACCEPT,
2027,"Gali 18, Campus 8, Shop 342, 75, District 3","Gali 18, Campus 8","Gali 18, Campus 8, Shop 342, 75",2,4,0.7272727272727273,62.4,ACCEPT,
2023,"Phase 2, Campus 4, Shop 298, 926, District 74","Phase 2, Campus 4, Shop 298","Phase 2, Campus 4, Shop 298, 926",3,4,0.9230769230769231,84.6,ACCEPT,
2054,"Tower G, Industrial Area 15, Shop 140, 75, District 30","Tower G, Industrial Area 15","Tower G, Industrial Area 15, Shop 140, 75",2,4,0.7692307692307693,67.8,ACCEPT,
2050,"Office 789, Industrial Area 11, Shop 96, 926, District 26","Office 789, Industrial Area 11, Shop 96","Office 789, Industrial Area 11, Shop 96, 926",3,4,0.9333333333333333,85.9,ACCEPT,
2046,"Opposite, Campus 7, Shop 52, 778, District 22","Opposite, Campus 7, Shop 52","Opposite, Campus 7, Shop 52, 778",3,4,0.9090909090909091,84.6,ACCEPT,
2039,"248240, Campus 20, Shop 474, 519, District 15","248240, Campus 20, Shop 474","248240, Campus 20, Shop 474, 519",3,4,0.9090909090909091,84.6,ACCEPT,
2070,"Chennai, Industrial Area 1, Shop 316, 667, District 46","Chennai, Industrial Area 1, Shop 316","Chennai, Industrial Area 1, Shop 316, 667",3,4,0.9230769230769231,85.6,ACCEPT,
2066,"Shivpur, Industrial Area 12, Shop 272, 519, District 42","Shivpur, Industrial Area 12","Shivpur, Industrial Area 12, Shop 272, 519",2,4,0.7272727272727273,66.6,ACCEPT,
2062,"Green Park, Industrial Area 8, Shop 228, 371, District 38","Green Park, Industrial Area 8","Green Park, Industrial Area 8, Shop 228, 371",2,4,0.7692307692307693,67.2,ACCEPT,
4618,"Business Park 14, Block C, Unit 321, 38, District 44",Business Park 14,"Business Park 14, Block C, Unit 321, 38",1,4,0.5454545454545454,50.5,ACCEPT,
837,"College Road, Opposite, 194, 1, District 13","College Road, Opposite, 194","College Road, Opposite, 194, 1",3,4,0.8888888888888888,89.1,ACCEPT,
833,"Tower B, Opposite, 142, 852, District 9",Tower B,"Tower B, Opposite, 142, 852",1,4,0.5714285714285714,42.2,ACCEPT,
829,"Office 709, Opposite, 989, 704, District 5","Office 709, Opposite","Office 709, Opposite, 989, 704",2,4,0.75,70.1,ACCEPT,
852,"Building 53, Near, 389, 556, District 28","Building 53, Near","Building 53, Near, 389, 556",2,4,0.75,69.9,ACCEPT,
849,"Hyderabad, Opposite, 350, 445, District 25","Hyderabad, Opposite, 350","Hyderabad, Opposite, 350, 445",3,4,0.8571428571428571,84.1,ACCEPT,
845,"Madhopur, Opposite, 298, 297, District 21","Madhopur, Opposite","Madhopur, Opposite, 298, 297",2,4,0.6666666666666666,70.4,ACCEPT,
864,"Unit 892, Building 65, 545, 1, District 40",Unit 892,"Unit 892, Building 65, 545, 1",1,4,0.5,43.9,ACCEPT,
860,"493, Building 61, 493, 852, District 36","493, Building 61","493, Building 61, 493, 852",2,4,0.75,69.3,ACCEPT,
856,"Business Park 2, Near, 441, 704, District 32","Business Park 2, Near","Business Park 2, Near, 441, 704",2,4,0.8,71.6,ACCEPT,
4614,"Building 55, Block G, Unit 229, 889, District 40",Building 55,"Building 55, Block G, Unit 229, 889",1,4,0.4444444444444444,44.9,ACCEPT,
1992,"Nehru Street, Wing A, Shop 456, 778, District 43","Nehru Street, Wing A, Shop 456","Nehru Street, Wing A, Shop 456, 778",3,4,0.9230769230769231,85.0,ACCEPT,
4131,"Unit 109, Building 52, Plot 568, 1, District 7",Unit 109,"Unit 109, Building 52, Plot 568, 1",1,4,0.4444444444444444,38.2,ACCEPT,
4127,"711, Building 48, Plot 492, 852, District 3","711, Building 48","711, Building 48, Plot 492, 852",2,4,0.6666666666666666,60.4,ACCEPT,
4123,"Business Park 14, Beside, Plot 416, 704, District 74","Business Park 14, Beside, Plot 416","Business Park 14, Beside, Plot 416, 704",3,4,0.9230769230769231,85.4,ACCEPT,
4119,"Building 40, Beside, Plot 340, 556, District 70","Building 40, Beside","Building 40, Beside, Plot 340, 556",2,4,0.6666666666666666,63.3,ACCEPT,
2019,"Unit 484, Campus 20, Shop 254, 778, District 70","Unit 484, Campus 20, Shop 254","Unit 484, Campus 20, Shop 254, 778",3,4,0.9230769230769231,84.9,ACCEPT,
2015,"225, Campus 16, Shop 210, 630, District 66","225, Campus 16, Shop 210","225, Campus 16, Shop 210, 630",3,4,0.9090909090909091,84.1,ACCEPT,
2011,"Business Park 2, Wing D, Shop 166, 482, District 62",Business Park 2,"Business Park 2, Wing D, Shop 166, 482",1,4,0.5454545454545454,49.7,ACCEPT,
2008,"Building 9, Wing A, Shop 133, 371, District 59",Building 9,"Building 9, Wing A, Shop 133, 371",1,4,0.4444444444444444,44.7,ACCEPT,
4116,"Kochi, Near, Plot 283, 445, District 67","Kochi, Near, Plot 283","Kochi, Near, Plot 283, 445",3,4,0.8888888888888888,83.5,ACCEPT,
4135,"Phase 2, Building 56, Plot 644, 149, District 11","Phase 2, Building 56, Plot 644","Phase 2, Building 56, Plot 644, 149",3,4,0.9230769230769231,85.0,ACCEPT,
1973,"160174, Building 54, Shop 247, 75, District 24","160174, Building 54, Shop 247","160174, Building 54, Shop 247, 75",3,4,0.9090909090909091,87.0,ACCEPT,
1969,"Tehsil 20, Building 50, Shop 203, 926, District 20","Tehsil 20, Building 50, Shop 203","Tehsil 20, Building 50, Shop 203, 926",3,4,0.9230769230769231,85.2,ACCEPT,
1965,"Railway Station, Building 46, Shop 159, 778, District 16","Railway Station, Building 46","Railway Station, Building 46, Shop 159, 778",2,4,0.7272727272727273,66.9,ACCEPT,
1961,"Gali 12, Building 42, Shop 115, 630, District 12","Gali 12, Building 42","Gali 12, Building 42, Shop 115, 630",2,4,0.7272727272727273,63.8,ACCEPT,
1988,"Tower E, Wing E, Shop 412, 630, District 39",Tower E,"Tower E, Wing E, Shop 412, 630",1,4,0.4444444444444444,40.4,ACCEPT,
1984,"Office 566, Wing A, Shop 368, 482, District 35",Office 566,"Office 566, Wing A, Shop 368, 482",1,4,0.4444444444444444,44.7,ACCEPT,
1980,"Opposite, Building 61, Shop 324, 334, District 31","Opposite, Building 61, Shop 324","Opposite, Building 61, Shop 324, 334",3,4,0.9090909090909091,85.1,ACCEPT,
1976,"Campus 17, Building 57, Shop 280, 186, District 27","Campus 17, Building 57","Campus 17, Building 57, Shop 280, 186",2,4,0.7272727272727273,64.7,ACCEPT,
2004,"Jaipur, Wing E, Shop 89, 223, District 55","Jaipur, Wing E, Shop 89","Jaipur, Wing E, Shop 89, 223",3,4,0.9090909090909091,83.9,ACCEPT,
1996,"Ashok Vihar, Wing E, Shop 1, 926, District 47","Ashok Vihar, Wing E","Ashok Vihar, Wing E, Shop 1, 926",2,4,0.7272727272727273,66.1,ACCEPT,
4151,"380552, Building 72, Plot 948, 741, District 27","380552, Building 72, Plot 948","380552, Building 72, Plot 948, 741",3,4,0.9090909090909091,84.9,ACCEPT,
1926,"Main Bazaar, Behind, Shop 229, 334, District 52","Main Bazaar, Behind","Main Bazaar, Behind, Shop 229, 334",2,4,0.6666666666666666,63.3,ACCEPT,
1922,"Tower C, Behind, Shop 185, 186, District 48","Tower C, Behind, Shop 185","Tower C, Behind, Shop 185, 186",3,4,0.9090909090909091,84.3,ACCEPT,
1918,"Office 343, Behind, Shop 141, 38, District 44","Office 343, Behind, Shop 141","Office 343, Behind, Shop 141, 38",3,4,0.9090909090909091,86.9,ACCEPT,
1941,"Building 22, Opposite, Shop 394, 889, District 67","Building 22, Opposite","Building 22, Opposite, Shop 394, 889",2,4,0.6666666666666666,64.3,ACCEPT,
1934,"Shivpur, Behind, Shop 317, 630, District 60",Shivpur,"Shivpur, Behind, Shop 317, 630",1,4,0.3333333333333333,40.4,ACCEPT,
1930,"Shanti Nagar, Behind, Shop 273, 482, District 56","Shanti Nagar, Behind, Shop 273","Shanti Nagar, Behind, Shop 273, 482",3,4,0.9090909090909091,85.0,ACCEPT,
1957,"Phase 2, Building 38, Shop 71, 482, District 8","Phase 2, Building 38","Phase 2, Building 38, Shop 71, 482",2,4,0.7272727272727273,64.0,ACCEPT,
1953,"Unit 964, Building 34, Shop 27, 334, District 4","Unit 964, Building 34, Shop 27","Unit 964, Building 34, Shop 27, 334",3,4,0.9230769230769231,84.2,ACCEPT,
1949,"266, Building 30, Shop 482, 186, District 75","266, Building 30, Shop 482","266, Building 30, Shop 482, 186",3,4,0.9090909090909091,84.4,ACCEPT,
1945,"Business Park 11, Opposite, Shop 438, 38, District 71","Business Park 11, Opposite, Shop 438","Business Park 11, Opposite, Shop 438, 38",3,4,0.9230769230769231,87.7,ACCEPT,
4143,"City Library, Building 64, Plot 796, 445, District 19","City Library, Building 64, Plot 796","City Library, Building 64, Plot 796, 445",3,4,0.9230769230769231,85.5,ACCEPT,
4182,"Gurugram, Wing G, Plot 538, 889, District 58","Gurugram, Wing G, Plot 538","Gurugram, Wing G, Plot 538, 889",3,4,0.9090909090909091,84.4,ACCEPT,
4178,"Shivpur, Wing C, Plot 462, 741, District 54",Shivpur,"Shivpur, Wing C, Plot 462, 741",1,4,0.2857142857142857,40.4,ACCEPT,
4174,"Laxmi Enclave, Wing G, Plot 386, 593, District 50",Laxmi Enclave,"Laxmi Enclave, Wing G, Plot 386, 593",1,4,0.4444444444444444,47.9,ACCEPT,
1815,"Opposite, District 16, Shop 6, 223, Madhya Pradesh","Opposite, District 16, Shop 6, 223",Opposite,4,1,0.2857142857142857,42.3,ACCEPT,
4166,"Tower G, Wing G, Plot 234, 297, District 42","Tower G, Wing G, Plot 234","Tower G, Wing G, Plot 234, 297",3,4,0.9230769230769231,84.3,ACCEPT,
4162,"Office 733, Wing C, Plot 158, 149, District 38","Office 733, Wing C","Office 733, Wing C, Plot 158, 149",2,4,0.7272727272727273,62.8,ACCEPT,
4606,"Kalyanpur, Block G, Unit 45, 593, District 32",Kalyanpur,"Kalyanpur, Block G, Unit 45, 593",1,4,0.2857142857142857,43.4,ACCEPT,
884,"302885, Building 5, 805, 741, District 60","302885, Building 5","302885, Building 5, 805, 741",2,4,0.75,70.4,ACCEPT,
880,"Tehsil 31, Building 1, 753, 593, District 56","Tehsil 31, Building 1, 753","Tehsil 31, Building 1, 753, 593",3,4,0.9090909090909091,84.4,ACCEPT,
876,"District Court, Building 77, 701, 445, District 52","District Court, Building 77, 701","District Court, Building 77, 701, 445",3,4,0.9090909090909091,85.2,ACCEPT,
899,"Tower D, Wing D, 101, 297, District 75","Tower D, Wing D, 101","Tower D, Wing D, 101, 297",3,4,0.9090909090909091,83.3,ACCEPT,
895,"Office 932, Wing H, 948, 149, District 71","Office 932, Wing H, 948","Office 932, Wing H, 948, 149",3,4,0.9090909090909091,83.9,ACCEPT,
891,"Opposite, Building 12, 896, 1, District 67","Opposite, Building 12","Opposite, Building 12, 896, 1",2,4,0.75,75.1,ACCEPT,
887,"Campus 8, Building 8, 844, 852, District 63",Campus 8,"Campus 8, Building 8, 844, 852",1,4,0.5,42.9,ACCEPT,
4598,"Airport Road, Block G, Unit 860, 297, District 24","Airport Road, Block G, Unit 860","Airport Road, Block G, Unit 860, 297",3,4,0.9230769230769231,85.1,ACCEPT,
4595,"Tower D, Block D, Unit 791, 186, District 21","Tower D, Block D","Tower D, Block D, Unit 791, 186",2,4,0.7272727272727273,61.5,ACCEPT,
4189,"Business Park 5, Wing F, Plot 671, 149, District 65","Business Park 5, Wing F","Business Park 5, Wing F, Plot 671, 149",2,4,0.7692307692307693,65.1,ACCEPT,
4186,"Building 27, Wing C, Plot 614, 38, District 62",Building 27,"Building 27, Wing C, Plot 614, 38",1,4,0.4444444444444444,46.8,ACCEPT,
1814,"Near, District 15, Shop 494, 186, Bhopal","Near, District 15",Near,2,1,0.5,56.5,ACCEPT,
1813,"Business Park 14, District 14, Shop 483, 149, District 14","Business Park 14, District 14, Shop 483, 149",Business Park 14,4,1,0.5454545454545454,46.2,ACCEPT,
1812,"Industrial Area 13, District 13, Shop 472, 112, 700013","Industrial Area 13, District 13, Shop 472",Industrial Area 13,3,1,0.6,54.0,ACCEPT,
1810,"Wing C, District 11, Shop 450, 38, Chennai","Wing C, District 11, Shop 450",Wing C,3,1,0.5,40.7,ACCEPT,
1809,"Building 50, District 10, Shop 439, 1, District 10","Building 50, District 10, Shop 439, 1",Building 50,4,1,0.4444444444444444,43.1,ACCEPT,
1808,"Near, District 9, Shop 428, 963, 560009","Near, District 9, Shop 428, 963",Near,4,1,0.2857142857142857,24.8,ACCEPT,
1807,"400008, District 8, Shop 417, 926, Maharashtra","400008, District 8, Shop 417",400008,3,1,0.3333333333333333,46.0,ACCEPT,
1806,"Maharashtra, District 7, Shop 406, 889, Pune","Maharashtra, District 7, Shop 406, 889",Maharashtra,4,1,0.2857142857142857,31.7,ACCEPT,
1805,"Lucknow, District 6, Shop 395, 852, District 6","Lucknow, District 6",Lucknow,2,1,0.5,66.2,ACCEPT,
1804,"Tehsil 5, District 5, Shop 384, 815, Rajasthan","Tehsil 5, District 5",Tehsil 5,2,1,0.6666666666666666,67.6,REVIEW,low_plausibility_and_reference_disagrees
1803,"Post Rajapur, District 4, Shop 373, 778, Noida","Post Rajapur, District 4, Shop 373, 778",Post Rajapur,4,1,0.4444444444444444,34.7,ACCEPT,
1802,"Shivpur, District 3, Shop 362, 741, District 3","Shivpur, District 3, Shop 362, 741",Shivpur,4,1,0.2857142857142857,35.9,ACCEPT,
1801,"Gandhi Market, District 2, Shop 351, 704, 110002","Gandhi Market, District 2",Gandhi Market,2,1,0.6666666666666666,72.3,ACCEPT,
1792,"Phase 5, District 68, Shop 252, 371, West Bengal","Phase 5, District 68, Shop 252",Phase 5,3,1,0.5,46.8,ACCEPT,
1790,"Tower G, District 66, Shop 230, 297, District 66","Tower G, District 66",Tower G,2,1,0.6666666666666666,65.0,ACCEPT,
1789,"10th Floor, District 65, Shop 219, 260, 500890","10th Floor, District 65, Shop 219",10th Floor,3,1,0.5,46.7,ACCEPT,
1788,"Unit 166, District 64, Shop 208, 223, Karnataka","Unit 166, District 64, Shop 208, 223",Unit 166,4,1,0.4444444444444444,35.4,ACCEPT,
1787,"Plot 987, District 63, Shop 197, 186, Mumbai","Plot 987, District 63, Shop 197, 186",Plot 987,4,1,0.4444444444444444,31.0,ACCEPT,
1786,"Office 796, District 62, Shop 186, 149, District 62","Office 796, District 62, Shop 186",Office 796,3,1,0.5,51.0,ACCEPT,
1785,"Shop 175, District 61, Shop 175, 112, 226886","Shop 175, District 61",Shop 175,2,1,0.6666666666666666,65.0,ACCEPT,
1784,"818, District 60, Shop 164, 75, Rajasthan","818, District 60, Shop 164, 75",818,4,1,0.2857142857142857,27.1,ACCEPT,
1783,"38, District 59, Shop 153, 38, Noida","38, District 59, Shop 153",38,3,1,0.3333333333333333,29.1,ACCEPT,
4213,"Tehsil 14, Campus 14, Plot 128, 38, District 14","Tehsil 14, Campus 14, Plot 128","Tehsil 14, Campus 14, Plot 128, 38",3,4,0.9230769230769231,87.1,ACCEPT,
4209,"City Hospital, Campus 10, Plot 52, 889, District 10","City Hospital, Campus 10, Plot 52","City Hospital, Campus 10, Plot 52, 889",3,4,0.9230769230769231,85.3,ACCEPT,
4201,"Phase 2, Campus 2, Plot 899, 593, District 2",Phase 2,"Phase 2, Campus 2, Plot 899, 593",1,4,0.4444444444444444,37.5,ACCEPT,
4224,"Opposite, Campus 5, Plot 337, 445, District 25","Opposite, Campus 5","Opposite, Campus 5, Plot 337, 445",2,4,0.6666666666666666,62.8,ACCEPT,
4217,"800618, Campus 18, Plot 204, 186, District 18","800618, Campus 18, Plot 204","800618, Campus 18, Plot 204, 186",3,4,0.9090909090909091,84.6,ACCEPT,
1669,"Lakshmipur, Main Bazaar, Shop 396, 815, District 20","Lakshmipur, Main Bazaar, Shop 396","Lakshmipur, Main Bazaar, Shop 396, 815",3,4,0.9090909090909091,85.3,ACCEPT,
1666,"Ashok Vihar, Gandhi Market, Shop 363, 704, District 17","Ashok Vihar, Gandhi Market","Ashok Vihar, Gandhi Market, Shop 363, 704",2,4,0.7272727272727273,66.2,ACCEPT,
1658,"Tower C, City Centre, Shop 275, 408, District 9",Tower C,"Tower C, City Centre, Shop 275, 408",1,4,0.4444444444444444,35.2,ACCEPT,
1798,"Krishna Colony, District 74, Shop 318, 593, District 74","Krishna Colony, District 74, Shop 318",Krishna Colony,3,1,0.5,55.2,ACCEPT,
1797,"Saket Extension, District 73, Shop 307, 556, 800898","Saket Extension, District 73",Saket Extension,2,1,0.6666666666666666,72.4,ACCEPT,
1795,"Park Road, District 71, Shop 285, 482, Indore","Park Road, District 71",Park Road,2,1,0.6666666666666666,66.5,ACCEPT,
1794,"Ring Road, District 70, Shop 274, 445, District 70","Ring Road, District 70, Shop 274, 445",Ring Road,4,1,0.4444444444444444,39.1,ACCEPT,
1793,"Lotus Heights, District 69, Shop 263, 408, 160894","Lotus Heights, District 69, Shop 263",Lotus Heights,3,1,0.5,50.0,ACCEPT,
1631,"Gali 12, City Library, Shop 477, 408, District 57","Gali 12, City Library, Shop 477","Gali 12, City Library, Shop 477, 408",3,4,0.9230769230769231,85.1,ACCEPT,
1628,"Sunrise Towers, District Court, Shop 444, 297, Bengaluru","Sunrise Towers, District Court, Shop 444, 297",Sunrise Towers,4,1,0.4444444444444444,39.9,ACCEPT,
1627,"Phase 2, Clock Tower, Shop 433, 260, District 53",Phase 2,"Phase 2, Clock Tower, Shop 433, 260",1,4,0.4444444444444444,36.3,ACCEPT,
4244,"Shivpur, Industrial Area 15, Plot 717, 186, District 45","Shivpur, Industrial Area 15, Plot 717","Shivpur, Industrial Area 15, Plot 717, 186",3,4,0.9230769230769231,85.7,ACCEPT,
4240,"Shanti Nagar, Industrial Area 11, Plot 641, 38, District 41",Shanti Nagar,"Shanti Nagar, Industrial Area 11, Plot 641, 38",1,4,0.4,38.3,ACCEPT,
4232,"Tower A, Industrial Area 3, Plot 489, 741, District 33",Tower A,"Tower A, Industrial Area 3, Plot 489, 741",1,4,0.4,32.4,ACCEPT,
1654,"Office 350, Main Bazaar, Shop 231, 260, District 5","Office 350, Main Bazaar","Office 350, Main Bazaar, Shop 231, 260",2,4,0.7272727272727273,64.0,ACCEPT,
1650,"Opposite, Metro Station, Shop 187, 112, District 1","Opposite, Metro Station, Shop 187","Opposite, Metro Station, Shop 187, 112",3,4,0.9090909090909091,84.5,ACCEPT,
1646,"Campus 7, Municipal Park, Shop 143, 963, District 72","Campus 7, Municipal Park, Shop 143","Campus 7, Municipal Park, Shop 143, 963",3,4,0.9230769230769231,85.4,ACCEPT,
1644,"Building 45, District Court, Shop 121, 889, Rajasthan","Building 45, District Court, Shop 121",Building 45,3,1,0.5,47.9,ACCEPT,
1642,"122743, Metro Station, Shop 99, 815, District 68","122743, Metro Station","122743, Metro Station, Shop 99, 815",2,4,0.6666666666666666,65.6,ACCEPT,
4228,"Office 956, Industrial Area 14, Plot 413, 593, District 29","Office 956, Industrial Area 14, Plot 413","Office 956, Industrial Area 14, Plot 413, 593",3,4,0.9333333333333333,86.0,ACCEPT,
4259,"629, Business Park 15, Plot 3, 741, District 60","629, Business Park 15","629, Business Park 15, Plot 3, 741",2,4,0.7272727272727273,67.0,ACCEPT,
4252,"Building 13, Industrial Area 8, Plot 869, 482, District 53","Building 13, Industrial Area 8, Plot 869","Building 13, Industrial Area 8, Plot 869, 482",3,4,0.9333333333333333,86.0,ACCEPT,
4248,"Bengaluru, Industrial Area 4, Plot 793, 334, District 49","Bengaluru, Industrial Area 4","Bengaluru, Industrial Area 4, Plot 793, 334",2,4,0.7272727272727273,66.9,ACCEPT,
1619,"471, Clock Tower, Shop 345, 963, District 45","471, Clock Tower, Shop 345","471, Clock Tower, Shop 345, 963",3,4,0.9090909090909091,84.4,ACCEPT,
4587,"Opposite, Tower D, Unit 607, 889, District 13","Opposite, Tower D, Unit 607","Opposite, Tower D, Unit 607, 889",3,4,0.9090909090909091,84.6,ACCEPT,
4583,"Campus 4, Tower H, Unit 515, 741, District 9","Campus 4, Tower H","Campus 4, Tower H, Unit 515, 741",2,4,0.7272727272727273,61.0,ACCEPT,
915,"Indore, Wing D, 309, 889, District 16","Indore, Wing D, 309","Indore, Wing D, 309, 889",3,4,0.8888888888888888,83.0,ACCEPT,
911,"Madhopur, Wing H, 257, 741, District 12",Madhopur,"Madhopur, Wing H, 257, 741",1,4,0.3333333333333333,47.2,ACCEPT,
907,"Saket Extension, Wing D, 205, 593, District 8",Saket Extension,"Saket Extension, Wing D, 205, 593",1,4,0.5,53.8,ACCEPT,
903,"Gandhi Marg, Wing H, 153, 445, District 4","Gandhi Marg, Wing H, 153","Gandhi Marg, Wing H, 153, 445",3,4,0.9090909090909091,83.3,ACCEPT,
934,"Phase 5, Campus 15, 556, 593, District 35","Phase 5, Campus 15, 556","Phase 5, Campus 15, 556, 593",3,4,0.9090909090909091,83.9,ACCEPT,
930,"Unit 412, Campus 11, 504, 445, District 31","Unit 412, Campus 11, 504","Unit 412, Campus 11, 504, 445",3,4,0.9090909090909091,84.1,ACCEPT,
926,"452, Campus 7, 452, 297, District 27",452,"452, Campus 7, 452, 297",1,4,0.3333333333333333,34.8,ACCEPT,
922,"Business Park 8, Wing C, 400, 149, District 23","Business Park 8, Wing C, 400","Business Park 8, Wing C, 400, 149",3,4,0.9230769230769231,84.7,ACCEPT,
919,"Building 40, Wing H, 361, 38, District 20","Building 40, Wing H, 361","Building 40, Wing H, 361, 38",3,4,0.9090909090909091,86.4,ACCEPT,
4579,"248080, Tower D, Unit 423, 593, District 5","248080, Tower D, Unit 423","248080, Tower D, Unit 423, 593",3,4,0.9090909090909091,83.5,ACCEPT,
4275,"Clock Tower, Business Park 1, Plot 307, 334, District 1","Clock Tower, Business Park 1, Plot 307","Clock Tower, Business Park 1, Plot 307, 334",3,4,0.9333333333333333,85.0,ACCEPT,
4271,"Gali 12, Business Park 12, Plot 231, 186, District 72",Gali 12,"Gali 12, Business Park 12, Plot 231, 186",1,4,0.4,33.0,ACCEPT,
4267,"Phase 2, Business Park 8, Plot 155, 38, District 68",Phase 2,"Phase 2, Business Park 8, Plot 155, 38",1,4,0.4,34.2,ACCEPT,
4263,"Unit 148, Business Park 4, Plot 79, 889, District 64","Unit 148, Business Park 4, Plot 79","Unit 148, Business Park 4, Plot 79, 889",3,4,0.9333333333333333,85.4,ACCEPT,
4294,"Office 280, Near, Plot 668, 38, District 20","Office 280, Near","Office 280, Near, Plot 668, 38",2,4,0.6666666666666666,62.9,ACCEPT,
4290,"Opposite, Business Park 1, Plot 592, 889, District 16","Opposite, Business Park 1, Plot 592","Opposite, Business Park 1, Plot 592, 889",3,4,0.9230769230769231,85.5,ACCEPT,
4287,"Campus 8, Business Park 13, Plot 535, 778, District 13","Campus 8, Business Park 13","Campus 8, Business Park 13, Plot 535, 778",2,4,0.7692307692307693,66.2,ACCEPT,
4283,"201984, Business Park 9, Plot 459, 630, District 9","201984, Business Park 9, Plot 459","201984, Business Park 9, Plot 459, 630",3,4,0.9230769230769231,84.5,ACCEPT,
4279,"Tehsil 30, Business Park 5, Plot 383, 482, District 5","Tehsil 30, Business Park 5, Plot 383","Tehsil 30, Business Park 5, Plot 383, 482",3,4,0.9333333333333333,84.8,ACCEPT,
1572,"Tehsil 23, Green Park, Shop 327, 223, District 73","Tehsil 23, Green Park","Tehsil 23, Green Park, Shop 327, 223",2,4,0.7272727272727273,64.3,ACCEPT,
950,"600051, Campus 11, 764, 186, District 51","600051, Campus 11, 764","600051, Campus 11, 764, 186",3,4,0.8888888888888888,83.7,ACCEPT,
946,"Tehsil 47, Campus 7, 712, 38, District 47","Tehsil 47, Campus 7","Tehsil 47, Campus 7, 712, 38",2,4,0.8,72.5,ACCEPT,
942,"Municipal Park, Campus 3, 660, 889, District 43","Municipal Park, Campus 3","Municipal Park, Campus 3, 660, 889",2,4,0.8,72.7,ACCEPT,
961,"Office 256, Industrial Area 2, 907, 593, District 62","Office 256, Industrial Area 2","Office 256, Industrial Area 2, 907, 593",2,4,0.8333333333333334,74.0,ACCEPT,
957,"Opposite, Campus 18, 855, 445, District 58",Opposite,"Opposite, Campus 18, 855, 445",1,4,0.3333333333333333,43.9,ACCEPT,
973,"Rajendra Nagar, Industrial Area 14, 164, 38, District 74","Rajendra Nagar, Industrial Area 14","Rajendra Nagar, Industrial Area 14, 164, 38",2,4,0.8333333333333334,76.5,ACCEPT,
969,"Lake View Road, Industrial Area 10, 112, 889, District 70","Lake View Road, Industrial Area 10, 112","Lake View Road, Industrial Area 10, 112, 889",3,4,0.9333333333333333,85.9,ACCEPT,
4310,"Shivpur, Near, Plot 972, 630, District 36",Shivpur,"Shivpur, Near, Plot 972, 630",1,4,0.3333333333333333,42.3,ACCEPT,
4302,"Nehru Street, Near, Plot 820, 334, District 28","Nehru Street, Near, Plot 820","Nehru Street, Near, Plot 820, 334",3,4,0.9090909090909091,84.7,ACCEPT,
4298,"Tower C, Near, Plot 744, 186, District 24","Tower C, Near","Tower C, Near, Plot 744, 186",2,4,0.6666666666666666,59.3,ACCEPT,
4556,"894, Tower E, Unit 893, 741, District 57","894, Tower E","894, Tower E, Unit 893, 741",2,4,0.6666666666666666,58.4,ACCEPT,
4552,"Business Park 8, 13th Floor, Unit 801, 593, District 53","Business Park 8, 13th Floor","Business Park 8, 13th Floor, Unit 801, 593",2,4,0.7692307692307693,66.6,ACCEPT,
996,"Unit 931, Business Park 7, 463, 889, District 22","Unit 931, Business Park 7, 463","Unit 931, Business Park 7, 463, 889",3,4,0.9230769230769231,85.0,ACCEPT,
985,"Building 26, Industrial Area 11, 320, 482, District 11","Building 26, Industrial Area 11, 320","Building 26, Industrial Area 11, 320, 482",3,4,0.9230769230769231,85.6,ACCEPT,
1012,"Tehsil 13, Business Park 8, 671, 482, District 38","Tehsil 13, Business Park 8, 671","Tehsil 13, Business Park 8, 671, 482",3,4,0.9230769230769231,85.1,ACCEPT,
1008,"Central Mall, Business Park 4, 619, 334, District 34","Central Mall, Business Park 4, 619","Central Mall, Business Park 4, 619, 334",3,4,0.9230769230769231,85.4,ACCEPT,
1004,"Gali 15, Business Park 15, 567, 186, District 30","Gali 15, Business Park 15, 567","Gali 15, Business Park 15, 567, 186",3,4,0.9230769230769231,85.0,ACCEPT,
1000,"Phase 5, Business Park 11, 515, 38, District 26","Phase 5, Business Park 11","Phase 5, Business Park 11, 515, 38",2,4,0.8333333333333334,74.6,ACCEPT,
4322,"Business Park 3, Near, Plot 201, 75, District 48",Business Park 3,"Business Park 3, Near, Plot 201, 75",1,4,0.6,52.7,ACCEPT,
4318,"Building 79, Near, Plot 125, 926, District 44","Building 79, Near","Building 79, Near, Plot 125, 926",2,4,0.6666666666666666,62.2,ACCEPT,
4314,"Bhopal, Near, Plot 49, 778, District 40",Bhopal,"Bhopal, Near, Plot 49, 778",1,4,0.3333333333333333,41.6,ACCEPT,
1541,"Delhi, Gandhi Nagar, Shop 485, 75, District 42","Delhi, Gandhi Nagar, Shop 485","Delhi, Gandhi Nagar, Shop 485, 75",3,4,0.9090909090909091,87.0,ACCEPT,
4548,"Building 69, 9th Floor, Unit 709, 445, District 49","Building 69, 9th Floor","Building 69, 9th Floor, Unit 709, 445",2,4,0.7272727272727273,64.7,ACCEPT,
4540,"Kalyanpur, 1th Floor, Unit 525, 149, District 41","Kalyanpur, 1th Floor, Unit 525","Kalyanpur, 1th Floor, Unit 525, 149",3,4,0.9090909090909091,85.0,ACCEPT,
4536,"Ashok Vihar, 17th Floor, Unit 433, 1, District 37","Ashok Vihar, 17th Floor","Ashok Vihar, 17th Floor, Unit 433, 1",2,4,0.7272727272727273,67.8,ACCEPT,
1027,"Office 479, Near, 866, 38, District 53","Office 479, Near","Office 479, Near, 866, 38",2,4,0.75,71.1,ACCEPT,
1023,"Opposite, Business Park 4, 814, 889, District 49",Opposite,"Opposite, Business Park 4, 814, 889",1,4,0.2857142857142857,38.5,ACCEPT,
1020,"Campus 1, Business Park 1, 775, 778, District 46",Campus 1,"Campus 1, Business Park 1, 775, 778",1,4,0.4444444444444444,38.5,ACCEPT,
1464,"Ring Road, Ring Road, Shop 137, 223, District 40","Ring Road, Ring Road, Shop 137","Ring Road, Ring Road, Shop 137, 223",3,4,0.9230769230769231,85.0,ACCEPT,
4341,"Railway Station, Opposite, Plot 562, 778, District 67","Railway Station, Opposite, Plot 562","Railway Station, Opposite, Plot 562, 778",3,4,0.9090909090909091,85.5,ACCEPT,
4337,"Gali 18, Opposite, Plot 486, 630, District 63","Gali 18, Opposite","Gali 18, Opposite, Plot 486, 630",2,4,0.6666666666666666,62.2,ACCEPT,
4333,"Phase 2, Opposite, Plot 410, 482, District 59","Phase 2, Opposite, Plot 410","Phase 2, Opposite, Plot 410, 482",3,4,0.9090909090909091,84.6,ACCEPT,
4329,"Unit 667, Opposite, Plot 334, 334, District 55","Unit 667, Opposite","Unit 667, Opposite, Plot 334, 334",2,4,0.6666666666666666,62.8,ACCEPT,
1483,"Business Park 14, Gandhi Marg, Shop 346, 926, District 59","Business Park 14, Gandhi Marg","Business Park 14, Gandhi Marg, Shop 346, 926",2,4,0.7692307692307693,67.2,ACCEPT,
1479,"Building 40, Lake View Road, Shop 302, 778, District 55",Building 40,"Building 40, Lake View Road, Shop 302, 778",1,4,0.4,39.3,ACCEPT,
4528,"Tower A, 9th Floor, Unit 249, 704, District 29","Tower A, 9th Floor","Tower A, 9th Floor, Unit 249, 704",2,4,0.7272727272727273,62.8,ACCEPT,
4525,"Office 611, 6th Floor, Unit 180, 593, District 26",Office 611,"Office 611, 6th Floor, Unit 180, 593",1,4,0.4444444444444444,42.0,ACCEPT,
4519,"Business Park 5, Plot 947, Unit 42, 371, District 20","Business Park 5, Plot 947","Business Park 5, Plot 947, Unit 42, 371",2,4,0.7692307692307693,67.2,ACCEPT,
1062,"Unit 451, Opposite, 422, 334, District 13","Unit 451, Opposite, 422","Unit 451, Opposite, 422, 334",3,4,0.8888888888888888,83.9,ACCEPT,
1055,"Business Park 6, Near, 331, 75, District 6","Business Park 6, Near","Business Park 6, Near, 331, 75",2,4,0.8,72.3,ACCEPT,
1051,"Building 12, Near, 279, 926, District 2","Building 12, Near, 279","Building 12, Near, 279, 926",3,4,0.8888888888888888,82.9,ACCEPT,
1047,"Mumbai, Near, 227, 778, District 73",Mumbai,"Mumbai, Near, 227, 778",1,4,0.4,46.2,ACCEPT,
1078,"Tehsil 29, Opposite, 630, 926, District 29","Tehsil 29, Opposite, 630","Tehsil 29, Opposite, 630, 926",3,4,0.8888888888888888,84.1,ACCEPT,
1074,"Metro Station, Opposite, 578, 778, District 25",Metro Station,"Metro Station, Opposite, 578, 778",1,4,0.5714285714285714,51.0,ACCEPT,
1070,"Gali 21, Opposite, 526, 630, District 21","Gali 21, Opposite","Gali 21, Opposite, 526, 630",2,4,0.75,69.9,ACCEPT,
1066,"Phase 5, Opposite, 474, 482, District 17","Phase 5, Opposite, 474","Phase 5, Opposite, 474, 482",3,4,0.8888888888888888,83.7,ACCEPT,
1436,"District Court, Main Bazaar, Shop 328, 186, District 12","District Court, Main Bazaar","District Court, Main Bazaar, Shop 328, 186",2,4,0.7272727272727273,66.6,ACCEPT,
1432,"Gali 23, Nehru Street, Shop 284, 38, District 8","Gali 23, Nehru Street, Shop 284","Gali 23, Nehru Street, Shop 284, 38",3,4,0.9230769230769231,86.5,ACCEPT,
4353,"Campus 14, Opposite, Plot 790, 223, District 4",Campus 14,"Campus 14, Opposite, Plot 790, 223",1,4,0.5,40.4,ACCEPT,
1456,"Office 580, Main Bazaar, Shop 49, 926, District 32","Office 580, Main Bazaar","Office 580, Main Bazaar, Shop 49, 926",2,4,0.7272727272727273,66.4,ACCEPT,
1448,"Campus 9, Airport Road, Shop 460, 630, District 24","Campus 9, Airport Road, Shop 460","Campus 9, Airport Road, Shop 460, 630",3,4,0.9230769230769231,85.2,ACCEPT,
1475,"Indore, Park Road, Shop 258, 630, District 51","Indore, Park Road, Shop 258","Indore, Park Road, Shop 258, 630",3,4,0.9090909090909091,84.6,ACCEPT,
1467,"Saket Extension, College Road, Shop 170, 334, District 43","Saket Extension, College Road, Shop 170","Saket Extension, College Road, Shop 170, 334",3,4,0.9230769230769231,85.9,ACCEPT,
4371,"Gandhi Nagar, 889, Unit 634, 889, District 22","Gandhi Nagar, 889","Gandhi Nagar, 889, Unit 634, 889",2,4,0.6666666666666666,62.2,ACCEPT,
4367,"College Road, 741, Unit 542, 741, District 18","College Road, 741, Unit 542","College Road, 741, Unit 542, 741",3,4,0.9090909090909091,84.6,ACCEPT,
4363,"Tower D, 593, Unit 450, 593, District 14",Tower D,"Tower D, 593, Unit 450, 593",1,4,0.5,43.4,ACCEPT,
4359,"Office 486, 445, Unit 358, 445, District 10","Office 486, 445, Unit 358","Office 486, 445, Unit 358, 445",3,4,0.9090909090909091,84.3,ACCEPT,
1413,"Building 54, Lake View Homes, Shop 75, 334, District 64","Building 54, Lake View Homes","Building 54, Lake View Homes, Shop 75, 334",2,4,0.7692307692307693,68.1,ACCEPT,
1409,"Hyderabad, Lotus Heights, Shop 31, 186, District 60",Hyderabad,"Hyderabad, Lotus Heights, Shop 31, 186",1,4,0.2857142857142857,38.4,ACCEPT,
1405,"Lakshmipur, Lake View Homes, Shop 486, 38, District 56","Lakshmipur, Lake View Homes","Lakshmipur, Lake View Homes, Shop 486, 38",2,4,0.7272727272727273,67.8,ACCEPT,
1401,"Gandhi Nagar, Lotus Heights, Shop 442, 889, District 52","Gandhi Nagar, Lotus Heights, Shop 442","Gandhi Nagar, Lotus Heights, Shop 442, 889",3,4,0.9230769230769231,85.7,ACCEPT,
1425,"Unit 808, Park Road, Shop 207, 778, District 1","Unit 808, Park Road, Shop 207","Unit 808, Park Road, Shop 207, 778",3,4,0.9230769230769231,84.0,ACCEPT,
1421,"594, Station Road, Shop 163, 630, District 72","594, Station Road, Shop 163","594, Station Road, Shop 163, 630",3,4,0.9090909090909091,84.6,ACCEPT,
1444,"302545, Ring Road, Shop 416, 482, District 20","302545, Ring Road, Shop 416","302545, Ring Road, Shop 416, 482",3,4,0.9090909090909091,84.6,ACCEPT,
1440,"Tehsil 41, MG Road, Shop 372, 334, District 16","Tehsil 41, MG Road","Tehsil 41, MG Road, Shop 372, 334",2,4,0.7272727272727273,62.8,ACCEPT,
1351,"Business Park 2, Block H, Shop 391, 38, District 2","Business Park 2, Block H","Business Park 2, Block H, Shop 391, 38",2,4,0.7692307692307693,65.7,ACCEPT,
4387,"Business Park 8, 482, Unit 3, 482, District 38","Business Park 8, 482, Unit 3","Business Park 8, 482, Unit 3, 482",3,4,0.9230769230769231,84.7,ACCEPT,
4379,"Dehradun, 186, Unit 818, 186, District 30","Dehradun, 186, Unit 818","Dehradun, 186, Unit 818, 186",3,4,0.8888888888888888,83.9,ACCEPT,
4375,"Lakshmipur, 38, Unit 726, 38, District 26","Lakshmipur, 38, Unit 726","Lakshmipur, 38, Unit 726, 38",3,4,0.8888888888888888,86.4,ACCEPT,
1382,"Campus 3, Phase 3, Shop 233, 186, District 33","Campus 3, Phase 3, Shop 233","Campus 3, Phase 3, Shop 233, 186",3,4,0.9230769230769231,84.6,ACCEPT,
1378,"751479, Phase 5, Shop 189, 38, District 29","751479, Phase 5","751479, Phase 5, Shop 189, 38",2,4,0.6666666666666666,62.3,ACCEPT,
1370,"Metro Station, Phase 3, Shop 101, 741, District 21","Metro Station, Phase 3","Metro Station, Phase 3, Shop 101, 741",2,4,0.7272727272727273,64.7,ACCEPT,
1397,"College Road, Lake View Homes, Shop 398, 741, District 48","College Road, Lake View Homes, Shop 398","College Road, Lake View Homes, Shop 398, 741",3,4,0.9333333333333333,85.9,ACCEPT,
1394,"Tower C, Shivam Apartments, Shop 365, 630, District 45","Tower C, Shivam Apartments, Shop 365","Tower C, Shivam Apartments, Shop 365, 630",3,4,0.9230769230769231,85.6,ACCEPT,
1390,"Office 357, Pearl Residency, Shop 321, 482, District 41","Office 357, Pearl Residency, Shop 321","Office 357, Pearl Residency, Shop 321, 482",3,4,0.9230769230769231,85.7,ACCEPT,
1386,"Opposite, Phase 1, Shop 277, 334, District 37","Opposite, Phase 1, Shop 277","Opposite, Phase 1, Shop 277, 334",3,4,0.9090909090909091,84.6,ACCEPT,
1324,"Office 134, Block E, Shop 94, 38, District 50","Office 134, Block E, Shop 94","Office 134, Block E, Shop 94, 38",3,4,0.9230769230769231,86.9,ACCEPT,
1320,"Opposite, Tower A, Shop 50, 889, District 46",Opposite,"Opposite, Tower A, Shop 50, 889",1,4,0.2857142857142857,42.0,ACCEPT,
4406,"Municipal Park, 742, Unit 440, 186, District 57","Municipal Park, 742, Unit 440","Municipal Park, 742, Unit 440, 186",3,4,0.9090909090909091,84.9,ACCEPT,
4398,"Phase 1, 638, Unit 256, 889, District 49","Phase 1, 638, Unit 256","Phase 1, 638, Unit 256, 889",3,4,0.9090909090909091,83.7,ACCEPT,
4394,"Unit 164, 586, Unit 164, 741, District 45","Unit 164, 586, Unit 164","Unit 164, 586, Unit 164, 741",3,4,0.9090909090909091,83.9,ACCEPT,
1347,"Building 68, Block D, Shop 347, 889, District 73","Building 68, Block D","Building 68, Block D, Shop 347, 889",2,4,0.7272727272727273,63.8,ACCEPT,
1343,"Noida, Block H, Shop 303, 741, District 69","Noida, Block H, Shop 303","Noida, Block H, Shop 303, 741",3,4,0.9090909090909091,84.1,ACCEPT,
1339,"Lakshmipur, Block D, Shop 259, 593, District 65","Lakshmipur, Block D","Lakshmipur, Block D, Shop 259, 593",2,4,0.6666666666666666,63.3,ACCEPT,
1366,"Gali 17, Phase 5, Shop 57, 593, District 17","Gali 17, Phase 5, Shop 57","Gali 17, Phase 5, Shop 57, 593",3,4,0.9230769230769231,84.3,ACCEPT,
1359,"Unit 289, Phase 4, Shop 479, 334, District 10","Unit 289, Phase 4, Shop 479","Unit 289, Phase 4, Shop 479, 334",3,4,0.9230769230769231,84.6,ACCEPT,
1355,"635, Phase 6, Shop 435, 186, District 6",635,"635, Phase 6, Shop 435, 186",1,4,0.2857142857142857,30.4,ACCEPT,
4511,"Ahmedabad, Plot 795, Unit 857, 75, District 12","Ahmedabad, Plot 795, Unit 857","Ahmedabad, Plot 795, Unit 857, 75",3,4,0.9090909090909091,87.0,ACCEPT,
4503,"Rajendra Nagar, Plot 643, Unit 673, 778, District 4",Rajendra Nagar,"Rajendra Nagar, Plot 643, Unit 673, 778",1,4,0.4444444444444444,45.8,ACCEPT,
1092,"Office 685, 445, Shop 37, 445, District 43",Office 685,"Office 685, 445, Shop 37, 445",1,4,0.5,48.8,ACCEPT,
1086,"Campus 7, Opposite, 734, 223, District 37","Campus 7, Opposite, 734","Campus 7, Opposite, 734, 223",3,4,0.8888888888888888,83.9,ACCEPT,
1082,"122183, Opposite, 682, 75, District 33","122183, Opposite, 682","122183, Opposite, 682, 75",3,4,0.8571428571428571,85.8,ACCEPT,
1108,"Kalyanpur, 38, Shop 213, 38, District 59","Kalyanpur, 38","Kalyanpur, 38, Shop 213, 38",2,4,0.5714285714285714,60.8,ACCEPT,
1104,"Laxmi Enclave, 889, Shop 169, 889, District 55","Laxmi Enclave, 889, Shop 169","Laxmi Enclave, 889, Shop 169, 889",3,4,0.9090909090909091,84.7,ACCEPT,
1100,"MG Road, 741, Shop 125, 741, District 51","MG Road, 741","MG Road, 741, Shop 125, 741",2,4,0.6666666666666666,58.4,ACCEPT,
1096,"Tower A, 593, Shop 81, 593, District 47","Tower A, 593, Shop 81","Tower A, 593, Shop 81, 593",3,4,0.9090909090909091,83.5,ACCEPT,
4499,"Lake View Road, Plot 567, Unit 581, 630, District 75","Lake View Road, Plot 567, Unit 581","Lake View Road, Plot 567, Unit 581, 630",3,4,0.9333333333333333,85.4,ACCEPT,
4418,"Campus 19, 898, Unit 716, 630, District 69","Campus 19, 898, Unit 716","Campus 19, 898, Unit 716, 630",3,4,0.9090909090909091,84.1,ACCEPT,
4414,"462815, 846, Unit 624, 482, District 65","462815, 846, Unit 624","462815, 846, Unit 624, 482",3,4,0.8888888888888888,83.5,ACCEPT,
4410,"Tehsil 11, 794, Unit 532, 334, District 61","Tehsil 11, 794","Tehsil 11, 794, Unit 532, 334",2,4,0.6666666666666666,60.1,ACCEPT,
1300,"Gali 11, Tower E, Shop 329, 149, District 26","Gali 11, Tower E","Gali 11, Tower E, Shop 329, 149",2,4,0.7272727272727273,61.5,ACCEPT,
1293,"Unit 769, Tower F, Shop 252, 889, District 19","Unit 769, Tower F","Unit 769, Tower F, Shop 252, 889",2,4,0.7272727272727273,62.2,ACCEPT,
1316,"Campus 17, Tower E, Shop 6, 741, District 42","Campus 17, Tower E, Shop 6","Campus 17, Tower E, Shop 6, 741",3,4,0.9230769230769231,84.4,ACCEPT,
1312,"700413, Tower A, Shop 461, 593, District 38","700413, Tower A","700413, Tower A, Shop 461, 593",2,4,0.6666666666666666,60.9,ACCEPT,
1308,"Tehsil 9, Tower E, Shop 417, 445, District 34","Tehsil 9, Tower E","Tehsil 9, Tower E, Shop 417, 445",2,4,0.7272727272727273,62.2,ACCEPT,
1304,"Central Mall, Tower A, Shop 373, 297, District 30","Central Mall, Tower A, Shop 373","Central Mall, Tower A, Shop 373, 297",3,4,0.9230769230769231,85.1,ACCEPT,
1331,"Station Road, Block D, Shop 171, 297, District 57","Station Road, Block D","Station Road, Block D, Shop 171, 297",2,4,0.7272727272727273,64.3,ACCEPT,
1328,"Tower A, Block A, Shop 138, 186, District 54","Tower A, Block A, Shop 138","Tower A, Block A, Shop 138, 186",3,4,0.9230769230769231,84.4,ACCEPT,
4433,"Gandhi Marg, Shop 361, Unit 62, 186, District 9","Gandhi Marg, Shop 361, Unit 62","Gandhi Marg, Shop 361, Unit 62, 186",3,4,0.9230769230769231,84.2,ACCEPT,
4429,"Tower F, Shop 317, Unit 969, 38, District 5",Tower F,"Tower F, Shop 317, Unit 969, 38",1,4,0.4444444444444444,38.3,ACCEPT,
4425,"Office 709, Shop 273, Unit 877, 889, District 1","Office 709, Shop 273, Unit 877","Office 709, Shop 273, Unit 877, 889",3,4,0.9230769230769231,84.2,ACCEPT,
1250,"Campus 11, Unit 779, Shop 278, 297, District 51","Campus 11, Unit 779, Shop 278","Campus 11, Unit 779, Shop 278, 297",3,4,0.9230769230769231,84.9,ACCEPT,
1246,"411347, Unit 687, Shop 234, 149, District 47","411347, Unit 687, Shop 234","411347, Unit 687, Shop 234, 149",3,4,0.9090909090909091,84.4,ACCEPT,
1242,"Tehsil 43, Unit 595, Shop 190, 1, District 43","Tehsil 43, Unit 595, Shop 190","Tehsil 43, Unit 595, Shop 190, 1",3,4,0.9230769230769231,89.3,ACCEPT,
1269,"Rosewood Layout, 10th Floor, Shop 487, 1, District 70","Rosewood Layout, 10th Floor","Rosewood Layout, 10th Floor, Shop 487, 1",2,4,0.7272727272727273,69.2,ACCEPT,
1265,"Park Road, 6th Floor, Shop 443, 852, District 66","Park Road, 6th Floor, Shop 443","Park Road, 6th Floor, Shop 443, 852",3,4,0.9230769230769231,85.0,ACCEPT,
1261,"Tower F, 2th Floor, Shop 399, 704, District 62",Tower F,"Tower F, 2th Floor, Shop 399, 704",1,4,0.4444444444444444,37.8,ACCEPT,
1258,"Office 810, 19th Floor, Shop 366, 593, District 59",Office 810,"Office 810, 19th Floor, Shop 366, 593",1,4,0.4444444444444444,41.2,ACCEPT,
1281,"Building 2, 2th Floor, Shop 120, 445, District 7",Building 2,"Building 2, 2th Floor, Shop 120, 445",1,4,0.4444444444444444,40.8,ACCEPT,
1273,"Lakshmipur, 14th Floor, Shop 32, 149, District 74","Lakshmipur, 14th Floor, Shop 32","Lakshmipur, 14th Floor, Shop 32, 149",3,4,0.9090909090909091,85.1,ACCEPT,
4422,"Opposite, 950, Unit 808, 778, District 73","Opposite, 950","Opposite, 950, Unit 808, 778",2,4,0.5714285714285714,59.3,ACCEPT,
1192,"Office 587, Plot 671, Shop 139, 149, District 68","Office 587, Plot 671","Office 587, Plot 671, Shop 139, 149",2,4,0.7272727272727273,63.8,ACCEPT,
4449,"Building 50, Shop 38, Unit 430, 778, District 25","Building 50, Shop 38, Unit 430","Building 50, Shop 38, Unit 430, 778",3,4,0.9230769230769231,85.0,ACCEPT,
4445,"Lucknow, Shop 493, Unit 338, 630, District 21","Lucknow, Shop 493, Unit 338","Lucknow, Shop 493, Unit 338, 630",3,4,0.9090909090909091,84.6,ACCEPT,
4441,"Lakshmipur, Shop 449, Unit 246, 482, District 17","Lakshmipur, Shop 449, Unit 246","Lakshmipur, Shop 449, Unit 246, 482",3,4,0.9090909090909091,85.0,ACCEPT,
1219,"Business Park 5, Plot 185, Shop 436, 149, District 20","Business Park 5, Plot 185, Shop 436","Business Park 5, Plot 185, Shop 436, 149",3,4,0.9333333333333333,85.5,ACCEPT,
1215,"Building 16, Plot 109, Shop 392, 1, District 16","Building 16, Plot 109, Shop 392","Building 16, Plot 109, Shop 392, 1",3,4,0.9230769230769231,89.5,ACCEPT,
1211,"Ahmedabad, Plot 33, Shop 348, 852, District 12","Ahmedabad, Plot 33, Shop 348","Ahmedabad, Plot 33, Shop 348, 852",3,4,0.9090909090909091,84.7,ACCEPT,
1207,"Lakshmipur, Plot 956, Shop 304, 704, District 8","Lakshmipur, Plot 956","Lakshmipur, Plot 956, Shop 304, 704",2,4,0.6666666666666666,62.6,ACCEPT,
1238,"Municipal Park, Unit 503, Shop 146, 852, District 39","Municipal Park, Unit 503, Shop 146","Municipal Park, Unit 503, Shop 146, 852",3,4,0.9230769230769231,85.4,ACCEPT,
1230,"Phase 1, Unit 319, Shop 58, 556, District 31","Phase 1, Unit 319, Shop 58","Phase 1, Unit 319, Shop 58, 556",3,4,0.9230769230769231,84.4,ACCEPT,
1223,"717, Unit 158, Shop 480, 297, District 24","717, Unit 158, Shop 480","717, Unit 158, Shop 480, 297",3,4,0.9090909090909091,83.9,ACCEPT,
4437,"Saket Extension, Shop 405, Unit 154, 334, District 13","Saket Extension, Shop 405","Saket Extension, Shop 405, Unit 154, 334",2,4,0.7272727272727273,65.9,ACCEPT,
1160,"Unit 707, Office 942, Shop 286, 963, District 36",Unit 707,"Unit 707, Office 942, Shop 286, 963",1,4,0.4444444444444444,38.5,ACCEPT,
4468,"Gali 29, Office 541, Unit 867, 482, District 44","Gali 29, Office 541","Gali 29, Office 541, Unit 867, 482",2,4,0.7272727272727273,63.3,ACCEPT,
4464,"Phase 1, Office 473, Unit 775, 334, District 40",Phase 1,"Phase 1, Office 473, Unit 775, 334",1,4,0.4444444444444444,37.1,ACCEPT,
4460,"Unit 683, Office 405, Unit 683, 186, District 36","Unit 683, Office 405","Unit 683, Office 405, Unit 683, 186",2,4,0.7272727272727273,63.8,ACCEPT,
4457,"506, Office 354, Unit 614, 75, District 33","506, Office 354, Unit 614","506, Office 354, Unit 614, 75",3,4,0.9090909090909091,86.5,ACCEPT,
1188,"Opposite, Office 519, Shop 95, 1, District 64","Opposite, Office 519, Shop 95","Opposite, Office 519, Shop 95, 1",3,4,0.9090909090909091,89.3,ACCEPT,
1184,"Campus 5, Office 451, Shop 51, 852, District 60","Campus 5, Office 451","Campus 5, Office 451, Shop 51, 852",2,4,0.7272727272727273,65.2,ACCEPT,
1180,"440281, Office 383, Shop 7, 704, District 56",440281,"440281, Office 383, Shop 7, 704",1,4,0.2857142857142857,37.0,ACCEPT,
1176,"Tehsil 27, Office 315, Shop 462, 556, District 52","Tehsil 27, Office 315, Shop 462","Tehsil 27, Office 315, Shop 462, 556",3,4,0.9230769230769231,85.1,ACCEPT,
1203,"Rajendra Nagar, Plot 880, Shop 260, 556, District 4","Rajendra Nagar, Plot 880, Shop 260","Rajendra Nagar, Plot 880, Shop 260, 556",3,4,0.9230769230769231,84.6,ACCEPT,
4480,"440881, Office 745, Unit 144, 926, District 56","440881, Office 745, Unit 144","440881, Office 745, Unit 144, 926",3,4,0.9090909090909091,84.7,ACCEPT,
4476,"Tehsil 27, Office 677, Unit 52, 778, District 52","Tehsil 27, Office 677","Tehsil 27, Office 677, Unit 52, 778",2,4,0.7272727272727273,65.6,ACCEPT,
4472,"Central Mall, Office 609, Unit 959, 630, District 48","Central Mall, Office 609","Central Mall, Office 609, Unit 959, 630",2,4,0.7272727272727273,65.5,ACCEPT,
1157,"758, Office 891, Shop 253, 852, District 33",758,"758, Office 891, Shop 253, 852",1,4,0.2857142857142857,29.5,ACCEPT,
1155,"Opposite, 732, Shop 231, 778, District 31","Opposite, 732, Shop 231","Opposite, 732, Shop 231, 778",3,4,0.8888888888888888,83.9,ACCEPT,
1151,"Campus 12, 680, Shop 187, 630, District 27","Campus 12, 680","Campus 12, 680, Shop 187, 630",2,4,0.6666666666666666,60.1,ACCEPT,
1147,"400248, 628, Shop 143, 482, District 23","400248, 628, Shop 143","400248, 628, Shop 143, 482",3,4,0.8888888888888888,83.5,ACCEPT,
1143,"Tehsil 44, 576, Shop 99, 334, District 19",Tehsil 44,"Tehsil 44, 576, Shop 99, 334",1,4,0.5,47.5,ACCEPT,
1172,"District Court, Office 247, Shop 418, 408, District 48","District Court, Office 247, Shop 418","District Court, Office 247, Shop 418, 408",3,4,0.9230769230769231,85.6,ACCEPT,
1168,"Gali 29, Office 179, Shop 374, 260, District 44","Gali 29, Office 179","Gali 29, Office 179, Shop 374, 260",2,4,0.7272727272727273,63.3,ACCEPT,
4495,"Tower H, Plot 491, Unit 489, 482, District 71","Tower H, Plot 491, Unit 489","Tower H, Plot 491, Unit 489, 482",3,4,0.9230769230769231,84.6,ACCEPT,
4492,"Office 949, Plot 434, Unit 420, 371, District 68",Office 949,"Office 949, Plot 434, Unit 420, 371",1,4,0.4444444444444444,42.8,ACCEPT,
4488,"Opposite, Office 881, Unit 328, 223, District 64","Opposite, Office 881, Unit 328","Opposite, Office 881, Unit 328, 223",3,4,0.9090909090909091,85.0,ACCEPT,
1120,"Business Park 11, 482, Shop 345, 482, District 71",Business Park 11,"Business Park 11, 482, Shop 345, 482",1,4,0.6,53.5,ACCEPT,
1116,"Building 77, 334, Shop 301, 334, District 67","Building 77, 334","Building 77, 334, Shop 301, 334",2,4,0.6666666666666666,61.5,ACCEPT,
1112,"Kolkata, 186, Shop 257, 186, District 63","Kolkata, 186","Kolkata, 186, Shop 257, 186",2,4,0.5714285714285714,58.4,ACCEPT,
1139,"Clock Tower, 524, Shop 55, 186, District 15","Clock Tower, 524, Shop 55","Clock Tower, 524, Shop 55, 186",3,4,0.9090909090909091,84.3,ACCEPT,
1135,"Gali 26, 472, Shop 11, 38, District 11",Gali 26,"Gali 26, 472, Shop 11, 38",1,4,0.5,45.6,ACCEPT,
1131,"Phase 4, 420, Shop 466, 889, District 7","Phase 4, 420, Shop 466","Phase 4, 420, Shop 466, 889",3,4,0.9090909090909091,82.9,ACCEPT,
1127,"Unit 947, 368, Shop 422, 741, District 3",Unit 947,"Unit 947, 368, Shop 422, 741",1,4,0.5,43.8,ACCEPT,
4484,"Campus 5, Office 813, Unit 236, 75, District 60",Campus 5,"Campus 5, Office 813, Unit 236, 75",1,4,0.4444444444444444,39.3,ACCEPT,
3509,"Lake View Road, Block F, Plot 738, 963, District 60","Lake View Road, Block F","Lake View Road, Block F, Plot 738, 963",2,4,0.7692307692307693,65.1,ACCEPT,
27,"Building 28, 1, 452, 1, District 28","Building 28, 1","Building 28, 1, 452, 1",2,4,0.75,71.9,ACCEPT,
52,"Kalyanpur, Shop 74, 777, 926, District 53","Kalyanpur, Shop 74","Kalyanpur, Shop 74, 777, 926",2,4,0.75,70.4,ACCEPT,
48,"Krishna Colony, Shop 30, 725, 778, District 49","Krishna Colony, Shop 30","Krishna Colony, Shop 30, 725, 778",2,4,0.8,72.4,ACCEPT,
44,"Ring Road, Shop 485, 673, 630, District 45","Ring Road, Shop 485","Ring Road, Shop 485, 673, 630",2,4,0.8,70.8,ACCEPT,
40,"Tower A, Shop 441, 621, 482, District 41","Tower A, Shop 441, 621","Tower A, Shop 441, 621, 482",3,4,0.9090909090909091,83.7,ACCEPT,
68,"985, Office 358, 985, 519, District 69","985, Office 358","985, Office 358, 985, 519",2,4,0.75,68.7,ACCEPT,
64,"Business Park 5, Shop 206, 933, 371, District 65",Business Park 5,"Business Park 5, Shop 206, 933, 371",1,4,0.6,52.7,ACCEPT,
60,"Building 61, Shop 162, 881, 223, District 61",Building 61,"Building 61, Shop 162, 881, 223",1,4,0.5,48.9,ACCEPT,
83,"Clock Tower, Office 613, 281, 75, District 9","Clock Tower, Office 613","Clock Tower, Office 613, 281, 75",2,4,0.8,72.9,ACCEPT,
3451,"Lakshmipur, 12th Floor, Plot 635, 815, District 2","Lakshmipur, 12th Floor","Lakshmipur, 12th Floor, Plot 635, 815",2,4,0.6666666666666666,63.5,ACCEPT,
3447,"Saket Extension, 8th Floor, Plot 559, 667, District 73","Saket Extension, 8th Floor","Saket Extension, 8th Floor, Plot 559, 667",2,4,0.7272727272727273,66.2,ACCEPT,
3525,"Building 6, Block F, Plot 43, 556, District 1","Building 6, Block F, Plot 43","Building 6, Block F, Plot 43, 556",3,4,0.9230769230769231,83.9,ACCEPT,
3521,"Delhi, Block B, Plot 966, 408, District 72","Delhi, Block B, Plot 966","Delhi, Block B, Plot 966, 408",3,4,0.9090909090909091,84.1,ACCEPT,
3517,"Lakshmipur, Block F, Plot 890, 260, District 68","Lakshmipur, Block F, Plot 890","Lakshmipur, Block F, Plot 890, 260",3,4,0.9090909090909091,84.9,ACCEPT,
3513,"Rajendra Nagar, Block B, Plot 814, 112, District 64","Rajendra Nagar, Block B","Rajendra Nagar, Block B, Plot 814, 112",2,4,0.7272727272727273,65.1,ACCEPT,
3478,"Gali 29, Tower G, Plot 149, 815, District 29",Gali 29,"Gali 29, Tower G, Plot 149, 815",1,4,0.4444444444444444,39.5,ACCEPT,
3474,"Phase 1, Tower C, Plot 73, 667, District 25",Phase 1,"Phase 1, Tower C, Plot 73, 667",1,4,0.4444444444444444,40.4,ACCEPT,
3471,"Unit 913, Tower H, Plot 16, 556, District 22","Unit 913, Tower H, Plot 16","Unit 913, Tower H, Plot 16, 556",3,4,0.9230769230769231,84.4,ACCEPT,
3467,"222, Tower D, Plot 939, 408, District 18",222,"222, Tower D, Plot 939, 408",1,4,0.2857142857142857,31.5,ACCEPT,
3494,"Campus 15, Tower G, Plot 453, 408, District 45",Campus 15,"Campus 15, Tower G, Plot 453, 408",1,4,0.4444444444444444,42.4,ACCEPT,
3490,"600791, Tower C, Plot 377, 260, District 41","600791, Tower C","600791, Tower C, Plot 377, 260",2,4,0.6666666666666666,60.9,ACCEPT,
3486,"Tehsil 37, Tower G, Plot 301, 112, District 37","Tehsil 37, Tower G, Plot 301","Tehsil 37, Tower G, Plot 301, 112",3,4,0.9230769230769231,84.7,ACCEPT,
3482,"Metro Station, Tower C, Plot 225, 963, District 33","Metro Station, Tower C, Plot 225","Metro Station, Tower C, Plot 225, 963",3,4,0.9230769230769231,85.2,ACCEPT,
1,"114, 38, 114, 38, Delhi","114, 38, 114","114, 38, 114, 38",3,4,0.8571428571428571,75.8,ACCEPT,
3561,"Industrial Area 7, Phase 4, Plot 727, 889, Delhi","Industrial Area 7, Phase 4, Plot 727","Industrial Area 7, Phase 4, Plot 727, 889",3,4,0.9333333333333333,77.6,ACCEPT,
3381,"Gandhi Nagar, Office 941, Plot 304, 223, Delhi","Gandhi Nagar, Office 941","Gandhi Nagar, Office 941, Plot 304, 223",2,4,0.7272727272727273,55.8,ACCEPT,
3581,"Railway Station, Lake View Homes, Plot 108, 630, Delhi","Railway Station, Lake View Homes","Railway Station, Lake View Homes, Plot 108, 630",2,4,0.7692307692307693,58.3,ACCEPT,
3341,"Block F, Shop 325, Plot 543, 741, Delhi","Block F, Shop 325","Block F, Shop 325, Plot 543, 741",2,4,0.7272727272727273,52.5,ACCEPT,
3361,"Wing B, Shop 46, Plot 923, 482, Delhi","Wing B, Shop 46, Plot 923","Wing B, Shop 46, Plot 923, 482",3,4,0.9230769230769231,76.2,ACCEPT,
3121,"Gandhi Market, Campus 2, Office 117, 593, Delhi","Gandhi Market, Campus 2, Office 117","Gandhi Market, Campus 2, Office 117, 593",3,4,0.9230769230769231,77.5,ACCEPT,
3601,"Office 186, Station Road, Plot 488, 371, Delhi","Office 186, Station Road, Plot 488","Office 186, Station Road, Plot 488, 371",3,4,0.9230769230769231,77.4,ACCEPT,
1101,"Station Road, 778, Shop 136, 778, Delhi","Station Road, 778","Station Road, 778, Shop 136, 778",2,4,0.6666666666666666,52.5,ACCEPT,
4501,"Gali 2, Plot 605, Unit 627, 704, Delhi","Gali 2, Plot 605","Gali 2, Plot 605, Unit 627, 704",2,4,0.7272727272727273,51.9,ACCEPT,
1341,"Tehsil 42, Block F, Shop 281, 667, Delhi","Tehsil 42, Block F, Shop 281","Tehsil 42, Block F, Shop 281, 667",3,4,0.9230769230769231,76.7,ACCEPT,
4381,"110782, 260, Unit 864, 260, Delhi","110782, 260","110782, 260, Unit 864, 260",2,4,0.5714285714285714,47.8,ACCEPT,
1321,"926, Block B, Shop 61, 926, Delhi",926,"926, Block B, Shop 61, 926",1,4,0.2857142857142857,23.3,ACCEPT,
1361,"Tower B, Phase 6, Shop 2, 408, Delhi","Tower B, Phase 6, Shop 2","Tower B, Phase 6, Shop 2, 408",3,4,0.9230769230769231,76.1,ACCEPT,
181,"Sector 83, 2th Floor, 656, 704, Delhi","Sector 83, 2th Floor, 656","Sector 83, 2th Floor, 656, 704",3,4,0.9090909090909091,76.2,ACCEPT,
1461,"Block F, Station Road, Shop 104, 112, Delhi","Block F, Station Road, Shop 104","Block F, Station Road, Shop 104, 112",3,4,0.9230769230769231,77.1,ACCEPT,
4541,"Post Madhopur, 2th Floor, Unit 548, 186, Delhi","Post Madhopur, 2th Floor","Post Madhopur, 2th Floor, Unit 548, 186",2,4,0.7272727272727273,55.8,ACCEPT,
1441,"District 17, Station Road, Shop 383, 371, Delhi",District 17,"District 17, Station Road, Shop 383, 371",1,4,0.4444444444444444,32.3,ACCEPT,
4361,"Unit 404, 519, Unit 404, 519, Delhi","Unit 404, 519, Unit 404","Unit 404, 519, Unit 404, 519",3,4,0.9090909090909091,75.9,ACCEPT,
4521,"Opposite, Plot 985, Unit 88, 445, Delhi","Opposite, Plot 985, Unit 88","Opposite, Plot 985, Unit 88, 445",3,4,0.9090909090909091,76.6,ACCEPT,
4461,"2th Floor, Office 422, Unit 706, 223, Delhi","2th Floor, Office 422, Unit 706","2th Floor, Office 422, Unit 706, 223",3,4,0.9230769230769231,77.1,ACCEPT,
1221,"Opposite, Plot 223, Shop 458, 223, Delhi","Opposite, Plot 223","Opposite, Plot 223, Shop 458, 223",2,4,0.6666666666666666,53.1,ACCEPT,
361,"Business Park 2, Station Road, 299, 371, Delhi","Business Park 2, Station Road, 299","Business Park 2, Station Road, 299, 371",3,4,0.9230769230769231,77.4,ACCEPT,
2961,"Delhi, Delhi, Office 993, 667, District 37","Delhi, Delhi, Office 993, 667",Delhi,4,1,0.3333333333333333,36.0,REVIEW,low_plausibility_and_reference_disagrees
341,"Lake View Homes, Station Road, 938, 630, Delhi",Lake View Homes,"Lake View Homes, Station Road, 938, 630",1,4,0.6,39.8,ACCEPT,
4581,"Building 22, Tower F, Unit 469, 667, Delhi","Building 22, Tower F","Building 22, Tower F, Unit 469, 667",2,4,0.7272727272727273,54.1,ACCEPT,
1621,"Office 688, Railway Station, Shop 367, 38, Delhi","Office 688, Railway Station","Office 688, Railway Station, Shop 367, 38",2,4,0.7272727272727273,58.1,ACCEPT,
4261,"Office 618, Business Park 2, Plot 41, 815, Delhi","Office 618, Business Park 2, Plot 41","Office 618, Business Park 2, Plot 41, 815",3,4,0.9333333333333333,77.6,ACCEPT,
321,"Delhi, Lotus Heights, 678, 889, Delhi","Delhi, Lotus Heights","Delhi, Lotus Heights, 678, 889",2,4,0.75,61.6,ACCEPT,
1581,"Industrial Area 7, Gandhi Nagar, Shop 426, 556, Delhi",Industrial Area 7,"Industrial Area 7, Gandhi Nagar, Shop 426, 556",1,4,0.5454545454545454,37.7,ACCEPT,
3021,"Railway Station, Opposite, Office 215, 889, Delhi","Railway Station, Opposite","Railway Station, Opposite, Office 215, 889",2,4,0.6666666666666666,53.9,ACCEPT,
4561,"2th Floor, Tower B, Unit 9, 926, Delhi","2th Floor, Tower B","2th Floor, Tower B, Unit 9, 926",2,4,0.7272727272727273,55.8,ACCEPT,
3101,"Near, Wing F, Office 676, 852, Delhi","Near, Wing F, Office 676","Near, Wing F, Office 676, 852",3,4,0.9090909090909091,76.1,ACCEPT,
1481,"Campus 2, Station Road, Shop 324, 852, Delhi","Campus 2, Station Road","Campus 2, Station Road, Shop 324, 852",2,4,0.7272727272727273,55.0,ACCEPT,
1041,"City Hospital, Near, 149, 556, Delhi","City Hospital, Near, 149","City Hospital, Near, 149, 556",3,4,0.8888888888888888,76.1,ACCEPT,
1021,"Industrial Area 2, Business Park 2, 788, 815, Delhi","Industrial Area 2, Business Park 2, 788","Industrial Area 2, Business Park 2, 788, 815",3,4,0.9333333333333333,77.8,ACCEPT,
2921,"Sector 51, Delhi, Office 313, 186, 110222","Sector 51, Delhi, Office 313",Sector 51,3,1,0.5714285714285714,49.7,REVIEW,low_plausibility_and_reference_disagrees
4281,"Delhi, Business Park 7, Plot 421, 556, Delhi","Delhi, Business Park 7, Plot 421","Delhi, Business Park 7, Plot 421, 556",3,4,0.9230769230769231,77.2,ACCEPT,
3721,"110122, Gandhi Nagar, Plot 770, 815, Delhi",110122,"110122, Gandhi Nagar, Plot 770, 815",1,4,0.2857142857142857,25.5,ACCEPT,
221,"Delhi, Tower F, 277, 186, Delhi","Delhi, Tower F","Delhi, Tower F, 277, 186",2,4,0.75,58.4,ACCEPT,
201,"Shop 216, Tower B, 916, 445, Delhi","Shop 216, Tower B","Shop 216, Tower B, 916, 445",2,4,0.8,60.2,ACCEPT,
1001,"Lotus Heights, Business Park 12, 528, 75, Delhi","Lotus Heights, Business Park 12, 528","Lotus Heights, Business Park 12, 528, 75",3,4,0.9230769230769231,80.2,ACCEPT,
1201,"Gali 2, Plot 842, Shop 238, 482, Delhi",Gali 2,"Gali 2, Plot 842, Shop 238, 482",1,4,0.4444444444444444,28.2,ACCEPT,
4481,"Opposite, Office 762, Unit 167, 963, Delhi","Opposite, Office 762, Unit 167","Opposite, Office 762, Unit 167, 963",3,4,0.9090909090909091,77.0,ACCEPT,
3461,"Campus 2, 2th Floor, Plot 825, 186, Delhi","Campus 2, 2th Floor","Campus 2, 2th Floor, Plot 825, 186",2,4,0.7272727272727273,53.6,ACCEPT,
3441,"Phase 4, 2th Floor, Plot 445, 445, Delhi",Phase 4,"Phase 4, 2th Floor, Plot 445, 445",1,4,0.4444444444444444,29.1,ACCEPT,
3421,"District 47, Unit 762, Plot 65, 704, Delhi","District 47, Unit 762","District 47, Unit 762, Plot 65, 704",2,4,0.7272727272727273,55.9,ACCEPT,
101,"515, Plot 921, 515, 741, Delhi","515, Plot 921, 515","515, Plot 921, 515, 741",3,4,0.8888888888888888,74.7,ACCEPT,
21,"Tehsil 22, 778, 374, 778, Delhi",Tehsil 22,"Tehsil 22, 778, 374, 778",1,4,0.5714285714285714,42.9,ACCEPT,
4121,"Campus 2, Opposite, Plot 378, 630, Delhi","Campus 2, Opposite, Plot 378","Campus 2, Opposite, Plot 378, 630",3,4,0.9090909090909091,76.7,ACCEPT,
2021,"Tower F, Campus 2, Shop 276, 852, Delhi","Tower F, Campus 2","Tower F, Campus 2, Shop 276, 852",2,4,0.7272727272727273,52.5,ACCEPT,
1981,"371, Wing F, Shop 335, 371, Delhi","371, Wing F","371, Wing F, Shop 335, 371",2,4,0.6666666666666666,47.8,ACCEPT,
4141,"Gandhi Nagar, Building 62, Plot 758, 371, Delhi","Gandhi Nagar, Building 62","Gandhi Nagar, Building 62, Plot 758, 371",2,4,0.7272727272727273,56.2,ACCEPT,
2001,"Post Rajapur, Wing B, Shop 56, 112, Delhi","Post Rajapur, Wing B, Shop 56","Post Rajapur, Wing B, Shop 56, 112",3,4,0.9230769230769231,76.8,ACCEPT,
1821,"Unit 925, Delhi, Shop 72, 445, District 22","Unit 925, Delhi",Unit 925,2,1,0.8,76.9,ACCEPT,
741,"Gandhi Nagar, Delhi, 744, 445, Delhi","Gandhi Nagar, Delhi",Gandhi Nagar,2,1,0.8,78.0,REVIEW,low_plausibility_and_reference_disagrees
2261,"Railway Station, Shop 421, Office 780, 741, Delhi","Railway Station, Shop 421","Railway Station, Shop 421, Office 780, 741",2,4,0.7272727272727273,53.9,ACCEPT,
4001,"Tower B, Delhi, Plot 96, 186, Delhi","Tower B, Delhi",Tower B,2,1,0.8,73.8,ACCEPT,
2301,"Delhi, Plot 763, Office 561, 223, Delhi","Delhi, Plot 763, Office 561","Delhi, Plot 763, Office 561, 223",3,4,0.9090909090909091,76.6,ACCEPT,
4101,"Block F, Opposite, Plot 997, 889, Delhi","Block F, Opposite, Plot 997","Block F, Opposite, Plot 997, 889",3,4,0.9090909090909091,76.6,ACCEPT,
2141,"Wing F, Near, Shop 99, 297, Delhi","Wing F, Near, Shop 99","Wing F, Near, Shop 99, 297",3,4,0.9090909090909091,75.5,ACCEPT,
781,"Tehsil 32, Delhi, 365, 926, Delhi","Tehsil 32, Delhi, 365, 926",Tehsil 32,4,1,0.5714285714285714,40.4,ACCEPT,
2321,"Station Road, Unit 437, Office 901, 963, Delhi",Station Road,"Station Road, Unit 437, Office 901, 963",1,4,0.4444444444444444,34.7,ACCEPT,
2341,"Business Park 2, Unit 897, Office 342, 704, Delhi","Business Park 2, Unit 897, Office 342","Business Park 2, Unit 897, Office 342, 704",3,4,0.9333333333333333,77.7,ACCEPT,
4241,"Sector 84, Industrial Area 12, Plot 660, 75, Delhi","Sector 84, Industrial Area 12","Sector 84, Industrial Area 12, Plot 660, 75",2,4,0.7692307692307693,58.7,ACCEPT,
4221,"Industrial Area 7, Campus 2, Plot 280, 334, Delhi",Industrial Area 7,"Industrial Area 7, Campus 2, Plot 280, 334",1,4,0.5454545454545454,40.6,ACCEPT,
2721,"Gandhi Nagar, City Hospital, Office 509, 778, Delhi",Gandhi Nagar,"Gandhi Nagar, City Hospital, Office 509, 778",1,4,0.4444444444444444,31.5,ACCEPT,
2041,"Building 42, Campus 2, Shop 496, 593, Delhi",Building 42,"Building 42, Campus 2, Shop 496, 593",1,4,0.4444444444444444,35.2,ACCEPT,
861,"Shop 490, Building 62, 506, 889, Delhi","Shop 490, Building 62, 506","Shop 490, Building 62, 506, 889",3,4,0.9090909090909091,76.4,ACCEPT,
3841,"Station Road, Gandhi Market, Plot 53, 260, Delhi",Station Road,"Station Road, Gandhi Market, Plot 53, 260",1,4,0.4444444444444444,33.3,ACCEPT,
901,"Phase 2, Wing F, 127, 371, Delhi","Phase 2, Wing F","Phase 2, Wing F, 127, 371",2,4,0.8,59.1,ACCEPT,
881,"District 57, Building 2, 766, 630, Delhi","District 57, Building 2","District 57, Building 2, 766, 630",2,4,0.8,62.7,ACCEPT,
1881,"Opposite, Delhi, Shop 233, 667, Delhi","Opposite, Delhi",Opposite,2,1,0.6666666666666666,75.6,ACCEPT,
1841,"Opposite, Delhi, Shop 292, 186, Delhi","Opposite, Delhi, Shop 292",Opposite,3,1,0.4,49.7,ACCEPT,
4841,"Delhi, Gandhi Nagar, Unit 455, 297, Delhi","Delhi, Gandhi Nagar","Delhi, Gandhi Nagar, Unit 455, 297",2,4,0.6666666666666666,53.6,ACCEPT,
2741,"673, Gandhi Market, Office 849, 519, Delhi","673, Gandhi Market, Office 849","673, Gandhi Market, Office 849, 519",3,4,0.9090909090909091,77.0,ACCEPT,
3821,"Opposite, Railway Station, Plot 672, 519, Delhi","Opposite, Railway Station, Plot 672","Opposite, Railway Station, Plot 672, 519",3,4,0.9090909090909091,77.5,ACCEPT,
1161,"2th Floor, Office 959, Shop 297, 1, Delhi","2th Floor, Office 959, Shop 297","2th Floor, Office 959, Shop 297, 1",3,4,0.9230769230769231,82.9,ACCEPT,
461,"Near, Gandhi Nagar, 700, 75, Delhi",Near,"Near, Gandhi Nagar, 700, 75",1,4,0.3333333333333333,25.7,ACCEPT,
3861,"Opposite, Gandhi Market, Plot 433, 1, Delhi","Opposite, Gandhi Market, Plot 433","Opposite, Gandhi Market, Plot 433, 1",3,4,0.9090909090909091,83.0,ACCEPT,
4681,"Wing B, Lotus Heights, Unit 771, 371, Delhi","Wing B, Lotus Heights, Unit 771","Wing B, Lotus Heights, Unit 771, 371",3,4,0.9230769230769231,77.1,ACCEPT,
581,"Post Madhopur, Gandhi Market, 462, 519, Delhi","Post Madhopur, Gandhi Market","Post Madhopur, Gandhi Market, 462, 519",2,4,0.8,64.2,ACCEPT,
2421,"Station Road, Block F, Office 803, 667, Delhi","Station Road, Block F","Station Road, Block F, Office 803, 667",2,4,0.7272727272727273,52.2,ACCEPT,
1121,"Near, 519, Shop 356, 519, Delhi","Near, 519","Near, 519, Shop 356, 519",2,4,0.5714285714285714,45.5,ACCEPT,
1141,"Lakshmipur, 550, Shop 77, 260, Delhi","Lakshmipur, 550","Lakshmipur, 550, Shop 77, 260",2,4,0.5714285714285714,52.6,ACCEPT,
61,"Wing F, Shop 173, 894, 260, Delhi","Wing F, Shop 173, 894","Wing F, Shop 173, 894, 260",3,4,0.9090909090909091,75.5,ACCEPT,
4721,"342, Station Road, Unit 692, 852, Delhi","342, Station Road","342, Station Road, Unit 692, 852",2,4,0.6666666666666666,52.5,ACCEPT,
4701,"Gandhi Nagar, Station Road, Unit 232, 112, Delhi","Gandhi Nagar, Station Road, Unit 232","Gandhi Nagar, Station Road, Unit 232, 112",3,4,0.9230769230769231,77.6,ACCEPT,
2621,"Gali 12, Gandhi Nagar, Office 607, 75, Delhi",Gali 12,"Gali 12, Gandhi Nagar, Office 607, 75",1,4,0.4444444444444444,26.5,ACCEPT,
2441,"Near, Block B, Office 244, 408, Delhi","Near, Block B","Near, Block B, Office 244, 408",2,4,0.6666666666666666,47.0,ACCEPT,
2481,"Unit 121, Lotus Heights, Office 924, 889, Delhi",Unit 121,"Unit 121, Lotus Heights, Office 924, 889",1,4,0.4444444444444444,26.8,ACCEPT,
2241,"Industrial Area 7, 466, Office 440, 1, Delhi","Industrial Area 7, 466, Office 440","Industrial Area 7, 466, Office 440, 1",3,4,0.9230769230769231,83.1,ACCEPT,
4021,"Wing F, Delhi, Plot 476, 926, 110422","Wing F, Delhi",Wing F,2,1,0.8,72.6,ACCEPT,
2561,"Post Madhopur, Station Road, Office 486, 852, Delhi",Post Madhopur,"Post Madhopur, Station Road, Office 486, 852",1,4,0.4444444444444444,33.0,ACCEPT,
1633,"Rajendra Nagar, City Hospital, Shop 499, 482, Chandigarh","Rajendra Nagar, City Hospital","Rajendra Nagar, City Hospital, Shop 499, 482",2,4,0.7272727272727273,66.0,ACCEPT,
4253,"Wing F, Industrial Area 9, Plot 888, 519, Chandigarh","Wing F, Industrial Area 9, Plot 888","Wing F, Industrial Area 9, Plot 888, 519",3,4,0.9333333333333333,84.7,ACCEPT,
333,"Shop 171, Gandhi Marg, 834, 334, Chandigarh","Shop 171, Gandhi Marg, 834","Shop 171, Gandhi Marg, 834, 334",3,4,0.9090909090909091,83.6,ACCEPT,
353,"Chandigarh, Gandhi Marg, 195, 75, Chandigarh","Chandigarh, Gandhi Marg","Chandigarh, Gandhi Marg, 195, 75",2,4,0.75,72.9,ACCEPT,
373,"Phase 2, Gandhi Marg, 455, 815, Chandigarh","Phase 2, Gandhi Marg, 455","Phase 2, Gandhi Marg, 455, 815",3,4,0.9090909090909091,83.5,ACCEPT,
3253,"City Centre, Opposite, Office 563, 482, Chandigarh","City Centre, Opposite, Office 563","City Centre, Opposite, Office 563, 482",3,4,0.9090909090909091,84.5,ACCEPT,
3593,"Campus 14, Lotus Heights, Plot 336, 75, Chandigarh","Campus 14, Lotus Heights, Plot 336","Campus 14, Lotus Heights, Plot 336, 75",3,4,0.9230769230769231,86.8,ACCEPT,
3373,"Tower F, Office 805, Plot 152, 926, Chandigarh",Tower F,"Tower F, Office 805, Plot 152, 926",1,4,0.4444444444444444,35.9,ACCEPT,
3113,"Lotus Heights, Campus 14, Office 880, 297, Chandigarh",Lotus Heights,"Lotus Heights, Campus 14, Office 880, 297",1,4,0.4444444444444444,42.4,ACCEPT,
4513,"160014, Plot 833, Unit 903, 149, Chandigarh","160014, Plot 833","160014, Plot 833, Unit 903, 149",2,4,0.6666666666666666,60.4,ACCEPT,
1093,"Plot 788, 482, Shop 48, 482, Chandigarh","Plot 788, 482, Shop 48","Plot 788, 482, Shop 48, 482",3,4,0.9090909090909091,82.9,ACCEPT,
3573,"Block F, Lake View Homes, Plot 955, 334, Chandigarh",Block F,"Block F, Lake View Homes, Plot 955, 334",1,4,0.4,32.5,ACCEPT,
4573,"Lakshmipur, Tower F, Unit 285, 371, Chandigarh","Lakshmipur, Tower F, Unit 285","Lakshmipur, Tower F, Unit 285, 371",3,4,0.9090909090909091,84.0,ACCEPT,
233,"433, Block B, 433, 630, Chandigarh",433,"433, Block B, 433, 630",1,4,0.3333333333333333,34.5,ACCEPT,
213,"Rajendra Nagar, Tower F, 173, 889, Chandigarh","Rajendra Nagar, Tower F, 173","Rajendra Nagar, Tower F, 173, 889",3,4,0.9090909090909091,83.9,ACCEPT,
3013,"Phase 2, Opposite, Office 978, 593, Chandigarh","Phase 2, Opposite","Phase 2, Opposite, Office 978, 593",2,4,0.6666666666666666,58.4,ACCEPT,
1013,"District 39, Business Park 9, 684, 519, Chandigarh",District 39,"District 39, Business Park 9, 684, 519",1,4,0.4444444444444444,41.2,ACCEPT,
1433,"Rajendra Nagar, Gandhi Marg, Shop 295, 75, Chandigarh","Rajendra Nagar, Gandhi Marg, Shop 295","Rajendra Nagar, Gandhi Marg, Shop 295, 75",3,4,0.9230769230769231,87.0,ACCEPT,
1453,"815, Gandhi Marg, Shop 16, 815, Chandigarh","815, Gandhi Marg, Shop 16","815, Gandhi Marg, Shop 16, 815",3,4,0.9090909090909091,83.5,ACCEPT,
1473,"Tehsil 24, Gandhi Marg, Shop 236, 556, Chandigarh","Tehsil 24, Gandhi Marg","Tehsil 24, Gandhi Marg, Shop 236, 556",2,4,0.7272727272727273,63.5,ACCEPT,
1213,"160314, Plot 71, Shop 370, 926, Chandigarh",160314,"160314, Plot 71, Shop 370, 926",1,4,0.2857142857142857,36.7,ACCEPT,
1333,"Gali 14, Block F, Shop 193, 371, Chandigarh",Gali 14,"Gali 14, Block F, Shop 193, 371",1,4,0.4444444444444444,38.3,ACCEPT,
4533,"Gandhi Marg, 14th Floor, Unit 364, 889, Chandigarh","Gandhi Marg, 14th Floor, Unit 364","Gandhi Marg, 14th Floor, Unit 364, 889",3,4,0.9230769230769231,84.5,ACCEPT,
1053,"Campus 14, Near, 305, 1, Chandigarh","Campus 14, Near","Campus 14, Near, 305, 1",2,4,0.75,71.4,ACCEPT,
3153,"City Hospital, Industrial Area 4, Office 661, 778, Chandigarh","City Hospital, Industrial Area 4, Office 661","City Hospital, Industrial Area 4, Office 661, 778",3,4,0.9333333333333333,85.4,ACCEPT,
1033,"Phase 2, Near, 944, 260, Chandigarh","Phase 2, Near","Phase 2, Near, 944, 260",2,4,0.75,66.2,ACCEPT,
173,"Block F, 14th Floor, 552, 408, Chandigarh","Block F, 14th Floor, 552","Block F, 14th Floor, 552, 408",3,4,0.9090909090909091,83.3,ACCEPT,
4553,"Near, 14th Floor, Unit 824, 630, Chandigarh","Near, 14th Floor","Near, 14th Floor, Unit 824, 630",2,4,0.6666666666666666,60.4,ACCEPT,
993,"Shop 445, Business Park 4, 424, 778, Chandigarh",Shop 445,"Shop 445, Business Park 4, 424, 778",1,4,0.4444444444444444,37.4,ACCEPT,
913,"Tehsil 14, Wing B, 283, 815, Chandigarh","Tehsil 14, Wing B","Tehsil 14, Wing B, 283, 815",2,4,0.8,68.8,ACCEPT,
2253,"Phase 4, Shop 333, Office 644, 445, Chandigarh","Phase 4, Shop 333","Phase 4, Shop 333, Office 644, 445",2,4,0.7272727272727273,58.4,ACCEPT,
2333,"Chandigarh, Unit 713, Office 206, 408, Chandigarh","Chandigarh, Unit 713","Chandigarh, Unit 713, Office 206, 408",2,4,0.6666666666666666,60.1,ACCEPT,
2313,"Shop 494, Unit 253, Office 765, 667, Chandigarh",Shop 494,"Shop 494, Unit 253, Office 765, 667",1,4,0.4444444444444444,37.4,ACCEPT,
773,"Gali 24, Chandigarh, 261, 630, Chandigarh","Gali 24, Chandigarh",Gali 24,2,1,0.8,64.5,ACCEPT,
733,"14th Floor, Chandigarh, 640, 149, Chandigarh","14th Floor, Chandigarh, 640, 149",14th Floor,4,1,0.5714285714285714,44.4,ACCEPT,
753,"Building 34, Chandigarh, 900, 889, Chandigarh","Building 34, Chandigarh",Building 34,2,1,0.8,70.0,ACCEPT,
2013,"Opposite, Wing F, Shop 188, 556, Chandigarh","Opposite, Wing F","Opposite, Wing F, Shop 188, 556",2,4,0.6666666666666666,60.4,ACCEPT,
4113,"Post Rajapur, Opposite, Plot 226, 334, Chandigarh","Post Rajapur, Opposite","Post Rajapur, Opposite, Plot 226, 334",2,4,0.6666666666666666,63.5,ACCEPT,
2153,"Tower B, Opposite, Shop 231, 741, Chandigarh","Tower B, Opposite, Shop 231","Tower B, Opposite, Shop 231, 741",3,4,0.9090909090909091,83.8,ACCEPT,
2233,"District 59, 362, Office 304, 704, Chandigarh","District 59, 362, Office 304","District 59, 362, Office 304, 704",3,4,0.9090909090909091,83.9,ACCEPT,
2213,"Shop 392, 102, Office 863, 963, Chandigarh","Shop 392, 102, Office 863","Shop 392, 102, Office 863, 963",3,4,0.9090909090909091,83.5,ACCEPT,
3813,"City Centre, Railway Station, Plot 520, 223, Chandigarh",City Centre,"City Centre, Railway Station, Plot 520, 223",1,4,0.4444444444444444,37.5,ACCEPT,
4273,"Rajendra Nagar, Business Park 14, Plot 269, 260, Chandigarh","Rajendra Nagar, Business Park 14","Rajendra Nagar, Business Park 14, Plot 269, 260",2,4,0.7692307692307693,66.8,ACCEPT,
873,"Rajendra Nagar, Building 74, 662, 334, Chandigarh",Rajendra Nagar,"Rajendra Nagar, Building 74, 662, 334",1,4,0.5,47.7,ACCEPT,
1873,"160074, Chandigarh, Shop 145, 371, Chandigarh","160074, Chandigarh, Shop 145, 371",160074,4,1,0.3333333333333333,34.3,ACCEPT,
1833,"City Hospital, Chandigarh, Shop 204, 889, District 34","City Hospital, Chandigarh, Shop 204",City Hospital,3,1,0.5714285714285714,55.3,REVIEW,low_plausibility_and_reference_disagrees
1853,"Plot 243, Chandigarh, Shop 424, 630, Chandigarh","Plot 243, Chandigarh, Shop 424, 630",Plot 243,4,1,0.5,37.4,ACCEPT,
2713,"14th Floor, City Hospital, Office 373, 482, Chandigarh","14th Floor, City Hospital, Office 373","14th Floor, City Hospital, Office 373, 482",3,4,0.9230769230769231,84.9,ACCEPT,
2753,"Gali 24, City Centre, Office 154, 963, Chandigarh","Gali 24, City Centre, Office 154","Gali 24, City Centre, Office 154, 963",3,4,0.9230769230769231,84.4,ACCEPT,
2733,"Building 14, Railway Station, Office 713, 223, Chandigarh",Building 14,"Building 14, Railway Station, Office 713, 223",1,4,0.4444444444444444,36.2,ACCEPT,
893,"922, Wing F, 922, 75, Chandigarh","922, Wing F, 922","922, Wing F, 922, 75",3,4,0.8888888888888888,83.9,ACCEPT,
3833,"Plot 900, City Centre, Plot 900, 963, Chandigarh","Plot 900, City Centre","Plot 900, City Centre, Plot 900, 963",2,4,0.7272727272727273,63.1,ACCEPT,
4233,"Block B, Industrial Area 4, Plot 508, 778, Chandigarh","Block B, Industrial Area 4","Block B, Industrial Area 4, Plot 508, 778",2,4,0.7692307692307693,65.1,ACCEPT,
2113,"260, Near, Shop 290, 260, Chandigarh","260, Near, Shop 290","260, Near, Shop 290, 260",3,4,0.8888888888888888,82.2,ACCEPT,
4093,"593, Opposite, Plot 845, 593, Chandigarh","593, Opposite, Plot 845","593, Opposite, Plot 845, 593",3,4,0.8888888888888888,83.1,ACCEPT,
2033,"Madhopur, Campus 14, Shop 408, 297, Chandigarh","Madhopur, Campus 14, Shop 408","Madhopur, Campus 14, Shop 408, 297",3,4,0.9090909090909091,84.0,ACCEPT,
853,"Wing F, Opposite, 402, 593, Chandigarh","Wing F, Opposite","Wing F, Opposite, 402, 593",2,4,0.75,68.2,ACCEPT,
1993,"Gandhi Marg, Wing B, Shop 467, 815, Chandigarh","Gandhi Marg, Wing B","Gandhi Marg, Wing B, Shop 467, 815",2,4,0.7272727272727273,62.1,ACCEPT,
4133,"Tower F, Building 54, Plot 606, 75, Chandigarh",Tower F,"Tower F, Building 54, Plot 606, 75",1,4,0.4444444444444444,35.9,ACCEPT,
4033,"14th Floor, Chandigarh, Plot 704, 371, 160434","14th Floor, Chandigarh, Plot 704, 371",14th Floor,4,1,0.5,34.3,ACCEPT,
4713,"Building 74, Gandhi Marg, Unit 508, 556, Chandigarh",Building 74,"Building 74, Gandhi Marg, Unit 508, 556",1,4,0.4444444444444444,40.4,ACCEPT,
2573,"Near, Gandhi Marg, Office 690, 297, Chandigarh","Near, Gandhi Marg, Office 690","Near, Gandhi Marg, Office 690, 297",3,4,0.9090909090909091,84.0,ACCEPT,
3853,"160254, City Centre, Plot 281, 704, Chandigarh","160254, City Centre","160254, City Centre, Plot 281, 704",2,4,0.6666666666666666,62.1,ACCEPT,
593,"Near, City Centre, 618, 963, Chandigarh","Near, City Centre, 618","Near, City Centre, 618, 963",3,4,0.8888888888888888,82.9,ACCEPT,
2433,"Chandigarh, Block B, Office 108, 112, Chandigarh","Chandigarh, Block B, Office 108","Chandigarh, Block B, Office 108, 112",3,4,0.9090909090909091,84.3,ACCEPT,
4053,"Building 54, Chandigarh, Plot 85, 112, District 4","Building 54, Chandigarh, Plot 85, 112",Building 54,4,1,0.5,42.0,ACCEPT,
2273,"Campus 14, Shop 54, Office 984, 186, Chandigarh","Campus 14, Shop 54","Campus 14, Shop 54, Office 984, 186",2,4,0.7272727272727273,59.0,ACCEPT,
2293,"Sector 17, Plot 611, Office 425, 926, Chandigarh","Sector 17, Plot 611, Office 425","Sector 17, Plot 611, Office 425, 926",3,4,0.9230769230769231,84.3,ACCEPT,
4013,"Madhopur, Chandigarh, Plot 324, 630, Chandigarh","Madhopur, Chandigarh",Madhopur,2,1,0.6666666666666666,67.9,REVIEW,low_plausibility_and_reference_disagrees
4673,"Post Madhopur, Lotus Heights, Unit 587, 75, Chandigarh","Post Madhopur, Lotus Heights","Post Madhopur, Lotus Heights, Unit 587, 75",2,4,0.7272727272727273,67.0,ACCEPT,
2453,"Gandhi Marg, Phase 6, Office 448, 852, Chandigarh",Gandhi Marg,"Gandhi Marg, Phase 6, Office 448, 852",1,4,0.4444444444444444,42.0,ACCEPT,
33,"Opposite, 223, 530, 223, Chandigarh","Opposite, 223","Opposite, 223, 530, 223",2,4,0.6666666666666666,66.2,ACCEPT,
3453,"Tehsil 4, 14th Floor, Plot 673, 889, Chandigarh","Tehsil 4, 14th Floor, Plot 673","Tehsil 4, 14th Floor, Plot 673, 889",3,4,0.9230769230769231,84.2,ACCEPT,
3353,"Post Madhopur, Shop 457, Plot 771, 186, Chandigarh","Post Madhopur, Shop 457, Plot 771","Post Madhopur, Shop 457, Plot 771, 186",3,4,0.9230769230769231,84.5,ACCEPT,
3413,"Rajendra Nagar, Unit 578, Plot 912, 408, Chandigarh","Rajendra Nagar, Unit 578, Plot 912","Rajendra Nagar, Unit 578, Plot 912, 408",3,4,0.9230769230769231,84.6,ACCEPT,
3393,"Building 34, Office 246, Plot 532, 667, Chandigarh",Building 34,"Building 34, Office 246, Plot 532, 667",1,4,0.4444444444444444,41.2,ACCEPT,
3553,"District 29, Phase 2, Plot 575, 593, Chandigarh",District 29,"District 29, Phase 2, Plot 575, 593",1,4,0.4444444444444444,43.7,ACCEPT,
3433,"149, 14th Floor, Plot 293, 149, Chandigarh",149,"149, 14th Floor, Plot 293, 149",1,4,0.2857142857142857,28.3,ACCEPT,
13,"Gali 14, 482, 270, 482, Chandigarh","Gali 14, 482","Gali 14, 482, 270, 482",2,4,0.75,65.5,ACCEPT,
93,"Building 14, Office 783, 411, 445, Chandigarh","Building 14, Office 783, 411","Building 14, Office 783, 411, 445",3,4,0.9090909090909091,83.9,ACCEPT,
4493,"Unit 443, Plot 453, Unit 443, 408, Chandigarh","Unit 443, Plot 453","Unit 443, Plot 453, Unit 443, 408",2,4,0.7272727272727273,61.6,ACCEPT,
1173,"City Centre, Office 264, Shop 429, 445, Chandigarh","City Centre, Office 264, Shop 429","City Centre, Office 264, Shop 429, 445",3,4,0.9230769230769231,84.5,ACCEPT,
1153,"Business Park 14, 706, Shop 209, 704, Chandigarh","Business Park 14, 706, Shop 209","Business Park 14, 706, Shop 209, 704",3,4,0.9230769230769231,84.3,ACCEPT,
4473,"City Centre, Office 626, Unit 982, 667, Chandigarh","City Centre, Office 626","City Centre, Office 626, Unit 982, 667",2,4,0.7272727272727273,64.0,ACCEPT,
1193,"Unit 467, Plot 690, Shop 150, 186, Chandigarh","Unit 467, Plot 690, Shop 150","Unit 467, Plot 690, Shop 150, 186",3,4,0.9230769230769231,83.9,ACCEPT,
1133,"Gandhi Marg, 446, Shop 488, 963, Chandigarh","Gandhi Marg, 446","Gandhi Marg, 446, Shop 488, 963",2,4,0.6666666666666666,60.4,ACCEPT,
1526,"Tower G, Ashok Vihar, Shop 320, 519, District 27","Tower G, Ashok Vihar, Shop 320, 519",Tower G,4,1,0.4444444444444444,36.3,ACCEPT,
3716,"Post Shivpur, Ashok Vihar, Plot 675, 630, Kochi","Post Shivpur, Ashok Vihar",Post Shivpur,2,1,0.6666666666666666,69.5,REVIEW,low_plausibility_and_reference_disagrees
1546,"Wing C, Ashok Vihar, Shop 41, 260, Pune","Wing C, Ashok Vihar, Shop 41",Wing C,3,1,0.5,39.4,ACCEPT,
1556,"Plot 594, Ashok Vihar, Shop 151, 630, 682657","Plot 594, Ashok Vihar, Shop 151",Plot 594,3,1,0.5,44.0,ACCEPT,
3726,"Industrial Area 7, Ashok Vihar, Plot 865, 1, 411127","Industrial Area 7, Ashok Vihar, Plot 865",Industrial Area 7,3,1,0.6,51.0,ACCEPT,
3746,"Metro Station, Ashok Vihar, Plot 246, 741, District 72","Metro Station, Ashok Vihar, Plot 246, 741",Metro Station,4,1,0.4444444444444444,43.6,REVIEW,low_plausibility_and_reference_disagrees
3706,"Phase 5, Ashok Vihar, Plot 485, 260, Maharashtra","Phase 5, Ashok Vihar, Plot 485",Phase 5,3,1,0.5,46.8,ACCEPT,
476,"Gali 27, Ashok Vihar, 895, 630, District 27","Gali 27, Ashok Vihar, 895",Gali 27,3,1,0.5714285714285714,52.1,ACCEPT,
3736,"17th Floor, Ashok Vihar, Plot 56, 371, Kochi","17th Floor, Ashok Vihar, Plot 56",17th Floor,3,1,0.5,46.6,ACCEPT,
456,"Building 57, Ashok Vihar, 635, 889, District 7","Building 57, Ashok Vihar, 635, 889",Building 57,4,1,0.5,44.7,ACCEPT,
3756,"Building 77, Ashok Vihar, Plot 436, 112, Kerala","Building 77, Ashok Vihar",Building 77,2,1,0.6666666666666666,68.9,ACCEPT,
486,"Maharashtra, Ashok Vihar, 126, 1, 411487","Maharashtra, Ashok Vihar, 126, 1",Maharashtra,4,1,0.3333333333333333,40.6,REVIEW,low_plausibility_and_reference_disagrees
2646,"Unit 919, Ashok Vihar, Office 133, 1, District 22","Unit 919, Ashok Vihar, Office 133",Unit 919,3,1,0.5,44.9,ACCEPT,
2616,"Block A, Ashok Vihar, Office 522, 889, Kochi","Block A, Ashok Vihar, Office 522",Block A,3,1,0.5,39.5,ACCEPT,
1566,"Ashok Vihar, Ashok Vihar, Shop 261, 1, Pune","Ashok Vihar, Ashok Vihar",Ashok Vihar,2,1,0.6666666666666666,67.1,REVIEW,low_plausibility_and_reference_disagrees
4846,"Wing G, Ashok Vihar, Unit 570, 482, 411347","Wing G, Ashok Vihar, Unit 570",Wing G,3,1,0.5,40.7,ACCEPT,
4796,"Sunrise Towers, Ashok Vihar, Unit 419, 630, 682297","Sunrise Towers, Ashok Vihar",Sunrise Towers,2,1,0.6666666666666666,71.7,ACCEPT,
436,"17th Floor, Ashok Vihar, 375, 149, 682437","17th Floor, Ashok Vihar, 375",17th Floor,3,1,0.5714285714285714,52.3,ACCEPT,
446,"Municipal Park, Ashok Vihar, 505, 519, Maharashtra","Municipal Park, Ashok Vihar, 505, 519",Municipal Park,4,1,0.5,48.8,ACCEPT,
4786,"260, Ashok Vihar, Unit 189, 260, Pune","260, Ashok Vihar, Unit 189, 260",260,4,1,0.2857142857142857,18.4,ACCEPT,
2636,"Campus 17, Ashok Vihar, Office 862, 630, Kerala","Campus 17, Ashok Vihar",Campus 17,2,1,0.6666666666666666,67.2,ACCEPT,
2656,"Sector 83, Ashok Vihar, Office 303, 371, 682857","Sector 83, Ashok Vihar, Office 303, 371",Sector 83,4,1,0.4444444444444444,31.0,REVIEW,low_plausibility_and_reference_disagrees
1536,"Gandhi Market, Ashok Vihar, Shop 430, 889, 682637","Gandhi Market, Ashok Vihar, Shop 430",Gandhi Market,3,1,0.5,50.0,ACCEPT,
466,"Office 831, Ashok Vihar, 765, 260, Maharashtra","Office 831, Ashok Vihar, 765",Office 831,3,1,0.5714285714285714,56.5,ACCEPT,
4826,"Tower C, Ashok Vihar, Unit 110, 741, Maharashtra","Tower C, Ashok Vihar, Unit 110, 741",Tower C,4,1,0.4444444444444444,36.3,ACCEPT,
4806,"Tehsil 7, Ashok Vihar, Unit 649, 1, Maharashtra","Tehsil 7, Ashok Vihar, Unit 649",Tehsil 7,3,1,0.5,46.8,ACCEPT,
4816,"Business Park 2, Ashok Vihar, Unit 879, 371, District 17","Business Park 2, Ashok Vihar, Unit 879",Business Park 2,3,1,0.6,56.1,REVIEW,low_plausibility_and_reference_disagrees
4836,"Gandhi Market, Ashok Vihar, Unit 340, 112, Kochi","Gandhi Market, Ashok Vihar, Unit 340",Gandhi Market,3,1,0.5,48.9,ACCEPT,
1576,"682677, Ashok Vihar, Shop 371, 371, District 2","682677, Ashok Vihar, Shop 371, 371",682677,4,1,0.2857142857142857,33.6,ACCEPT,
483,"Tehsil 34, Rajendra Nagar, 986, 889, District 34","Tehsil 34, Rajendra Nagar, 986",Tehsil 34,3,1,0.5714285714285714,51.8,ACCEPT,
1583,"Near, Rajendra Nagar, Shop 448, 630, 201984","Near, Rajendra Nagar, Shop 448",Near,3,1,0.3333333333333333,34.2,ACCEPT,
1563,"Gandhi Marg, Rajendra Nagar, Shop 228, 889, Uttar Pradesh","Gandhi Marg, Rajendra Nagar, Shop 228, 889",Gandhi Marg,4,1,0.4444444444444444,41.3,ACCEPT,
3753,"Chandigarh, Rajendra Nagar, Plot 379, 1, 160154","Chandigarh, Rajendra Nagar, Plot 379, 1",Chandigarh,4,1,0.2857142857142857,32.9,REVIEW,low_plausibility_and_reference_disagrees
3733,"Office 632, Rajendra Nagar, Plot 998, 260, Chandigarh","Office 632, Rajendra Nagar, Plot 998, 260",Office 632,4,1,0.4444444444444444,37.0,ACCEPT,
2613,"Unit 160, Rajendra Nagar, Office 471, 778, Chandigarh","Unit 160, Rajendra Nagar, Office 471, 778",Unit 160,4,1,0.4444444444444444,33.2,ACCEPT,
1573,"District 74, Rajendra Nagar, Shop 338, 260, Chandigarh","District 74, Rajendra Nagar, Shop 338, 260",District 74,4,1,0.4444444444444444,38.2,ACCEPT,
1543,"201944, Rajendra Nagar, Shop 8, 149, Uttar Pradesh","201944, Rajendra Nagar",201944,2,1,0.5,59.0,ACCEPT,
2643,"Shop 132, Rajendra Nagar, Office 981, 889, Noida","Shop 132, Rajendra Nagar, Office 981",Shop 132,3,1,0.5,38.5,ACCEPT,
3743,"Gali 24, Rajendra Nagar, Plot 189, 630, District 69","Gali 24, Rajendra Nagar",Gali 24,2,1,0.6666666666666666,60.9,ACCEPT,
1553,"512, Rajendra Nagar, Shop 118, 519, District 54","512, Rajendra Nagar, Shop 118",512,3,1,0.3333333333333333,36.2,ACCEPT,
2623,"Sector 50, Rajendra Nagar, Office 641, 149, Noida","Sector 50, Rajendra Nagar, Office 641, 149",Sector 50,4,1,0.4444444444444444,27.5,REVIEW,low_plausibility_and_reference_disagrees
3713,"City Hospital, Rajendra Nagar, Plot 618, 519, Chandigarh","City Hospital, Rajendra Nagar, Plot 618, 519",City Hospital,4,1,0.4444444444444444,40.2,REVIEW,low_plausibility_and_reference_disagrees
493,"Business Park 14, Rajendra Nagar, 217, 260, Chandigarh","Business Park 14, Rajendra Nagar, 217",Business Park 14,3,1,0.6666666666666666,58.2,REVIEW,low_plausibility_and_reference_disagrees
473,"Lotus Heights, Rajendra Nagar, 856, 519, Chandigarh","Lotus Heights, Rajendra Nagar, 856",Lotus Heights,3,1,0.5714285714285714,55.6,ACCEPT,
3703,"4th Floor, Rajendra Nagar, Plot 428, 149, 201404","4th Floor, Rajendra Nagar, Plot 428",4th Floor,3,1,0.5,42.6,ACCEPT,
3723,"Building 44, Rajendra Nagar, Plot 808, 889, District 49","Building 44, Rajendra Nagar, Plot 808",Building 44,3,1,0.5,49.4,ACCEPT,
4803,"City Centre, Rajendra Nagar, Unit 580, 889, 201604","City Centre, Rajendra Nagar, Unit 580",City Centre,3,1,0.5,45.1,ACCEPT,
4813,"Wing F, Rajendra Nagar, Unit 810, 260, Chandigarh","Wing F, Rajendra Nagar, Unit 810",Wing F,3,1,0.5,41.7,ACCEPT,
4823,"Plot 729, Rajendra Nagar, Unit 41, 630, 201624","Plot 729, Rajendra Nagar, Unit 41, 630",Plot 729,4,1,0.4444444444444444,29.7,ACCEPT,
463,"149, Rajendra Nagar, 726, 149, 201764","149, Rajendra Nagar",149,2,1,0.5,47.0,ACCEPT,
2653,"Gandhi Marg, Rajendra Nagar, Office 252, 260, 160854","Gandhi Marg, Rajendra Nagar, Office 252",Gandhi Marg,3,1,0.5,43.4,ACCEPT,
2673,"Opposite, Rajendra Nagar, Office 592, 1, District 49","Opposite, Rajendra Nagar",Opposite,2,1,0.5,62.6,ACCEPT,
2663,"Noida, Rajendra Nagar, Office 422, 630, Uttar Pradesh","Noida, Rajendra Nagar, Office 422",Noida,3,1,0.3333333333333333,40.4,REVIEW,low_plausibility_and_reference_disagrees
4843,"201644, Rajendra Nagar, Unit 501, 371, District 44","201644, Rajendra Nagar",201644,2,1,0.5,59.0,ACCEPT,
453,"Chandigarh, Rajendra Nagar, 596, 778, Chandigarh","Chandigarh, Rajendra Nagar",Chandigarh,2,1,0.5,63.1,REVIEW,low_plausibility_and_reference_disagrees
4793,"Tower B, Rajendra Nagar, Unit 350, 519, District 69","Tower B, Rajendra Nagar, Unit 350",Tower B,3,1,0.5,44.1,ACCEPT,
433,"Office 270, Rajendra Nagar, 336, 38, District 59","Office 270, Rajendra Nagar, 336, 38",Office 270,4,1,0.5,42.8,ACCEPT,
443,"Gali 24, Rajendra Nagar, 466, 408, Uttar Pradesh","Gali 24, Rajendra Nagar, 466",Gali 24,3,1,0.5714285714285714,50.1,ACCEPT,
1523,"Plot 966, Rajendra Nagar, Shop 287, 408, Noida","Plot 966, Rajendra Nagar, Shop 287, 408",Plot 966,4,1,0.4444444444444444,27.4,ACCEPT,
1533,"Rajendra Nagar, Rajendra Nagar, Shop 397, 778, District 34","Rajendra Nagar, Rajendra Nagar, Shop 397",Rajendra Nagar,3,1,0.5,52.4,REVIEW,low_plausibility_and_reference_disagrees
2633,"Opposite, Rajendra Nagar, Office 811, 519, 160834","Opposite, Rajendra Nagar",Opposite,2,1,0.5,61.6,ACCEPT,
2625,"Sadar Market, Vijay Nagar, Office 675, 223, 226826","Sadar Market, Vijay Nagar",Sadar Market,2,1,0.6666666666666666,70.6,ACCEPT,
2657,"City Hospital, Saket Extension, Office 320, 408, District 33","City Hospital, Saket Extension",City Hospital,2,1,0.6666666666666666,68.0,REVIEW,low_plausibility_and_reference_disagrees
2659,"Lakshmipur, Rosewood Layout, Office 354, 482, Uttarakhand","Lakshmipur, Rosewood Layout",Lakshmipur,2,1,0.5,64.8,REVIEW,low_plausibility_and_reference_disagrees
4824,"Unit 64, Laxmi Enclave, Unit 64, 667, District 25","Unit 64, Laxmi Enclave, Unit 64",Unit 64,3,1,0.5,45.8,ACCEPT,
2637,"Industrial Area 13, Saket Extension, Office 879, 667, 800838","Industrial Area 13, Saket Extension, Office 879",Industrial Area 13,3,1,0.6,48.7,ACCEPT,
2639,"Near, Rosewood Layout, Office 913, 741, Dehradun","Near, Rosewood Layout, Office 913",Near,3,1,0.3333333333333333,34.0,ACCEPT,
2640,"Opposite, Shanti Nagar, Office 930, 778, Maharashtra","Opposite, Shanti Nagar, Office 930",Opposite,3,1,0.3333333333333333,45.6,ACCEPT,
1527,"Block H, Saket Extension, Shop 331, 556, Mumbai","Block H, Saket Extension",Block H,2,1,0.6666666666666666,57.8,ACCEPT,
3699,"Shop 271, Rosewood Layout, Plot 352, 1, 248100","Shop 271, Rosewood Layout",Shop 271,2,1,0.6666666666666666,58.5,ACCEPT,
1535,"City Library, Vijay Nagar, Shop 419, 852, Madhya Pradesh","City Library, Vijay Nagar",City Library,2,1,0.6666666666666666,72.4,REVIEW,low_plausibility_and_reference_disagrees
1534,"Sector 50, Laxmi Enclave, Shop 408, 815, Bhopal","Sector 50, Laxmi Enclave, Shop 408",Sector 50,3,1,0.5,43.5,ACCEPT,
1529,"Lotus Heights, Rosewood Layout, Shop 353, 630, 500630","Lotus Heights, Rosewood Layout",Lotus Heights,2,1,0.6666666666666666,65.5,ACCEPT,
1537,"Lakshmipur, Saket Extension, Shop 441, 926, District 38","Lakshmipur, Saket Extension, Shop 441",Lakshmipur,3,1,0.3333333333333333,47.4,REVIEW,low_plausibility_and_reference_disagrees
1520,"982, Shanti Nagar, Shop 254, 297, Maharashtra","982, Shanti Nagar",982,2,1,0.5,53.7,ACCEPT,
1519,"260, Rosewood Layout, Shop 243, 260, Dehradun","260, Rosewood Layout, Shop 243",260,3,1,0.3333333333333333,33.1,ACCEPT,
1539,"Tehsil 40, Rosewood Layout, Shop 463, 1, Uttarakhand","Tehsil 40, Rosewood Layout, Shop 463, 1",Tehsil 40,4,1,0.4444444444444444,37.6,ACCEPT,
445,"Sector 50, Vijay Nagar, 492, 482, Lucknow","Sector 50, Vijay Nagar, 492, 482",Sector 50,4,1,0.5,38.0,REVIEW,low_plausibility_and_reference_disagrees
439,"Phase 2, Rosewood Layout, 414, 260, Uttarakhand","Phase 2, Rosewood Layout, 414",Phase 2,3,1,0.5714285714285714,47.7,ACCEPT,
464,"739, Laxmi Enclave, 739, 186, District 15","739, Laxmi Enclave, 739, 186",739,4,1,0.3333333333333333,30.8,ACCEPT,
467,"Plot 882, Saket Extension, 778, 297, 400468","Plot 882, Saket Extension, 778",Plot 882,3,1,0.5714285714285714,45.0,ACCEPT,
465,"Shop 126, Vijay Nagar, 752, 223, Lucknow","Shop 126, Vijay Nagar, 752",Shop 126,3,1,0.5714285714285714,50.5,ACCEPT,
470,"Tower G, Shanti Nagar, 817, 408, Tamil Nadu","Tower G, Shanti Nagar, 817, 408",Tower G,4,1,0.5,38.3,ACCEPT,
469,"10th Floor, Rosewood Layout, 804, 371, Hyderabad","10th Floor, Rosewood Layout, 804",10th Floor,3,1,0.5714285714285714,50.5,ACCEPT,
447,"New Market, Saket Extension, 518, 556, 400448","New Market, Saket Extension, 518",New Market,3,1,0.5714285714285714,47.7,ACCEPT,
440,"Green Residency, Shanti Nagar, 427, 297, 440441","Green Residency, Shanti Nagar, 427",Green Residency,3,1,0.5714285714285714,56.1,ACCEPT,
4790,"Plot 102, Shanti Nagar, Unit 281, 408, Chennai","Plot 102, Shanti Nagar",Plot 102,2,1,0.6666666666666666,63.9,ACCEPT,
4787,"301, Saket Extension, Unit 212, 297, Maharashtra","301, Saket Extension, Unit 212",301,3,1,0.3333333333333333,35.6,ACCEPT,
450,"Tehsil 1, Shanti Nagar, 557, 667, Tamil Nadu","Tehsil 1, Shanti Nagar",Tehsil 1,2,1,0.6666666666666666,63.1,ACCEPT,
449,"Post Madhopur, Rosewood Layout, 544, 630, Hyderabad","Post Madhopur, Rosewood Layout",Post Madhopur,2,1,0.6666666666666666,64.5,REVIEW,low_plausibility_and_reference_disagrees
4825,"6th Floor, Vijay Nagar, Unit 87, 704, Lucknow","6th Floor, Vijay Nagar, Unit 87",6th Floor,3,1,0.5,47.4,ACCEPT,
4815,"Industrial Area 1, Vijay Nagar, Unit 856, 334, 452316","Industrial Area 1, Vijay Nagar, Unit 856, 334",Industrial Area 1,4,1,0.5454545454545454,40.1,ACCEPT,
4817,"Near, Saket Extension, Unit 902, 408, Patna","Near, Saket Extension",Near,2,1,0.5,50.9,ACCEPT,
4805,"Post Madhopur, Vijay Nagar, Unit 626, 963, Lucknow","Post Madhopur, Vijay Nagar, Unit 626, 963",Post Madhopur,4,1,0.4444444444444444,38.4,REVIEW,low_plausibility_and_reference_disagrees
4807,"District 8, Saket Extension, Unit 672, 38, 400308","District 8, Saket Extension, Unit 672",District 8,3,1,0.5,42.0,ACCEPT,
4809,"Telangana, Rosewood Layout, Unit 718, 112, Hyderabad","Telangana, Rosewood Layout, Unit 718, 112",Telangana,4,1,0.2857142857142857,34.0,REVIEW,low_plausibility_and_reference_disagrees
430,"926, Shanti Nagar, 297, 926, Chennai","926, Shanti Nagar, 297",926,3,1,0.4,38.8,ACCEPT,
434,"Plot 255, Laxmi Enclave, 349, 75, Bhopal","Plot 255, Laxmi Enclave, 349, 75",Plot 255,4,1,0.5,34.0,ACCEPT,
4797,"College Road, Saket Extension, Unit 442, 667, District 73","College Road, Saket Extension",College Road,2,1,0.6666666666666666,66.4,ACCEPT,
4794,"Block C, Laxmi Enclave, Unit 373, 556, Bhopal","Block C, Laxmi Enclave",Block C,2,1,0.6666666666666666,60.4,ACCEPT,
4795,"Phase 2, Vijay Nagar, Unit 396, 593, Madhya Pradesh","Phase 2, Vijay Nagar, Unit 396",Phase 2,3,1,0.5,48.7,ACCEPT,
4804,"Kalyanpur, Laxmi Enclave, Unit 603, 926, District 5","Kalyanpur, Laxmi Enclave, Unit 603",Kalyanpur,3,1,0.3333333333333333,47.1,ACCEPT,
4800,"Shanti Nagar, Shanti Nagar, Unit 511, 778, District 1","Shanti Nagar, Shanti Nagar",Shanti Nagar,2,1,0.6666666666666666,69.9,REVIEW,low_plausibility_and_reference_disagrees
4810,"600311, Shanti Nagar, Unit 741, 149, Tamil Nadu","600311, Shanti Nagar",600311,2,1,0.5,61.4,ACCEPT,
4819,"482, Rosewood Layout, Unit 948, 482, 248320","482, Rosewood Layout",482,2,1,0.5,48.4,ACCEPT,
4814,"Campus 15, Laxmi Enclave, Unit 833, 297, Madhya Pradesh","Campus 15, Laxmi Enclave, Unit 833",Campus 15,3,1,0.5,49.9,ACCEPT,
4835,"Clock Tower, Vijay Nagar, Unit 317, 75, District 36","Clock Tower, Vijay Nagar",Clock Tower,2,1,0.6666666666666666,70.3,ACCEPT,
4837,"Lakshmipur, Saket Extension, Unit 363, 149, Bihar","Lakshmipur, Saket Extension, Unit 363",Lakshmipur,3,1,0.3333333333333333,42.0,REVIEW,low_plausibility_and_reference_disagrees
2664,"Rajasthan, Laxmi Enclave, Office 439, 667, 302865","Rajasthan, Laxmi Enclave",Rajasthan,2,1,0.5,64.3,ACCEPT,
2629,"District 5, Rosewood Layout, Office 743, 371, 500830","District 5, Rosewood Layout, Office 743",District 5,3,1,0.5,41.4,ACCEPT,
2627,"Post Madhopur, Saket Extension, Office 709, 297, Mumbai","Post Madhopur, Saket Extension",Post Madhopur,2,1,0.6666666666666666,66.3,REVIEW,low_plausibility_and_reference_disagrees
4830,"MG Road, Shanti Nagar, Unit 202, 889, Tamil Nadu","MG Road, Shanti Nagar",MG Road,2,1,0.6666666666666666,63.3,ACCEPT,
4829,"Lake View Homes, Rosewood Layout, Unit 179, 852, Hyderabad","Lake View Homes, Rosewood Layout, Unit 179, 852",Lake View Homes,4,1,0.5454545454545454,40.1,REVIEW,low_plausibility_and_reference_disagrees
4827,"Block D, Saket Extension, Unit 133, 778, 400328","Block D, Saket Extension",Block D,2,1,0.6666666666666666,57.8,ACCEPT,
3697,"926, Saket Extension, Plot 314, 926, Patna","926, Saket Extension, Plot 314, 926",926,4,1,0.2857142857142857,18.4,ACCEPT,
3715,"Lakshmipur, Vijay Nagar, Plot 656, 593, District 41","Lakshmipur, Vijay Nagar, Plot 656, 593",Lakshmipur,4,1,0.2857142857142857,40.4,REVIEW,low_plausibility_and_reference_disagrees
1550,"Near, Shanti Nagar, Shop 85, 408, Chennai","Near, Shanti Nagar",Near,2,1,0.5,55.1,ACCEPT,
490,"Wing C, Shanti Nagar, 178, 149, 600491","Wing C, Shanti Nagar, 178",Wing C,3,1,0.5714285714285714,44.8,ACCEPT,
489,"Building 10, Rosewood Layout, 165, 112, Telangana","Building 10, Rosewood Layout, 165",Building 10,3,1,0.5714285714285714,51.7,ACCEPT,
474,"Ring Road, Laxmi Enclave, 869, 556, Madhya Pradesh","Ring Road, Laxmi Enclave",Ring Road,2,1,0.6666666666666666,64.7,ACCEPT,
494,"Near, Laxmi Enclave, 230, 297, 462495","Near, Laxmi Enclave, 230, 297",Near,4,1,0.3333333333333333,26.1,ACCEPT,
1570,"Kalyanpur, Shanti Nagar, Shop 305, 149, Tamil Nadu","Kalyanpur, Shanti Nagar, Shop 305, 149",Kalyanpur,4,1,0.2857142857142857,37.2,REVIEW,low_plausibility_and_reference_disagrees
2620,"MG Road, Shanti Nagar, Office 590, 38, Nagpur","MG Road, Shanti Nagar",MG Road,2,1,0.6666666666666666,62.2,ACCEPT,
2619,"Lake View Road, Rosewood Layout, Office 573, 1, District 70","Lake View Road, Rosewood Layout",Lake View Road,2,1,0.75,68.3,ACCEPT,
2617,"Phase 2, Saket Extension, Office 539, 926, Bihar","Phase 2, Saket Extension",Phase 2,2,1,0.6666666666666666,58.2,ACCEPT,
2665,"226866, Vijay Nagar, Office 456, 704, District 41","226866, Vijay Nagar, Office 456, 704",226866,4,1,0.2857142857142857,33.3,ACCEPT,
2654,"Gali 15, Laxmi Enclave, Office 269, 297, District 30","Gali 15, Laxmi Enclave, Office 269, 297",Gali 15,4,1,0.4444444444444444,33.6,ACCEPT,
2649,"Block B, Rosewood Layout, Office 184, 112, 500850","Block B, Rosewood Layout, Office 184",Block B,3,1,0.5,37.4,ACCEPT,
2650,"Phase 5, Shanti Nagar, Office 201, 149, District 26","Phase 5, Shanti Nagar, Office 201",Phase 5,3,1,0.5,44.1,ACCEPT,
2669,"Campus 10, Rosewood Layout, Office 524, 852, District 45","Campus 10, Rosewood Layout, Office 524, 852",Campus 10,4,1,0.4444444444444444,35.0,ACCEPT,
460,"Business Park 11, Shanti Nagar, 687, 38, District 11","Business Park 11, Shanti Nagar",Business Park 11,2,1,0.75,71.3,REVIEW,low_plausibility_and_reference_disagrees
2647,"8th Floor, Saket Extension, Office 150, 38, Mumbai","8th Floor, Saket Extension, Office 150, 38",8th Floor,4,1,0.4444444444444444,29.2,ACCEPT,
2670,"Industrial Area 1, Shanti Nagar, Office 541, 889, Chennai","Industrial Area 1, Shanti Nagar, Office 541",Industrial Area 1,3,1,0.6,51.5,ACCEPT,
4839,"Tehsil 40, Rosewood Layout, Unit 409, 223, District 40","Tehsil 40, Rosewood Layout",Tehsil 40,2,1,0.6666666666666666,62.8,ACCEPT,
3760,"Business Park 11, Shanti Nagar, Plot 512, 260, Maharashtra","Business Park 11, Shanti Nagar",Business Park 11,2,1,0.75,73.5,REVIEW,low_plausibility_and_reference_disagrees
4847,"Campus 8, Saket Extension, Unit 593, 519, District 48","Campus 8, Saket Extension, Unit 593",Campus 8,3,1,0.5,44.8,ACCEPT,
4849,"Business Park 5, Rosewood Layout, Unit 639, 593, Telangana","Business Park 5, Rosewood Layout",Business Park 5,2,1,0.75,68.4,REVIEW,low_plausibility_and_reference_disagrees
4845,"Building 46, Vijay Nagar, Unit 547, 445, Uttar Pradesh","Building 46, Vijay Nagar",Building 46,2,1,0.6666666666666666,71.1,ACCEPT,
4844,"Near, Laxmi Enclave, Unit 524, 408, Jaipur","Near, Laxmi Enclave, Unit 524",Near,3,1,0.3333333333333333,35.0,ACCEPT,
1577,"Opposite, Saket Extension, Shop 382, 408, Patna","Opposite, Saket Extension, Shop 382",Opposite,3,1,0.3333333333333333,39.3,ACCEPT,
4840,"District 41, Shanti Nagar, Unit 432, 260, Nagpur","District 41, Shanti Nagar",District 41,2,1,0.6666666666666666,67.4,ACCEPT,
2645,"Plot 306, Vijay Nagar, Office 116, 963, 226846","Plot 306, Vijay Nagar, Office 116, 963",Plot 306,4,1,0.4444444444444444,29.7,ACCEPT,
457,"Wing B, Saket Extension, 648, 926, Patna","Wing B, Saket Extension, 648",Wing B,3,1,0.5714285714285714,40.6,ACCEPT,
3755,"Beside, Vijay Nagar, Plot 417, 75, Indore","Beside, Vijay Nagar, Plot 417",Beside,3,1,0.3333333333333333,39.6,ACCEPT,
3757,"Wing F, Saket Extension, Plot 455, 149, 800158","Wing F, Saket Extension",Wing F,2,1,0.6666666666666666,55.9,ACCEPT,
3759,"Industrial Area 10, Rosewood Layout, Plot 493, 223, Dehradun","Industrial Area 10, Rosewood Layout",Industrial Area 10,2,1,0.75,70.1,ACCEPT,
484,"District 35, Laxmi Enclave, 999, 926, Jaipur","District 35, Laxmi Enclave, 999, 926",District 35,4,1,0.5,37.0,ACCEPT,
485,"Lucknow, Vijay Nagar, 113, 963, Uttar Pradesh","Lucknow, Vijay Nagar",Lucknow,2,1,0.5,64.1,REVIEW,low_plausibility_and_reference_disagrees
4850,"Near, Shanti Nagar, Unit 662, 630, 600351","Near, Shanti Nagar, Unit 662",Near,3,1,0.3333333333333333,35.8,ACCEPT,
1560,"Block A, Shanti Nagar, Shop 195, 778, 440661","Block A, Shanti Nagar, Shop 195",Block A,3,1,0.5,41.5,ACCEPT,
1564,"Ring Road, Laxmi Enclave, Shop 239, 926, 302665","Ring Road, Laxmi Enclave",Ring Road,2,1,0.6666666666666666,63.6,ACCEPT,
1584,"Opposite, Laxmi Enclave, Shop 459, 667, District 10","Opposite, Laxmi Enclave, Shop 459",Opposite,3,1,0.3333333333333333,46.5,ACCEPT,
1565,"Gali 6, Vijay Nagar, Shop 250, 963, District 66","Gali 6, Vijay Nagar, Shop 250",Gali 6,3,1,0.5,45.0,ACCEPT,
1575,"Madhya Pradesh, Vijay Nagar, Shop 360, 334, 452676","Madhya Pradesh, Vijay Nagar, Shop 360, 334",Madhya Pradesh,4,1,0.4444444444444444,37.7,REVIEW,low_plausibility_and_reference_disagrees
2615,"Tower H, Vijay Nagar, Office 505, 852, District 66","Tower H, Vijay Nagar, Office 505, 852",Tower H,4,1,0.4444444444444444,34.9,ACCEPT,
2644,"Office 998, Laxmi Enclave, Office 998, 926, Rajasthan","Office 998, Laxmi Enclave, Office 998",Office 998,3,1,0.5,45.8,ACCEPT,
459,"Industrial Area 10, Rosewood Layout, 674, 1, 248460","Industrial Area 10, Rosewood Layout",Industrial Area 10,2,1,0.75,65.3,ACCEPT,
455,"Beside, Vijay Nagar, 622, 852, 452456","Beside, Vijay Nagar",Beside,2,1,0.5,59.1,ACCEPT,
1574,"Bhopal, Laxmi Enclave, Shop 349, 297, Madhya Pradesh","Bhopal, Laxmi Enclave, Shop 349",Bhopal,3,1,0.3333333333333333,45.2,ACCEPT,
1569,"Main Bazaar, Rosewood Layout, Shop 294, 112, Hyderabad","Main Bazaar, Rosewood Layout, Shop 294",Main Bazaar,3,1,0.5,47.0,ACCEPT,
1544,"Near, Laxmi Enclave, Shop 19, 186, 302645","Near, Laxmi Enclave, Shop 19, 186",Near,4,1,0.2857142857142857,23.6,ACCEPT,
1567,"Sector 83, Saket Extension, Shop 272, 38, 400668","Sector 83, Saket Extension",Sector 83,2,1,0.6666666666666666,60.5,REVIEW,low_plausibility_and_reference_disagrees
1557,"Unit 847, Saket Extension, Shop 162, 667, District 58","Unit 847, Saket Extension, Shop 162",Unit 847,3,1,0.5,44.8,ACCEPT,
3740,"Sunrise Towers, Shanti Nagar, Plot 132, 519, Nagpur","Sunrise Towers, Shanti Nagar, Plot 132, 519",Sunrise Towers,4,1,0.4444444444444444,37.0,ACCEPT,
3739,"Phase 2, Rosewood Layout, Plot 113, 482, District 65","Phase 2, Rosewood Layout, Plot 113, 482",Phase 2,4,1,0.4444444444444444,33.6,ACCEPT,
3737,"Tower B, Saket Extension, Plot 75, 408, Bihar","Tower B, Saket Extension, Plot 75",Tower B,3,1,0.5,38.7,ACCEPT,
3735,"Unit 991, Vijay Nagar, Plot 37, 334, District 61","Unit 991, Vijay Nagar, Plot 37",Unit 991,3,1,0.5,49.3,ACCEPT,
3734,"Plot 18, Laxmi Enclave, Plot 18, 297, 462135","Plot 18, Laxmi Enclave",Plot 18,2,1,0.6666666666666666,60.0,ACCEPT,
1525,"6th Floor, Vijay Nagar, Shop 309, 482, 226626","6th Floor, Vijay Nagar",6th Floor,2,1,0.6666666666666666,66.5,ACCEPT,
2624,"Central Mall, Laxmi Enclave, Office 658, 186, Rajasthan","Central Mall, Laxmi Enclave",Central Mall,2,1,0.6666666666666666,68.9,REVIEW,low_plausibility_and_reference_disagrees
3717,"Tehsil 18, Saket Extension, Plot 694, 667, Bihar","Tehsil 18, Saket Extension",Tehsil 18,2,1,0.6666666666666666,60.5,ACCEPT,
1554,"Shop 129, Laxmi Enclave, Shop 129, 556, Bhopal","Shop 129, Laxmi Enclave, Shop 129",Shop 129,3,1,0.5,42.1,ACCEPT,
479,"City Library, Rosewood Layout, 934, 741, District 30","City Library, Rosewood Layout",City Library,2,1,0.6666666666666666,64.5,REVIEW,low_plausibility_and_reference_disagrees
477,"Saket Extension, Saket Extension, 908, 667, Patna","Saket Extension, Saket Extension",Saket Extension,2,1,0.6666666666666666,63.9,REVIEW,low_plausibility_and_reference_disagrees
1545,"Building 26, Vijay Nagar, Shop 30, 223, District 46","Building 26, Vijay Nagar, Shop 30, 223",Building 26,4,1,0.4444444444444444,42.3,ACCEPT,
495,"Opposite, Vijay Nagar, 243, 334, District 46","Opposite, Vijay Nagar, 243",Opposite,3,1,0.4,53.7,ACCEPT,
487,"400488, Saket Extension, 139, 38, District 38","400488, Saket Extension, 139",400488,3,1,0.4,45.2,ACCEPT,
1579,"Wing D, Rosewood Layout, Shop 404, 482, 248680","Wing D, Rosewood Layout, Shop 404, 482",Wing D,4,1,0.4444444444444444,25.5,ACCEPT,
3747,"New Market, Saket Extension, Plot 265, 778, Mumbai","New Market, Saket Extension, Plot 265",New Market,3,1,0.5,43.0,ACCEPT,
3745,"Sector 83, Vijay Nagar, Plot 227, 704, 226146","Sector 83, Vijay Nagar, Plot 227, 704",Sector 83,4,1,0.4444444444444444,32.3,REVIEW,low_plausibility_and_reference_disagrees
1580,"Campus 1, Shanti Nagar, Shop 415, 519, District 6","Campus 1, Shanti Nagar, Shop 415, 519",Campus 1,4,1,0.4444444444444444,35.9,ACCEPT,
3700,"Office 970, Shanti Nagar, Plot 371, 38, District 26","Office 970, Shanti Nagar, Plot 371",Office 970,3,1,0.5,49.3,ACCEPT,
3730,"149, Shanti Nagar, Plot 941, 149, 600131","149, Shanti Nagar",149,2,1,0.5,52.0,ACCEPT,
3727,"Business Park 8, Saket Extension, Plot 884, 38, District 53","Business Park 8, Saket Extension, Plot 884, 38",Business Park 8,4,1,0.5454545454545454,43.1,REVIEW,low_plausibility_and_reference_disagrees
3749,"Post Madhopur, Rosewood Layout, Plot 303, 852, 500150","Post Madhopur, Rosewood Layout, Plot 303",Post Madhopur,3,1,0.5,46.3,REVIEW,low_plausibility_and_reference_disagrees
3720,"Maharashtra, Shanti Nagar, Plot 751, 778, Nagpur","Maharashtra, Shanti Nagar, Plot 751, 778",Maharashtra,4,1,0.2857142857142857,34.0,REVIEW,low_plausibility_and_reference_disagrees
3719,"Dehradun, Rosewood Layout, Plot 732, 741, District 45","Dehradun, Rosewood Layout, Plot 732",Dehradun,3,1,0.3333333333333333,44.8,REVIEW,low_plausibility_and_reference_disagrees
3725,"Campus 6, Vijay Nagar, Plot 846, 963, Uttar Pradesh","Campus 6, Vijay Nagar, Plot 846",Campus 6,3,1,0.5,49.7,ACCEPT,
3724,"Wing E, Laxmi Enclave, Plot 827, 926, Jaipur","Wing E, Laxmi Enclave",Wing E,2,1,0.6666666666666666,58.5,ACCEPT,
3729,"Opposite, Rosewood Layout, Plot 922, 112, Telangana","Opposite, Rosewood Layout, Plot 922",Opposite,3,1,0.3333333333333333,43.2,ACCEPT,
1540,"District 41, Shanti Nagar, Shop 474, 38, 440641","District 41, Shanti Nagar, Shop 474",District 41,3,1,0.5,45.8,ACCEPT,
3705,"Block B, Vijay Nagar, Plot 466, 223, Lucknow","Block B, Vijay Nagar",Block B,2,1,0.6666666666666666,63.7,ACCEPT,
3709,"Lake View Road, Rosewood Layout, Plot 542, 371, Hyderabad","Lake View Road, Rosewood Layout, Plot 542",Lake View Road,3,1,0.6,50.0,ACCEPT,
4818,"Opposite, Krishna Colony, Unit 925, 445, Odisha","Opposite, Krishna Colony",Opposite,2,1,0.5,60.8,ACCEPT,
4808,"Bengaluru, Krishna Colony, Unit 695, 75, District 9","Bengaluru, Krishna Colony, Unit 695, 75",Bengaluru,4,1,0.2857142857142857,36.5,REVIEW,low_plausibility_and_reference_disagrees
438,"Block G, Krishna Colony, 401, 223, Bhubaneswar","Block G, Krishna Colony, 401, 223",Block G,4,1,0.5,37.8,ACCEPT,
4798,"Airport Road, Krishna Colony, Unit 465, 704, Bhubaneswar","Airport Road, Krishna Colony",Airport Road,2,1,0.6666666666666666,67.6,ACCEPT,
4788,"Shop 274, Krishna Colony, Unit 235, 334, 560289","Shop 274, Krishna Colony, Unit 235",Shop 274,3,1,0.5,41.3,ACCEPT,
1538,"Post Shivpur, Krishna Colony, Shop 452, 963, Bhubaneswar","Post Shivpur, Krishna Colony, Shop 452",Post Shivpur,3,1,0.5,50.5,REVIEW,low_plausibility_and_reference_disagrees
468,"Unit 775, Krishna Colony, 791, 334, District 19","Unit 775, Krishna Colony, 791",Unit 775,3,1,0.5714285714285714,50.3,ACCEPT,
1528,"Phase 5, Krishna Colony, Shop 342, 593, Karnataka","Phase 5, Krishna Colony",Phase 5,2,1,0.6666666666666666,60.3,ACCEPT,
3698,"528, Krishna Colony, Plot 333, 963, Odisha","528, Krishna Colony",528,2,1,0.5,49.6,ACCEPT,
2638,"Business Park 14, Krishna Colony, Office 896, 704, District 14","Business Park 14, Krishna Colony, Office 896",Business Park 14,3,1,0.6,52.4,REVIEW,low_plausibility_and_reference_disagrees
2628,"Tehsil 29, Krishna Colony, Office 726, 334, Karnataka","Tehsil 29, Krishna Colony, Office 726",Tehsil 29,3,1,0.5,43.8,ACCEPT,
4828,"Phase 5, Krishna Colony, Unit 156, 815, District 29","Phase 5, Krishna Colony, Unit 156",Phase 5,3,1,0.5,44.1,ACCEPT,
2608,"593, Krishna Colony, Office 386, 593, Bengaluru","593, Krishna Colony, Office 386",593,3,1,0.3333333333333333,33.3,ACCEPT,
2668,"Wing E, Krishna Colony, Office 507, 815, 560869","Wing E, Krishna Colony, Office 507",Wing E,3,1,0.5,36.5,ACCEPT,
2648,"Tower A, Krishna Colony, Office 167, 75, Karnataka","Tower A, Krishna Colony",Tower A,2,1,0.6666666666666666,60.6,ACCEPT,
458,"Campus 19, Krishna Colony, 661, 963, Odisha","Campus 19, Krishna Colony, 661",Campus 19,3,1,0.5714285714285714,47.5,ACCEPT,
3758,"Campus 19, Krishna Colony, Plot 474, 186, District 9","Campus 19, Krishna Colony, Plot 474",Campus 19,3,1,0.5,46.2,ACCEPT,
4848,"Industrial Area 4, Krishna Colony, Unit 616, 556, Bengaluru","Industrial Area 4, Krishna Colony, Unit 616, 556",Industrial Area 4,4,1,0.5454545454545454,42.3,ACCEPT,
1578,"Building 59, Krishna Colony, Shop 393, 445, Odisha","Building 59, Krishna Colony, Shop 393",Building 59,3,1,0.5,45.1,ACCEPT,
4838,"Post Shivpur, Krishna Colony, Unit 386, 186, 751339","Post Shivpur, Krishna Colony, Unit 386, 186",Post Shivpur,4,1,0.4444444444444444,33.7,REVIEW,low_plausibility_and_reference_disagrees
2618,"Shivam Apartments, Krishna Colony, Office 556, 963, 751819","Shivam Apartments, Krishna Colony, Office 556",Shivam Apartments,3,1,0.5,48.8,ACCEPT,
1568,"Central Mall, Krishna Colony, Shop 283, 75, District 69","Central Mall, Krishna Colony, Shop 283, 75",Central Mall,4,1,0.4444444444444444,41.1,ACCEPT,
3738,"Block C, Krishna Colony, Plot 94, 445, 751139","Block C, Krishna Colony",Block C,2,1,0.6666666666666666,58.6,ACCEPT,
3718,"District 44, Krishna Colony, Plot 713, 704, 751119","District 44, Krishna Colony, Plot 713",District 44,3,1,0.5,45.1,ACCEPT,
3748,"Kalyanpur, Krishna Colony, Plot 284, 815, Karnataka","Kalyanpur, Krishna Colony, Plot 284, 815",Kalyanpur,4,1,0.2857142857142857,34.6,REVIEW,low_plausibility_and_reference_disagrees
1558,"19th Floor, Krishna Colony, Shop 173, 704, Bhubaneswar","19th Floor, Krishna Colony, Shop 173",19th Floor,3,1,0.5,48.3,ACCEPT,
478,"Sector 83, Krishna Colony, 921, 704, 751479","Sector 83, Krishna Colony",Sector 83,2,1,0.6666666666666666,59.7,REVIEW,low_plausibility_and_reference_disagrees
3708,"Airport Road, Krishna Colony, Plot 523, 334, District 34","Airport Road, Krishna Colony, Plot 523, 334",Airport Road,4,1,0.4444444444444444,40.3,ACCEPT,
1548,"Industrial Area 4, Krishna Colony, Shop 63, 334, 560649","Industrial Area 4, Krishna Colony, Shop 63",Industrial Area 4,3,1,0.6,51.4,ACCEPT,
